sim_id,variant,group4_score,group4_sockless_days,others_score,household_total_spent,budget_exhausted_on_day
79621,no_voluntary_discards,47397.29723765432,2603.5,,1500.0,944
79622,no_voluntary_discards,47344.59511574074,2600.6111111111113,,1500.0,916
79623,no_voluntary_discards,47359.990324074075,2601.4444444444443,,1500.0,943
79624,no_voluntary_discards,44725.84320216049,2456.75,,1500.0,999
79626,no_voluntary_discards,44748.50571759259,2458.0,,1500.0,995
79625,no_voluntary_discards,44677.22972993827,2454.0833333333335,,1500.0,1001
79627,no_voluntary_discards,39350.73698302469,2161.5,,1500.0,1097
79628,no_voluntary_discards,39336.050123456786,2160.6944444444443,,1500.0,1092
79765,no_voluntary_discards,46739.37089506173,2567.4444444444443,,1500.0,952
79629,no_voluntary_discards,39383.99594907407,2163.3333333333335,,1500.0,1078
79766,no_voluntary_discards,46725.02138117284,2566.6388888888887,,1500.0,965
79767,no_voluntary_discards,46767.87731481481,2569.0,,1500.0,936
79630,no_voluntary_discards,23204.652067901232,1274.5833333333333,,1500.0,1413
79768,no_voluntary_discards,43434.23513117284,2385.8611111111113,,1500.0,1047
79631,no_voluntary_discards,23246.595416666663,1276.888888888889,,1500.0,1406
79769,no_voluntary_discards,43422.57460648148,2385.222222222222,,1500.0,1054
79770,no_voluntary_discards,43438.68574845679,2386.1111111111113,,1500.0,1055
79632,no_voluntary_discards,23250.225478395063,1277.0833333333333,,1500.0,1404
76741,no_voluntary_discards,31781.392731481483,1745.5555555555557,,1500.0,1782
76742,no_voluntary_discards,31623.004614197533,1736.8333333333333,,1500.0,1806
79772,no_voluntary_discards,36845.889945987656,2023.9722222222222,,1500.0,1249
79771,no_voluntary_discards,36897.06478395061,2026.7777777777778,,1500.0,1242
76743,no_voluntary_discards,31673.53337962963,1739.611111111111,,1500.0,1788
76744,no_voluntary_discards,28854.119305555556,1584.7222222222222,,1500.0,1857
76745,no_voluntary_discards,28780.989398148147,1580.7222222222222,,1500.0,1856
79773,no_voluntary_discards,36845.37737654321,2023.9444444444443,,1500.0,1249
76746,no_voluntary_discards,28858.825802469135,1585.0,,1500.0,1854
76747,no_voluntary_discards,23024.0774845679,1264.5,,1500.0,2003
76748,no_voluntary_discards,23008.96462962963,1263.6666666666667,,1500.0,1987
76749,no_voluntary_discards,23028.925123456793,1264.7777777777778,,1500.0,2002
76885,no_voluntary_discards,30946.221450617286,1699.8333333333333,,1500.0,1838
76886,no_voluntary_discards,30961.398472222223,1700.6666666666667,,1500.0,1838
76750,no_voluntary_discards,5551.509938271604,304.72222222222223,,1500.0,2600
76751,no_voluntary_discards,5655.564583333334,310.44444444444446,,1500.0,2611
76887,no_voluntary_discards,31044.141111111112,1705.2222222222222,,1500.0,1825
79774,no_voluntary_discards,17066.366319444445,937.4722222222222,,1500.0,1761
76752,no_voluntary_discards,5712.242299382717,313.55555555555554,,1500.0,2620
76888,no_voluntary_discards,27455.73222222222,1508.0555555555557,,1500.0,1917
79775,no_voluntary_discards,17009.705300925925,934.3611111111111,,1500.0,1759
79776,no_voluntary_discards,17172.02847993827,943.2777777777778,,1500.0,1762
76889,no_voluntary_discards,27433.974182098766,1506.888888888889,,1500.0,1895
76890,no_voluntary_discards,27406.73700617284,1505.388888888889,,1500.0,1899
79597,no_voluntary_discards,39582.104922839506,1087.0833333333333,,1000.0,657
79598,no_voluntary_discards,39570.559290123456,1086.7777777777778,,1000.0,656
79599,no_voluntary_discards,39507.34537037037,1085.0277777777778,,1000.0,656
76891,no_voluntary_discards,20227.11435185185,1111.0,,1500.0,2123
79600,no_voluntary_discards,29258.59447530864,803.5,,1500.0,944
79601,no_voluntary_discards,29153.190231481483,800.6111111111111,,1500.0,916
76892,no_voluntary_discards,20206.611080246912,1109.888888888889,,1500.0,2117
79603,no_voluntary_discards,34226.71683641975,940.0,,1000.0,716
76893,no_voluntary_discards,20416.054320987652,1121.388888888889,,1500.0,2107
79602,no_voluntary_discards,29183.980648148146,801.4444444444445,,1500.0,943
79605,no_voluntary_discards,34225.672314814816,939.9722222222222,,1000.0,723
79604,no_voluntary_discards,34128.56805555555,937.3055555555555,,1000.0,724
76896,no_voluntary_discards,0.734104938271605,0.0,,1500.0,2333
79606,no_voluntary_discards,23915.686404320986,656.75,,1500.0,999
76894,no_voluntary_discards,0.8708641975308642,0.0,,1500.0,2440
79607,no_voluntary_discards,23818.459459876543,654.0833333333334,,1500.0,1001
76895,no_voluntary_discards,0.7843364197530864,0.0,,1500.0,2390
79608,no_voluntary_discards,23961.011435185184,658.0,,1500.0,995
79609,no_voluntary_discards,23375.181975308642,641.9444444444445,,1000.0,959
79610,no_voluntary_discards,23493.46300925926,645.1944444444445,,1000.0,960
79611,no_voluntary_discards,23417.446558641976,643.1111111111111,,1000.0,970
79612,no_voluntary_discards,13165.473966049383,361.5,,1500.0,1097
79613,no_voluntary_discards,13136.10024691358,360.69444444444446,,1500.0,1092
79614,no_voluntary_discards,13231.991898148148,363.3333333333333,,1500.0,1078
79741,no_voluntary_discards,38265.34146604939,1050.9722222222222,,1000.0,697
79742,no_voluntary_discards,38280.93908950617,1051.388888888889,,1000.0,651
79743,no_voluntary_discards,38320.10895061729,1052.4722222222222,,1000.0,673
79615,no_voluntary_discards,2.0283333333333333,0.0,,1000.0,1346
79617,no_voluntary_discards,2.0579166666666664,0.0,,1000.0,1336
79616,no_voluntary_discards,1.9563734567901234,0.0,,1000.0,1348
79619,no_voluntary_discards,1.8953703703703704,0.0,,1500.0,1406
79618,no_voluntary_discards,1.9560493827160492,0.0,,1500.0,1413
79620,no_voluntary_discards,2.06516975308642,0.0,,1500.0,1404
79744,no_voluntary_discards,27942.74179012346,767.4444444444445,,1500.0,952
79743,submitted,40023.02483024691,1099.25,,1000.0,590
79745,no_voluntary_discards,27914.042762345678,766.6388888888889,,1500.0,965
79747,no_voluntary_discards,31677.818888888887,870.0277777777778,,1000.0,778
79749,no_voluntary_discards,31696.988086419755,870.5555555555555,,1000.0,781
79746,no_voluntary_discards,27999.754629629628,769.0,,1500.0,936
79748,no_voluntary_discards,31550.443827160492,866.5277777777778,,1000.0,800
79750,no_voluntary_discards,21332.47026234568,585.8611111111111,,1500.0,1047
79752,no_voluntary_discards,21341.37149691358,586.1111111111111,,1500.0,1055
79751,no_voluntary_discards,21309.149212962962,585.2222222222222,,1500.0,1054
79753,no_voluntary_discards,18511.331435185184,508.4166666666667,,1000.0,805
79754,no_voluntary_discards,18485.011157407407,507.69444444444446,,1000.0,785
79755,no_voluntary_discards,18478.94526234568,507.52777777777777,,1000.0,786
79573,no_voluntary_discards,39390.68474794239,649.1111111111111,,500.0,361
79574,no_voluntary_discards,39334.774305555555,648.1944444444445,,500.0,374
79756,no_voluntary_discards,8258.129567901235,226.77777777777777,,1500.0,1242
79575,no_voluntary_discards,39346.86746399177,648.3888888888889,,500.0,366
79757,no_voluntary_discards,8155.779891975308,223.97222222222223,,1500.0,1249
79758,no_voluntary_discards,8154.75475308642,223.94444444444446,,1500.0,1249
79576,no_voluntary_discards,22279.508204732512,367.0833333333333,,1000.0,657
79577,no_voluntary_discards,22260.265483539097,366.77777777777777,,1000.0,656
79759,no_voluntary_discards,0.01719135802469136,0.0,,1000.0,1728
79581,no_voluntary_discards,30519.540972222225,502.9166666666667,,500.0,493
79579,no_voluntary_discards,30544.74297839506,503.3333333333333,,500.0,492
79580,no_voluntary_discards,30409.898919753083,501.1111111111111,,500.0,498
79578,no_voluntary_discards,22154.908950617286,365.02777777777777,,1000.0,656
79761,no_voluntary_discards,0.018271604938271607,0.0,,1000.0,1730
79762,no_voluntary_discards,0.018549382716049383,0.0,,1500.0,1761
79760,no_voluntary_discards,0.02273148148148148,0.0,,1000.0,1727
79582,no_voluntary_discards,13353.861394032921,220.0,,1000.0,716
79583,no_voluntary_discards,13190.280092592591,217.30555555555554,,1000.0,724
79763,no_voluntary_discards,0.017006172839506173,0.0,,1500.0,1759
79584,no_voluntary_discards,13352.120524691358,219.97222222222223,,1000.0,723
79764,no_voluntary_discards,0.015308641975308642,0.0,,1500.0,1762
79585,no_voluntary_discards,12507.349099794239,206.08333333333334,,500.0,551
79587,no_voluntary_discards,12665.503832304526,208.69444444444446,,500.0,552
79586,no_voluntary_discards,12606.583513374486,207.72222222222223,,500.0,549
79591,no_voluntary_discards,0.19619341563786008,0.0,,0.0,
79589,no_voluntary_discards,3.8317386831275724,0.0,,1000.0,960
79588,no_voluntary_discards,3.8626286008230455,0.0,,1000.0,959
79590,no_voluntary_discards,3.5127314814814814,0.0,,1000.0,970
79592,no_voluntary_discards,0.21854423868312758,0.0,,0.0,
79593,no_voluntary_discards,0.2508230452674897,0.0,,0.0,
79717,no_voluntary_discards,37336.451208847735,615.2777777777778,,500.0,361
79718,no_voluntary_discards,37240.596759259264,613.6944444444445,,500.0,378
79719,no_voluntary_discards,37420.81646090535,616.6666666666666,,500.0,401
79594,no_voluntary_discards,0.19619341563786008,0.0,,0.0,
79595,no_voluntary_discards,0.21854423868312758,0.0,,0.0,
79720,no_voluntary_discards,20084.902443415638,330.97222222222223,,1000.0,697
79596,no_voluntary_discards,0.2508230452674897,0.0,,0.0,
79723,no_voluntary_discards,26219.874074074076,432.0833333333333,,500.0,397
79725,no_voluntary_discards,26364.87448559671,434.47222222222223,,500.0,399
79724,no_voluntary_discards,26229.988528806585,432.25,,500.0,407
79722,no_voluntary_discards,20176.18158436214,332.47222222222223,,1000.0,673
79721,no_voluntary_discards,20110.89848251029,331.3888888888889,,1000.0,651
79727,no_voluntary_discards,8925.386779835391,147.05555555555554,,1000.0,800
79726,no_voluntary_discards,9107.38130144033,150.05555555555554,,1000.0,778
79728,no_voluntary_discards,9139.330735596708,150.58333333333334,,1000.0,781
79729,no_voluntary_discards,4687.77008744856,77.25,,500.0,699
79731,no_voluntary_discards,4445.010082304527,73.25,,500.0,703
79730,no_voluntary_discards,4387.698276748972,72.30555555555556,,500.0,700
79732,no_voluntary_discards,0.2382201646090535,0.0,,1000.0,805
79733,no_voluntary_discards,0.19578189300411522,0.0,,1000.0,785
79734,no_voluntary_discards,0.2238940329218107,0.0,,1000.0,786
79735,no_voluntary_discards,0.0,0.0,,0.0,
79736,no_voluntary_discards,0.0,0.0,,0.0,
79737,no_voluntary_discards,0.0,0.0,,0.0,
79738,no_voluntary_discards,0.0,0.0,,0.0,
53125,no_voluntary_discards,595.0512962962963,32.22222222222222,,1500.0,3520
53126,no_voluntary_discards,515.4178086419753,27.77777777777778,,1500.0,3488
53127,no_voluntary_discards,532.8029012345679,28.77777777777778,,1500.0,3517
53128,no_voluntary_discards,10.442932098765432,0.0,,1500.0,
79739,no_voluntary_discards,0.0,0.0,,0.0,
79740,no_voluntary_discards,0.0,0.0,,0.0,
53129,no_voluntary_discards,10.481851851851852,0.0,,1500.0,3596
53130,no_voluntary_discards,10.169382716049382,0.0,,1500.0,3590
53131,no_voluntary_discards,9.313456790123457,0.0,,1430.0,
53132,no_voluntary_discards,8.152407407407408,0.0,,1420.0,
53134,no_voluntary_discards,4.467283950617284,0.0,,1230.0,
53133,no_voluntary_discards,8.758395061728395,0.0,,1410.0,
53135,no_voluntary_discards,4.7380864197530865,0.0,,1230.0,
53136,no_voluntary_discards,5.089969135802469,0.0,,1230.0,
53269,no_voluntary_discards,81.84262345679014,4.333333333333333,,1500.0,3570
53270,no_voluntary_discards,61.27608024691358,3.2222222222222223,,1500.0,3504
53271,no_voluntary_discards,130.6309259259259,7.0,,1500.0,3536
53272,no_voluntary_discards,3.3790123456790124,0.0,,1460.0,
53273,no_voluntary_discards,4.052006172839507,0.0,,1470.0,
53274,no_voluntary_discards,4.094938271604938,0.0,,1480.0,
53275,no_voluntary_discards,3.5412037037037036,0.0,,1360.0,
53277,no_voluntary_discards,3.3792283950617286,0.0,,1370.0,
53276,no_voluntary_discards,3.1412654320987654,0.0,,1370.0,
53278,no_voluntary_discards,0.551604938271605,0.0,,950.0,
53279,no_voluntary_discards,0.5512345679012346,0.0,,950.0,
53280,no_voluntary_discards,0.5968518518518517,0.0,,970.0,
55717,no_voluntary_discards,773.3713888888889,42.0,730.0471180555555,1500.0,3475
55718,no_voluntary_discards,665.4913888888889,36.0,620.0316319444445,1500.0,3477
55719,no_voluntary_discards,864.6186111111111,47.0,739.6340625,1500.0,3505
55720,no_voluntary_discards,9.753055555555555,0.0,9.672777777777778,1500.0,3571
55721,no_voluntary_discards,9.800555555555556,0.0,9.863923611111112,1500.0,3531
55722,no_voluntary_discards,9.776111111111112,0.0,9.611875,1500.0,3573
55723,no_voluntary_discards,7.686944444444444,0.0,7.921145833333333,1500.0,3594
55724,no_voluntary_discards,7.751111111111111,0.0,7.653159722222222,1500.0,
55726,no_voluntary_discards,1.743611111111111,0.0,1.7852083333333333,1500.0,
55725,no_voluntary_discards,7.918333333333333,0.0,7.712881944444444,1500.0,3596
55728,no_voluntary_discards,1.7427777777777778,0.0,1.8762152777777779,1500.0,
55727,no_voluntary_discards,1.7561111111111112,0.0,1.7398958333333334,1500.0,
55861,no_voluntary_discards,239.71055555555554,13.0,253.42604166666666,1500.0,3567
58021,no_voluntary_discards,537.1872222222222,29.0,489.48854166666666,1500.0,3521
55862,no_voluntary_discards,275.80333333333334,15.0,239.4660763888889,1500.0,3512
58022,no_voluntary_discards,483.19138888888887,26.0,424.1064930555556,1500.0,3517
55863,no_voluntary_discards,221.85472222222222,12.0,230.8139236111111,1500.0,3505
55867,no_voluntary_discards,2.527222222222222,0.0,2.476701388888889,1500.0,
55865,no_voluntary_discards,3.128888888888889,0.0,3.094375,1500.0,
55868,no_voluntary_discards,2.5094444444444446,0.0,2.3396875,1500.0,3578
55866,no_voluntary_discards,3.9427777777777777,0.0,3.9122569444444446,1500.0,3593
55864,no_voluntary_discards,3.5477777777777777,0.0,3.455486111111111,1500.0,3588
55869,no_voluntary_discards,2.356388888888889,0.0,2.198472222222222,1500.0,
55870,no_voluntary_discards,0.07444444444444444,0.0,0.070625,1500.0,
55871,no_voluntary_discards,0.06222222222222222,0.0,0.06940972222222222,1500.0,
55872,no_voluntary_discards,0.08277777777777778,0.0,0.07809027777777777,1500.0,
58023,no_voluntary_discards,354.1525,19.0,333.59767361111113,1500.0,3513
58024,no_voluntary_discards,10.165,0.0,10.415868055555556,1500.0,3579
58025,no_voluntary_discards,9.450833333333334,0.0,9.571284722222222,1500.0,3592
58026,no_voluntary_discards,10.740833333333333,0.0,10.289618055555556,1500.0,3576
58027,no_voluntary_discards,6.9494444444444445,0.0,7.097361111111111,1500.0,
58029,no_voluntary_discards,6.808888888888889,0.0,6.9740625,1500.0,
58028,no_voluntary_discards,7.423611111111111,0.0,7.322048611111111,1500.0,
58165,no_voluntary_discards,184.68277777777777,10.0,127.90288194444445,1500.0,3572
58166,no_voluntary_discards,57.58305555555555,3.0,28.050069444444446,1500.0,3502
58032,no_voluntary_discards,1.301388888888889,0.0,1.3593055555555555,1430.0,
58031,no_voluntary_discards,1.4016666666666666,0.0,1.4614236111111112,1430.0,
58030,no_voluntary_discards,0.7727777777777778,0.0,0.7575347222222222,1430.0,
58167,no_voluntary_discards,312.2583333333333,17.0,153.0886111111111,1500.0,3544
58168,no_voluntary_discards,4.428055555555556,0.0,4.258229166666666,1490.0,
58169,no_voluntary_discards,4.4927777777777775,0.0,4.2934375,1500.0,
58170,no_voluntary_discards,4.7363888888888885,0.0,4.652395833333333,1490.0,
58171,no_voluntary_discards,3.6525,0.0,3.596597222222222,1410.0,
58172,no_voluntary_discards,3.582777777777778,0.0,3.546736111111111,1380.0,
58173,no_voluntary_discards,3.2447222222222223,0.0,3.471423611111111,1410.0,
58174,no_voluntary_discards,0.7152777777777778,0.0,0.7202083333333333,1090.0,
58175,no_voluntary_discards,0.6063888888888889,0.0,0.6804861111111111,1060.0,
58176,no_voluntary_discards,0.7575,0.0,0.7837847222222222,1090.0,
76885,submitted,32157.631388888887,1766.388888888889,,1500.0,1736
60326,no_voluntary_discards,465.1736111111111,25.0,449.12892361111113,1500.0,3503
60327,no_voluntary_discards,536.855,29.0,534.8075694444444,1500.0,3496
60325,no_voluntary_discards,627.7713888888889,34.0,491.199375,1500.0,3516
60328,no_voluntary_discards,9.604166666666666,0.0,9.438888888888888,1500.0,3486
60329,no_voluntary_discards,9.549444444444445,0.0,9.486041666666667,1500.0,3502
60330,no_voluntary_discards,9.059444444444445,0.0,9.372187499999999,1500.0,3517
60331,no_voluntary_discards,4.1194444444444445,0.0,4.233958333333334,1500.0,3512
60332,no_voluntary_discards,4.324722222222222,0.0,4.2917708333333335,1500.0,3506
60333,no_voluntary_discards,3.9283333333333332,0.0,3.882534722222222,1500.0,3508
60469,no_voluntary_discards,111.63361111111111,6.0,125.11270833333333,1500.0,3537
60470,no_voluntary_discards,204.63944444444445,11.0,125.00774305555555,1500.0,3559
60334,no_voluntary_discards,0.7472222222222222,0.0,0.7968055555555555,1210.0,
60471,no_voluntary_discards,94.75277777777778,5.0,135.56583333333333,1500.0,3537
60335,no_voluntary_discards,0.8391666666666666,0.0,0.8593055555555555,1200.0,
60336,no_voluntary_discards,0.7644444444444445,0.0,0.8264930555555555,1190.0,
60473,no_voluntary_discards,1.3030555555555556,0.0,1.3216666666666668,1500.0,3541
60472,no_voluntary_discards,1.333888888888889,0.0,1.3415277777777779,1500.0,3551
60474,no_voluntary_discards,1.0644444444444445,0.0,1.045451388888889,1500.0,3548
60475,no_voluntary_discards,0.0022222222222222222,0.0,0.00795138888888889,1380.0,
60476,no_voluntary_discards,0.0,0.0,0.002638888888888889,1370.0,
60477,no_voluntary_discards,0.0,0.0,0.003680555555555556,1380.0,
60478,no_voluntary_discards,0.0,0.0,0.0015972222222222223,990.0,
60479,no_voluntary_discards,0.0022222222222222222,0.0,0.0006944444444444445,990.0,
60480,no_voluntary_discards,0.0,0.0,0.0020833333333333333,990.0,
62638,no_voluntary_discards,2.107222222222222,0.0,1.881701388888889,1440.0,
62640,no_voluntary_discards,1.8175,0.0,1.797013888888889,1450.0,
62639,no_voluntary_discards,1.968888888888889,0.0,1.837951388888889,1440.0,
62635,no_voluntary_discards,3.792222222222222,0.0,3.8531944444444446,1500.0,3568
62637,no_voluntary_discards,4.197222222222222,0.0,4.012534722222222,1500.0,3511
62636,no_voluntary_discards,4.047777777777778,0.0,3.921388888888889,1500.0,3554
62633,no_voluntary_discards,7.0072222222222225,0.0,7.204513888888889,1500.0,3523
62632,no_voluntary_discards,7.953611111111111,0.0,7.862916666666667,1500.0,3492
62634,no_voluntary_discards,7.775833333333333,0.0,7.6911805555555555,1500.0,3517
62629,no_voluntary_discards,1356.026388888889,74.0,1349.5318750000001,1500.0,3492
62630,no_voluntary_discards,1173.0333333333333,64.0,1289.6230555555555,1500.0,3474
64069,no_voluntary_discards,554.6139583333334,30.0,572.7236111111112,1500.0,3510
62631,no_voluntary_discards,900.2069444444444,49.0,859.6953819444444,1500.0,3465
64070,no_voluntary_discards,589.2894791666666,31.875,555.0575,1500.0,3521
64071,no_voluntary_discards,467.00899305555555,25.125,537.3683333333333,1500.0,3524
64072,no_voluntary_discards,9.648472222222223,0.0,9.216666666666667,1500.0,3575
64073,no_voluntary_discards,10.195833333333333,0.0,10.584444444444445,1500.0,3588
64074,no_voluntary_discards,10.918472222222222,0.0,10.563055555555556,1500.0,3593
64075,no_voluntary_discards,8.648645833333333,0.0,8.516111111111112,1500.0,
64076,no_voluntary_discards,8.199722222222222,0.0,8.670277777777779,1500.0,
64077,no_voluntary_discards,7.869861111111112,0.0,7.785,1500.0,
64078,no_voluntary_discards,3.6947916666666667,0.0,3.8847222222222224,1500.0,
64079,no_voluntary_discards,3.5163194444444446,0.0,3.6755555555555555,1500.0,
62774,no_voluntary_discards,147.86055555555555,8.0,252.51527777777778,1500.0,3532
64080,no_voluntary_discards,3.6144097222222222,0.0,3.6533333333333333,1500.0,
62773,no_voluntary_discards,275.3152777777778,15.0,370.97322916666667,1500.0,3525
64213,no_voluntary_discards,91.61381944444445,4.875,57.613055555555555,1500.0,3495
64214,no_voluntary_discards,300.86743055555553,16.375,348.6097222222222,1500.0,3527
64215,no_voluntary_discards,103.78489583333334,5.5,112.63166666666666,1500.0,3522
64216,no_voluntary_discards,4.134756944444445,0.0,4.283333333333333,1500.0,
64217,no_voluntary_discards,4.1760069444444445,0.0,4.3261111111111115,1500.0,
64218,no_voluntary_discards,3.7747916666666668,0.0,3.7375,1500.0,
64219,no_voluntary_discards,3.157673611111111,0.0,3.2519444444444443,1500.0,
64220,no_voluntary_discards,3.4529513888888888,0.0,3.560277777777778,1500.0,
64221,no_voluntary_discards,3.3046180555555558,0.0,3.2819444444444446,1500.0,
64222,no_voluntary_discards,0.24256944444444445,0.0,0.3383333333333333,1500.0,
64223,no_voluntary_discards,0.2604166666666667,0.0,0.25027777777777777,1500.0,
64357,no_voluntary_discards,342.720625,18.375,408.69305555555553,1500.0,3526
64224,no_voluntary_discards,0.2374652777777778,0.0,0.27111111111111114,1500.0,
64358,no_voluntary_discards,372.36291666666665,19.875,356.57916666666665,1500.0,3535
64359,no_voluntary_discards,434.9269791666667,23.375,482.50444444444446,1500.0,3520
64360,no_voluntary_discards,10.150034722222223,0.0,10.238611111111112,1500.0,3579
64361,no_voluntary_discards,10.720347222222223,0.0,10.403611111111111,1500.0,3581
64362,no_voluntary_discards,9.7640625,0.0,9.841944444444444,1500.0,
64363,no_voluntary_discards,7.609097222222222,0.0,7.6563888888888885,1480.0,
64364,no_voluntary_discards,7.283784722222222,0.0,7.116944444444444,1490.0,
64365,no_voluntary_discards,8.171215277777778,0.0,7.771944444444444,1470.0,
64366,no_voluntary_discards,3.1075,0.0,2.9583333333333335,1420.0,
64367,no_voluntary_discards,3.230590277777778,0.0,3.124722222222222,1390.0,
64368,no_voluntary_discards,3.449097222222222,0.0,3.4380555555555556,1380.0,
64501,no_voluntary_discards,32.163402777777776,1.625,20.913611111111113,1500.0,3516
64502,no_voluntary_discards,118.66621527777778,6.375,111.78083333333333,1500.0,3549
64503,no_voluntary_discards,144.05666666666667,7.75,148.55055555555555,1500.0,3553
64504,no_voluntary_discards,4.490798611111112,0.0,4.582777777777777,1490.0,
64505,no_voluntary_discards,4.374131944444445,0.0,4.256388888888889,1480.0,
64506,no_voluntary_discards,4.667881944444445,0.0,4.681388888888889,1480.0,
64507,no_voluntary_discards,3.083611111111111,0.0,3.19,1360.0,
64508,no_voluntary_discards,3.620972222222222,0.0,3.5636111111111113,1370.0,
64509,no_voluntary_discards,3.1715625,0.0,3.1655555555555557,1350.0,
64510,no_voluntary_discards,0.6102430555555556,0.0,0.6525,960.0,
64511,no_voluntary_discards,0.461875,0.0,0.4066666666666667,950.0,
64512,no_voluntary_discards,0.57375,0.0,0.48138888888888887,950.0,
64645,no_voluntary_discards,328.13666666666666,17.5,391.75111111111113,1500.0,3549
64646,no_voluntary_discards,535.4464930555555,28.875,537.5983333333334,1500.0,3512
64647,no_voluntary_discards,389.2135763888889,20.875,427.755,1500.0,3498
64648,no_voluntary_discards,10.100069444444445,0.0,10.192222222222222,1500.0,3522
64649,no_voluntary_discards,9.316006944444444,0.0,9.198888888888888,1500.0,3531
64650,no_voluntary_discards,10.0584375,0.0,10.073055555555555,1500.0,3537
64651,no_voluntary_discards,5.869027777777778,0.0,5.796944444444445,1500.0,3550
64652,no_voluntary_discards,6.04375,0.0,6.271111111111111,1490.0,
64653,no_voluntary_discards,5.632569444444444,0.0,5.3052777777777775,1500.0,
64654,no_voluntary_discards,3.118576388888889,0.0,3.077777777777778,1370.0,
64655,no_voluntary_discards,3.234166666666667,0.0,3.4652777777777777,1350.0,
64656,no_voluntary_discards,2.807847222222222,0.0,2.891388888888889,1370.0,
64789,no_voluntary_discards,228.1820138888889,12.375,257.75,1500.0,3542
64790,no_voluntary_discards,164.31284722222222,8.875,112.02277777777778,1500.0,3566
64791,no_voluntary_discards,113.99375,6.125,129.7875,1500.0,3514
64792,no_voluntary_discards,2.8636458333333334,0.0,2.7175,1500.0,3579
64793,no_voluntary_discards,2.9755902777777776,0.0,2.9008333333333334,1500.0,3595
64794,no_voluntary_discards,2.523888888888889,0.0,2.543888888888889,1500.0,3577
64795,no_voluntary_discards,1.3472916666666666,0.0,1.3633333333333333,1500.0,3564
64796,no_voluntary_discards,1.4908680555555556,0.0,1.4044444444444444,1490.0,
64797,no_voluntary_discards,1.507986111111111,0.0,1.288888888888889,1490.0,
64798,no_voluntary_discards,0.1465625,0.0,0.15194444444444444,1000.0,
64799,no_voluntary_discards,0.12194444444444444,0.0,0.1988888888888889,990.0,
64800,no_voluntary_discards,0.14180555555555555,0.0,0.12222222222222222,990.0,
64933,no_voluntary_discards,1285.0098958333333,70.125,1500.9608333333333,1500.0,3451
64934,no_voluntary_discards,1454.7482291666665,79.5,1391.1697222222222,1500.0,3442
64935,no_voluntary_discards,1066.6985763888888,58.125,1083.5141666666666,1500.0,3463
64936,no_voluntary_discards,8.781875,0.0,9.0425,1500.0,3543
64937,no_voluntary_discards,9.144131944444444,0.0,8.834166666666667,1500.0,3553
64938,no_voluntary_discards,8.480034722222221,0.0,8.738055555555556,1500.0,3549
64939,no_voluntary_discards,7.171805555555555,0.0,7.2877777777777775,1430.0,
64940,no_voluntary_discards,7.736284722222222,0.0,7.756666666666667,1430.0,
64942,no_voluntary_discards,3.7214583333333335,0.0,3.359722222222222,1360.0,
64943,no_voluntary_discards,3.4747569444444446,0.0,3.3741666666666665,1330.0,
64944,no_voluntary_discards,3.883263888888889,0.0,4.014722222222222,1350.0,
64941,no_voluntary_discards,7.7056249999999995,0.0,7.396111111111111,1450.0,
65077,no_voluntary_discards,394.414375,21.5,330.85277777777776,1500.0,3505
65078,no_voluntary_discards,346.04263888888886,18.875,348.5672222222222,1500.0,3485
65079,no_voluntary_discards,349.23579861111114,19.0,367.53583333333336,1500.0,3527
65080,no_voluntary_discards,3.0771875,0.0,2.917777777777778,1500.0,3597
62784,no_voluntary_discards,0.03888888888888889,0.0,0.04552083333333334,1220.0,
62782,no_voluntary_discards,0.034722222222222224,0.0,0.014930555555555555,1100.0,
62783,no_voluntary_discards,0.03916666666666667,0.0,0.027534722222222224,1120.0,
62776,no_voluntary_discards,1.5994444444444444,0.0,1.505451388888889,1500.0,3600
65083,no_voluntary_discards,2.398888888888889,0.0,2.3369444444444443,1390.0,
65081,no_voluntary_discards,3.8454166666666665,0.0,3.821388888888889,1500.0,
65084,no_voluntary_discards,2.490173611111111,0.0,2.495,1400.0,
65082,no_voluntary_discards,2.742465277777778,0.0,2.745,1500.0,
62777,no_voluntary_discards,2.1525,0.0,2.015486111111111,1500.0,3592
62775,no_voluntary_discards,165.7225,9.0,193.03583333333333,1500.0,3508
65086,no_voluntary_discards,0.33520833333333333,0.0,0.30416666666666664,1040.0,
65087,no_voluntary_discards,0.44270833333333337,0.0,0.43083333333333335,1060.0,
65085,no_voluntary_discards,2.5697569444444444,0.0,2.636388888888889,1370.0,
62779,no_voluntary_discards,0.5061111111111111,0.0,0.41430555555555554,1440.0,
62780,no_voluntary_discards,0.33805555555555555,0.0,0.36246527777777776,1450.0,
65221,no_voluntary_discards,612.5993055555555,33.125,719.6138888888889,1500.0,3512
65222,no_voluntary_discards,570.2407291666667,30.75,465.72527777777776,1500.0,3497
65223,no_voluntary_discards,608.2376041666666,32.875,756.0625,1500.0,3515
65224,no_voluntary_discards,10.436805555555555,0.0,10.622777777777777,1500.0,3577
65088,no_voluntary_discards,0.2748263888888889,0.0,0.32805555555555554,1040.0,
62781,no_voluntary_discards,0.20083333333333334,0.0,0.29149305555555555,1410.0,
65225,no_voluntary_discards,9.317847222222222,0.0,9.347777777777777,1500.0,3577
62778,no_voluntary_discards,1.5652777777777778,0.0,1.6704166666666667,1480.0,
65226,no_voluntary_discards,9.090833333333332,0.0,9.028333333333334,1500.0,3542
65227,no_voluntary_discards,8.471631944444445,0.0,8.819722222222222,1430.0,
65228,no_voluntary_discards,9.235138888888889,0.0,8.919722222222223,1440.0,
65230,no_voluntary_discards,4.804236111111111,0.0,4.601666666666667,1240.0,
65229,no_voluntary_discards,8.930798611111111,0.0,8.606944444444444,1450.0,
65231,no_voluntary_discards,4.7896875,0.0,4.912222222222222,1250.0,
65232,no_voluntary_discards,4.385659722222222,0.0,4.5552777777777775,1240.0,
65509,no_voluntary_discards,1168.8264930555556,63.75,1318.8861111111112,1500.0,3456
65366,no_voluntary_discards,162.09934027777777,8.75,166.5913888888889,1500.0,3563
65365,no_voluntary_discards,257.138125,14.0,348.13944444444445,1500.0,3549
65510,no_voluntary_discards,1208.0509027777778,65.875,1301.7672222222222,1500.0,3456
65367,no_voluntary_discards,50.22579861111111,2.625,57.190555555555555,1500.0,3519
65368,no_voluntary_discards,3.2683333333333335,0.0,3.243611111111111,1480.0,
65515,no_voluntary_discards,5.872222222222222,0.0,5.834444444444444,1500.0,3461
65511,no_voluntary_discards,703.7014930555556,38.125,811.0125,1500.0,3488
65512,no_voluntary_discards,8.623680555555556,0.0,9.013055555555555,1500.0,3515
65513,no_voluntary_discards,8.975763888888888,0.0,9.126944444444444,1500.0,3537
65514,no_voluntary_discards,7.845659722222222,0.0,8.391944444444444,1500.0,3536
65369,no_voluntary_discards,3.841076388888889,0.0,3.9955555555555557,1480.0,
65516,no_voluntary_discards,4.985138888888889,0.0,4.946111111111111,1500.0,3411
65517,no_voluntary_discards,5.059513888888889,0.0,5.1322222222222225,1500.0,3416
65518,no_voluntary_discards,2.8533680555555554,0.0,2.843888888888889,1410.0,
65519,no_voluntary_discards,3.044652777777778,0.0,3.1425,1430.0,
65520,no_voluntary_discards,2.940173611111111,0.0,3.2430555555555554,1410.0,
65371,no_voluntary_discards,2.7238194444444446,0.0,2.731388888888889,1370.0,
65656,no_voluntary_discards,2.633888888888889,0.0,2.600277777777778,1500.0,3511
65657,no_voluntary_discards,2.7992708333333334,0.0,2.8866666666666667,1500.0,3486
65658,no_voluntary_discards,2.5144444444444445,0.0,2.4205555555555556,1500.0,3544
65370,no_voluntary_discards,3.923611111111111,0.0,4.186388888888889,1490.0,
65653,no_voluntary_discards,494.6728125,27.0,494.59722222222223,1500.0,3497
65655,no_voluntary_discards,539.1957291666666,29.5,512.1216666666667,1500.0,3520
65654,no_voluntary_discards,474.74583333333334,25.875,513.5263888888888,1500.0,3478
65659,no_voluntary_discards,1.1634722222222222,0.0,1.1241666666666668,1500.0,3525
65661,no_voluntary_discards,1.5342708333333333,0.0,1.5408333333333333,1500.0,3496
65660,no_voluntary_discards,1.3822916666666667,0.0,1.4152777777777779,1500.0,3561
65662,no_voluntary_discards,0.11815972222222222,0.0,0.08916666666666667,990.0,
65663,no_voluntary_discards,0.1075,0.0,0.06388888888888888,990.0,
65374,no_voluntary_discards,0.5043055555555556,0.0,0.4975,960.0,
65664,no_voluntary_discards,0.12368055555555554,0.0,0.1438888888888889,990.0,
65372,no_voluntary_discards,3.4801041666666666,0.0,3.4905555555555554,1380.0,
65373,no_voluntary_discards,2.996840277777778,0.0,3.142777777777778,1360.0,
65375,no_voluntary_discards,0.4549652777777778,0.0,0.4097222222222222,960.0,
65376,no_voluntary_discards,0.4198263888888889,0.0,0.3794444444444444,960.0,
65797,no_voluntary_discards,2134.5217361111113,116.875,2245.8463888888887,1500.0,3426
65798,no_voluntary_discards,2009.560486111111,110.0,2063.8133333333335,1500.0,3427
65799,no_voluntary_discards,2020.1835416666668,110.625,1844.595,1500.0,3440
65806,no_voluntary_discards,3.2652083333333333,0.0,3.346388888888889,1390.0,
65807,no_voluntary_discards,3.882152777777778,0.0,3.848888888888889,1440.0,
65808,no_voluntary_discards,3.7557638888888887,0.0,3.4091666666666667,1390.0,
65800,no_voluntary_discards,6.248611111111111,0.0,6.663611111111111,1500.0,3441
65801,no_voluntary_discards,41.024340277777775,1.875,79.68027777777777,1500.0,3506
65803,no_voluntary_discards,6.7028125,0.0,7.026666666666666,1480.0,
65804,no_voluntary_discards,6.342048611111111,0.0,6.503611111111111,1490.0,
65802,no_voluntary_discards,8.017430555555556,0.0,8.000833333333333,1500.0,3524
65805,no_voluntary_discards,7.091076388888889,0.0,6.946944444444444,1490.0,
66085,no_voluntary_discards,7357.344895833334,403.75,7325.232222222222,1500.0,3134
66086,no_voluntary_discards,6377.013506944444,349.875,6415.683888888889,1500.0,3202
65941,no_voluntary_discards,991.4593402777778,54.375,893.6061111111111,1500.0,3468
66087,no_voluntary_discards,6972.910520833333,382.625,6961.175,1500.0,3139
66088,no_voluntary_discards,3266.573125,179.0,3230.302222222222,1500.0,3235
66089,no_voluntary_discards,4034.8190624999997,221.25,4084.991388888889,1500.0,3229
66090,no_voluntary_discards,4548.88625,249.375,4578.693888888889,1500.0,3183
66091,no_voluntary_discards,8.190729166666667,0.0,7.941388888888889,1500.0,3456
66092,no_voluntary_discards,8.078090277777777,0.0,7.951388888888889,1500.0,3515
66093,no_voluntary_discards,8.362083333333334,0.0,8.371666666666666,1500.0,3434
66094,no_voluntary_discards,3.591041666666667,0.0,3.609722222222222,1370.0,
66095,no_voluntary_discards,3.9287847222222223,0.0,3.506666666666667,1370.0,
66096,no_voluntary_discards,3.4915972222222225,0.0,3.7330555555555556,1350.0,
65942,no_voluntary_discards,1291.5771180555555,70.875,1275.5869444444445,1500.0,3457
66229,no_voluntary_discards,6960.105277777778,382.25,7119.4875,1500.0,3126
66230,no_voluntary_discards,6079.306041666667,333.875,6081.707777777778,1500.0,3201
66231,no_voluntary_discards,6628.000902777778,364.0,6519.0038888888885,1500.0,3145
65943,no_voluntary_discards,916.5163541666667,50.25,893.9183333333333,1500.0,3459
66232,no_voluntary_discards,3194.8353472222225,175.375,3333.568888888889,1500.0,3181
66233,no_voluntary_discards,1757.1488541666668,96.375,1641.1405555555555,1500.0,3330
66234,no_voluntary_discards,3954.7099305555557,217.125,3952.510277777778,1500.0,3135
66235,no_voluntary_discards,1.4653125,0.0,1.6294444444444445,1500.0,3484
66236,no_voluntary_discards,1.7005208333333335,0.0,1.7855555555555556,1500.0,3530
66237,no_voluntary_discards,1.5109722222222222,0.0,1.4758333333333333,1500.0,3474
65951,no_voluntary_discards,0.29493055555555553,0.0,0.25416666666666665,1130.0,
65950,no_voluntary_discards,0.2977430555555556,0.0,0.2738888888888889,1130.0,
65952,no_voluntary_discards,0.3086111111111111,0.0,0.36277777777777775,1130.0,
66238,no_voluntary_discards,0.16027777777777777,0.0,0.17833333333333334,1050.0,
65944,no_voluntary_discards,2.4734375,0.0,2.4669444444444446,1500.0,3510
66239,no_voluntary_discards,0.22753472222222224,0.0,0.2136111111111111,1050.0,
66240,no_voluntary_discards,0.29270833333333335,0.0,0.3258333333333333,1030.0,
65946,no_voluntary_discards,2.2324305555555557,0.0,2.2491666666666665,1500.0,3537
65947,no_voluntary_discards,2.1244444444444444,0.0,2.261388888888889,1480.0,
65949,no_voluntary_discards,2.3684375,0.0,2.410833333333333,1490.0,
65945,no_voluntary_discards,2.331701388888889,0.0,2.2905555555555557,1500.0,3529
65948,no_voluntary_discards,2.5175347222222224,0.0,2.589722222222222,1470.0,
65371,submitted,3.6031944444444446,0.0,3.7669444444444444,1500.0,3502
66089,submitted,5129.967638888889,281.375,5178.0075,1500.0,3150
67534,no_voluntary_discards,3.4905555555555554,0.0,3.4303819444444446,1270.0,
67535,no_voluntary_discards,2.9472222222222224,0.0,2.884895833333333,1250.0,
67536,no_voluntary_discards,3.6569444444444446,0.0,3.5545138888888888,1250.0,
67525,no_voluntary_discards,1027.7033333333334,56.0,1180.0384375,1500.0,3458
67529,no_voluntary_discards,8.31611111111111,0.0,8.450659722222222,1500.0,3539
67531,no_voluntary_discards,6.2675,0.0,6.599479166666667,1470.0,
67530,no_voluntary_discards,8.0725,0.0,7.961875,1500.0,3527
67532,no_voluntary_discards,6.6275,0.0,7.116284722222223,1480.0,
67533,no_voluntary_discards,7.771388888888889,0.0,7.802951388888889,1480.0,
67528,no_voluntary_discards,9.074444444444444,0.0,9.097152777777778,1500.0,3543
67527,no_voluntary_discards,1136.7408333333333,62.0,1095.9419444444445,1500.0,3496
67526,no_voluntary_discards,1028.2983333333334,56.0,1101.0544791666666,1500.0,3479
69829,no_voluntary_discards,1027.5022222222221,56.0,1003.0643402777778,1500.0,3509
69830,no_voluntary_discards,1263.4894444444444,69.0,1279.7886458333332,1500.0,3476
69831,no_voluntary_discards,571.3441666666666,31.0,590.2593402777778,1500.0,3534
67669,no_voluntary_discards,164.0888888888889,9.0,239.235,1500.0,3487
69832,no_voluntary_discards,7.776388888888889,0.0,8.265208333333334,1500.0,3584
69835,no_voluntary_discards,0.44222222222222224,0.0,0.41788194444444443,1500.0,3514
69833,no_voluntary_discards,6.9430555555555555,0.0,7.360694444444444,1500.0,3552
69834,no_voluntary_discards,6.8533333333333335,0.0,7.6663194444444445,1500.0,3587
69836,no_voluntary_discards,0.5852777777777778,0.0,0.5795833333333333,1500.0,3513
69837,no_voluntary_discards,0.5286111111111111,0.0,0.5316666666666666,1500.0,3489
69838,no_voluntary_discards,0.48333333333333334,0.0,0.42319444444444443,1200.0,
69839,no_voluntary_discards,0.5047222222222222,0.0,0.49822916666666667,1190.0,
69840,no_voluntary_discards,0.48527777777777775,0.0,0.4587847222222222,1200.0,
69973,no_voluntary_discards,311.4788888888889,17.0,298.2373611111111,1500.0,3558
67670,no_voluntary_discards,383.3822222222222,21.0,208.22020833333335,1500.0,3495
69974,no_voluntary_discards,384.6675,21.0,376.14663194444444,1500.0,3502
69976,no_voluntary_discards,493.5652777777778,27.0,495.82979166666667,1500.0,3346
69977,no_voluntary_discards,529.5519444444444,29.0,500.04086805555556,1500.0,3390
69975,no_voluntary_discards,330.7125,18.0,265.33104166666664,1500.0,3544
69978,no_voluntary_discards,311.35805555555555,17.0,441.0513888888889,1500.0,3343
69979,no_voluntary_discards,0.0,0.0,0.0,1410.0,
69980,no_voluntary_discards,0.0,0.0,0.0,1400.0,
69981,no_voluntary_discards,0.0,0.0,0.0,1470.0,
69982,no_voluntary_discards,0.0,0.0,0.0,1490.0,
69983,no_voluntary_discards,0.0,0.0,0.0,1460.0,
69984,no_voluntary_discards,0.0,0.0,0.0,1490.0,
72134,no_voluntary_discards,1845.6752777777779,101.0,1729.5144791666667,1500.0,3435
72133,no_voluntary_discards,1699.4791666666667,93.0,1676.9172916666666,1500.0,3435
72135,no_voluntary_discards,1188.841111111111,65.0,1179.7722916666667,1500.0,3448
72136,no_voluntary_discards,242.43305555555557,13.0,203.89902777777777,1500.0,3434
67679,no_voluntary_discards,0.01,0.0,0.004548611111111111,1390.0,
67678,no_voluntary_discards,0.006666666666666667,0.0,0.006354166666666667,1380.0,
67680,no_voluntary_discards,0.0,0.0,0.01513888888888889,1400.0,
67672,no_voluntary_discards,1.166388888888889,0.0,1.3116666666666665,1490.0,
67673,no_voluntary_discards,1.2986111111111112,0.0,1.3003125,1490.0,
67671,no_voluntary_discards,400.6847222222222,22.0,368.7725347222222,1500.0,3508
67675,no_voluntary_discards,0.12194444444444444,0.0,0.1695486111111111,1380.0,
72138,no_voluntary_discards,187.67027777777778,10.0,244.21284722222222,1500.0,3467
67674,no_voluntary_discards,2.2758333333333334,0.0,2.3325694444444443,1480.0,
67677,no_voluntary_discards,0.5811111111111111,0.0,0.6285416666666667,1410.0,
67676,no_voluntary_discards,0.6713888888888889,0.0,0.7511458333333333,1380.0,
72137,no_voluntary_discards,114.67861111111111,6.0,160.28663194444445,1500.0,3461
72277,no_voluntary_discards,564.9872222222223,31.0,574.1226388888889,1500.0,3504
72278,no_voluntary_discards,583.8097222222223,32.0,604.3709375,1500.0,3471
72139,no_voluntary_discards,2.7316666666666665,0.0,2.6653819444444444,1500.0,3511
72279,no_voluntary_discards,583.9869444444445,32.0,631.8147569444444,1500.0,3501
72140,no_voluntary_discards,2.386388888888889,0.0,2.3637847222222224,1500.0,3541
74437,no_voluntary_discards,3823.117777777778,210.0,3889.2350694444444,1500.0,3349
74438,no_voluntary_discards,3805.1472222222224,209.0,3827.9154166666667,1500.0,3347
74439,no_voluntary_discards,4843.004444444445,266.0,4813.436423611111,1500.0,3294
74440,no_voluntary_discards,7815.555,429.0,7913.213402777777,1500.0,2959
74441,no_voluntary_discards,7578.875555555555,416.0,7601.521319444444,1500.0,2997
72142,no_voluntary_discards,1.6833333333333333,0.0,1.5958680555555556,1500.0,
74442,no_voluntary_discards,7724.0375,424.0,7676.2657291666665,1500.0,2998
74443,no_voluntary_discards,41.21111111111111,2.0,77.81260416666666,1500.0,3210
72141,no_voluntary_discards,3.022222222222222,0.0,3.186076388888889,1500.0,3475
74444,no_voluntary_discards,1026.295,56.0,1217.4244097222222,1500.0,3168
72143,no_voluntary_discards,1.4211111111111112,0.0,1.4499305555555555,1500.0,
74445,no_voluntary_discards,332.16805555555555,18.0,268.59916666666663,1500.0,3220
74446,no_voluntary_discards,2.96,0.0,2.8878472222222222,1410.0,
74447,no_voluntary_discards,2.7088888888888887,0.0,2.6749305555555556,1420.0,
74448,no_voluntary_discards,2.39,0.0,2.2610069444444445,1420.0,
74581,no_voluntary_discards,3094.958888888889,170.0,3145.0058680555558,1500.0,3292
74582,no_voluntary_discards,3185.8972222222224,175.0,3190.4279861111113,1500.0,3321
74583,no_voluntary_discards,3021.9708333333333,166.0,3060.737013888889,1500.0,3299
74584,no_voluntary_discards,0.042777777777777776,0.0,0.08326388888888889,1500.0,3490
74585,no_voluntary_discards,2531.2533333333336,139.0,2592.762638888889,1500.0,3252
72144,no_voluntary_discards,1.5441666666666667,0.0,1.5938194444444445,1500.0,
74586,no_voluntary_discards,1311.1336111111111,72.0,1424.8350347222222,1500.0,3377
74587,no_voluntary_discards,0.8469444444444445,0.0,0.8449652777777777,1500.0,3487
74588,no_voluntary_discards,0.305,0.0,0.3310416666666667,1430.0,
76717,no_voluntary_discards,18580.34574074074,510.1666666666667,,1000.0,1232
74589,no_voluntary_discards,0.4725,0.0,0.4680902777777778,1450.0,
74590,no_voluntary_discards,0.03388888888888889,0.0,0.029340277777777778,1260.0,
74591,no_voluntary_discards,0.085,0.0,0.11604166666666667,1210.0,
74592,no_voluntary_discards,0.015,0.0,0.026284722222222223,1260.0,
76718,no_voluntary_discards,18323.83179012346,503.1111111111111,,1000.0,1218
76719,no_voluntary_discards,18358.098827160495,504.05555555555554,,1000.0,1226
76720,no_voluntary_discards,31.062962962962963,0.6111111111111112,,1500.0,1782
76721,no_voluntary_discards,9.394166666666667,0.0,,1500.0,
76723,no_voluntary_discards,12810.180802469135,351.6666666666667,,1000.0,1291
76724,no_voluntary_discards,12561.014660493827,344.8333333333333,,1000.0,1309
76722,no_voluntary_discards,9.376358024691358,0.0,,1500.0,1788
76725,no_voluntary_discards,12793.299475308642,351.22222222222223,,1000.0,1313
76726,no_voluntary_discards,9.01925925925926,0.0,,1430.0,
76727,no_voluntary_discards,8.394814814814815,0.0,,1420.0,
76728,no_voluntary_discards,8.266080246913582,0.0,,1440.0,
76729,no_voluntary_discards,1245.554135802469,34.05555555555556,,1000.0,1489
76730,no_voluntary_discards,1300.2488271604939,35.55555555555556,,1000.0,1474
76731,no_voluntary_discards,1245.507037037037,34.05555555555556,,1000.0,1494
76732,no_voluntary_discards,6.1278395061728395,0.0,,1310.0,
76733,no_voluntary_discards,6.248271604938271,0.0,,1300.0,
76734,no_voluntary_discards,5.827932098765432,0.0,,1310.0,
76735,no_voluntary_discards,1.9516358024691358,0.0,,1000.0,1643
76736,no_voluntary_discards,1.8753086419753084,0.0,,1000.0,1620
76737,no_voluntary_discards,1.904074074074074,0.0,,1000.0,1627
76738,no_voluntary_discards,1.9847839506172837,0.0,,1090.0,
76739,no_voluntary_discards,1.9316358024691358,0.0,,1110.0,
76861,no_voluntary_discards,17093.9812345679,469.44444444444446,,1000.0,1268
76740,no_voluntary_discards,1.9041666666666666,0.0,,1110.0,
76862,no_voluntary_discards,17074.032129629628,468.8888888888889,,1000.0,1267
76863,no_voluntary_discards,17081.958024691357,469.1111111111111,,1000.0,1257
76864,no_voluntary_discards,2.9960185185185186,0.0,,1490.0,
76865,no_voluntary_discards,3.0235185185185185,0.0,,1490.0,
76866,no_voluntary_discards,2.840524691358025,0.0,,1470.0,
76867,no_voluntary_discards,9982.918302469136,274.1111111111111,,1000.0,1340
76868,no_voluntary_discards,9980.336234567902,274.05555555555554,,1000.0,1366
76869,no_voluntary_discards,10010.784598765433,274.8888888888889,,1000.0,1353
76870,no_voluntary_discards,3.8243518518518522,0.0,,1420.0,
76871,no_voluntary_discards,2.941882716049383,0.0,,1380.0,
76872,no_voluntary_discards,3.1084567901234568,0.0,,1380.0,
76873,no_voluntary_discards,1.7044444444444444,0.0,,1000.0,1463
76874,no_voluntary_discards,1.4136111111111112,0.0,,1000.0,1470
76875,no_voluntary_discards,1.7037037037037037,0.0,,1000.0,1482
76876,no_voluntary_discards,1.9312962962962965,0.0,,1210.0,
76877,no_voluntary_discards,1.619074074074074,0.0,,1150.0,
76878,no_voluntary_discards,1.8326543209876545,0.0,,1220.0,
76879,no_voluntary_discards,0.0,0.0,,0.0,
76880,no_voluntary_discards,0.0,0.0,,0.0,
76881,no_voluntary_discards,0.0,0.0,,0.0,
76882,no_voluntary_discards,0.0,0.0,,0.0,
76883,no_voluntary_discards,0.0,0.0,,0.0,
79537,no_voluntary_discards,44388.82418981482,487.6666666666667,,150.0,147
79538,no_voluntary_discards,44297.70640432098,486.6666666666667,,150.0,146
79539,no_voluntary_discards,44477.20652006173,488.6388888888889,,150.0,147
76884,no_voluntary_discards,0.0,0.0,,0.0,
79540,no_voluntary_discards,36549.373572530865,401.52777777777777,,300.0,262
79541,no_voluntary_discards,36597.195023148146,402.05555555555554,,300.0,265
79542,no_voluntary_discards,36612.60196759259,402.22222222222223,,300.0,260
79543,no_voluntary_discards,26318.02712191358,289.1111111111111,,500.0,361
79544,no_voluntary_discards,26234.161458333332,288.19444444444446,,500.0,374
79545,no_voluntary_discards,26252.301195987657,288.3888888888889,,500.0,366
79546,no_voluntary_discards,30963.399305555555,340.1666666666667,,150.0,278
79547,no_voluntary_discards,31016.506134259256,340.75,,150.0,277
79548,no_voluntary_discards,31155.5388117284,342.27777777777777,,150.0,275
79549,no_voluntary_discards,23247.069058641977,255.38888888888889,,300.0,290
79550,no_voluntary_discards,23269.591936728397,255.63888888888889,,300.0,288
79551,no_voluntary_discards,23378.30050154321,256.8333333333333,,300.0,285
79552,no_voluntary_discards,13049.114467592593,143.33333333333334,,500.0,492
79553,no_voluntary_discards,12846.84837962963,141.11111111111111,,500.0,498
79554,no_voluntary_discards,13011.311458333334,142.91666666666666,,500.0,493
79555,no_voluntary_discards,4330.149228395061,47.55555555555556,,150.0,524
79556,no_voluntary_discards,4122.968016975308,45.27777777777778,,150.0,525
79557,no_voluntary_discards,4658.73074845679,51.166666666666664,,150.0,530
79558,no_voluntary_discards,1.912307098765432,0.0,,300.0,534
79559,no_voluntary_discards,1.9961033950617282,0.0,,300.0,534
79560,no_voluntary_discards,1.5459490740740742,0.0,,300.0,538
79561,no_voluntary_discards,1.9017361111111113,0.0,,500.0,551
79562,no_voluntary_discards,1.7097608024691358,0.0,,500.0,549
79563,no_voluntary_discards,1.5342978395061728,0.0,,500.0,552
79564,no_voluntary_discards,0.05486111111111111,0.0,,0.0,
79565,no_voluntary_discards,0.05424382716049383,0.0,,0.0,
79566,no_voluntary_discards,0.06469907407407408,0.0,,0.0,
79567,no_voluntary_discards,0.05486111111111111,0.0,,0.0,
79568,no_voluntary_discards,0.05424382716049383,0.0,,0.0,
79569,no_voluntary_discards,0.06469907407407408,0.0,,0.0,
79570,no_voluntary_discards,0.05486111111111111,0.0,,0.0,
79571,no_voluntary_discards,0.05424382716049383,0.0,,0.0,
79681,no_voluntary_discards,41468.3862654321,455.5833333333333,,150.0,178
79682,no_voluntary_discards,41374.76400462963,454.55555555555554,,150.0,179
79572,no_voluntary_discards,0.06469907407407408,0.0,,0.0,
79683,no_voluntary_discards,41288.913310185184,453.6111111111111,,150.0,179
79684,no_voluntary_discards,33623.06801697531,369.3888888888889,,300.0,312
79685,no_voluntary_discards,33529.605208333334,368.3611111111111,,300.0,308
79686,no_voluntary_discards,33656.1137345679,369.75,,300.0,307
79687,no_voluntary_discards,23236.676813271606,255.27777777777777,,500.0,361
79688,no_voluntary_discards,23092.89513888889,253.69444444444446,,500.0,378
79689,no_voluntary_discards,23363.224691358024,256.6666666666667,,500.0,401
79690,no_voluntary_discards,24828.987422839506,272.77777777777777,,150.0,347
79691,no_voluntary_discards,24689.963888888888,271.25,,150.0,347
79692,no_voluntary_discards,25006.03101851852,274.72222222222223,,150.0,348
79693,no_voluntary_discards,17006.276697530862,186.83333333333334,,300.0,359
79694,no_voluntary_discards,16897.365084876543,185.63888888888889,,300.0,357
79695,no_voluntary_discards,17099.61886574074,187.86111111111111,,300.0,356
79696,no_voluntary_discards,6918.183449074074,76.0,,500.0,397
79697,no_voluntary_discards,7006.647453703703,76.97222222222223,,500.0,407
79698,no_voluntary_discards,7110.334490740741,78.11111111111111,,500.0,399
79699,no_voluntary_discards,0.007330246913580247,0.0,,150.0,682
79700,no_voluntary_discards,0.008719135802469136,0.0,,150.0,683
79701,no_voluntary_discards,0.0049382716049382715,0.0,,150.0,684
79702,no_voluntary_discards,0.004629629629629629,0.0,,300.0,688
79703,no_voluntary_discards,0.009799382716049382,0.0,,300.0,690
79704,no_voluntary_discards,0.006558641975308642,0.0,,300.0,691
79705,no_voluntary_discards,0.004089506172839506,0.0,,500.0,699
79706,no_voluntary_discards,0.008410493827160493,0.0,,500.0,700
79707,no_voluntary_discards,0.0030092592592592593,0.0,,500.0,703
79708,no_voluntary_discards,0.0,0.0,,0.0,
79709,no_voluntary_discards,0.0,0.0,,0.0,
79710,no_voluntary_discards,0.0,0.0,,0.0,
79711,no_voluntary_discards,0.0,0.0,,0.0,
79712,no_voluntary_discards,0.0,0.0,,0.0,
79713,no_voluntary_discards,0.0,0.0,,0.0,
79714,no_voluntary_discards,0.0,0.0,,0.0,
79715,no_voluntary_discards,0.0,0.0,,0.0,
76693,no_voluntary_discards,21519.39413580247,354.55555555555554,,500.0,660
76694,no_voluntary_discards,21438.50113168724,353.22222222222223,,500.0,680
79716,no_voluntary_discards,0.0,0.0,,0.0,
76695,no_voluntary_discards,21522.74470164609,354.6111111111111,,500.0,657
76696,no_voluntary_discards,7.475720164609053,0.0,,880.0,
76697,no_voluntary_discards,7.901543209876544,0.0,,880.0,
76699,no_voluntary_discards,11810.638734567901,194.55555555555554,,500.0,750
76698,no_voluntary_discards,7.766203703703703,0.0,,870.0,
76700,no_voluntary_discards,11739.208076131687,193.38888888888889,,500.0,762
76701,no_voluntary_discards,12015.592644032922,197.94444444444446,,500.0,749
76702,no_voluntary_discards,6.817283950617284,0.0,,810.0,
76703,no_voluntary_discards,6.17988683127572,0.0,,810.0,
76704,no_voluntary_discards,5.9087962962962965,0.0,,800.0,
76705,no_voluntary_discards,3.335853909465021,0.0,,500.0,1009
79550,submitted,26393.23398919753,289.94444444444446,,300.0,268
76707,no_voluntary_discards,2.895781893004115,0.0,,500.0,965
76706,no_voluntary_discards,3.2646090534979426,0.0,,500.0,1008
76708,no_voluntary_discards,3.3632201646090536,0.0,,670.0,
76709,no_voluntary_discards,3.4334876543209876,0.0,,680.0,
76710,no_voluntary_discards,3.0777263374485595,0.0,,660.0,
76712,no_voluntary_discards,0.15344650205761315,0.0,,0.0,
76711,no_voluntary_discards,0.18631687242798353,0.0,,0.0,
76713,no_voluntary_discards,0.19218106995884773,0.0,,0.0,
76714,no_voluntary_discards,0.18631687242798353,0.0,,0.0,
76715,no_voluntary_discards,0.15344650205761315,0.0,,0.0,
76837,no_voluntary_discards,19234.38487654321,316.94444444444446,,500.0,686
76716,no_voluntary_discards,0.19218106995884773,0.0,,0.0,
76838,no_voluntary_discards,19086.42160493827,314.5,,500.0,690
76839,no_voluntary_discards,19190.779475308642,316.22222222222223,,500.0,679
76840,no_voluntary_discards,2.386008230452675,0.0,,870.0,
76841,no_voluntary_discards,2.991769547325103,0.0,,870.0,
76842,no_voluntary_discards,2.5550925925925925,0.0,,860.0,
76843,no_voluntary_discards,7283.2251028806595,120.0,,500.0,728
76844,no_voluntary_discards,7269.51908436214,119.77777777777777,,500.0,719
76845,no_voluntary_discards,7303.53431069959,120.33333333333333,,500.0,734
76846,no_voluntary_discards,2.1324588477366255,0.0,,760.0,
76847,no_voluntary_discards,1.6840020576131687,0.0,,750.0,
76848,no_voluntary_discards,2.0331790123456788,0.0,,760.0,
76849,no_voluntary_discards,0.17762345679012348,0.0,,500.0,842
76850,no_voluntary_discards,0.1330246913580247,0.0,,500.0,836
76851,no_voluntary_discards,0.12618312757201647,0.0,,500.0,838
76852,no_voluntary_discards,0.3416666666666667,0.0,,630.0,
76853,no_voluntary_discards,0.28966049382716047,0.0,,630.0,
76854,no_voluntary_discards,0.33225308641975304,0.0,,640.0,
76855,no_voluntary_discards,0.0,0.0,,0.0,
76856,no_voluntary_discards,0.0,0.0,,0.0,
76857,no_voluntary_discards,0.0,0.0,,0.0,
76858,no_voluntary_discards,0.0,0.0,,0.0,
76859,no_voluntary_discards,0.0,0.0,,0.0,
53101,no_voluntary_discards,7.989876543209878,0.0,,750.0,
76860,no_voluntary_discards,0.0,0.0,,0.0,
53102,no_voluntary_discards,9.106666666666666,0.0,,750.0,
53103,no_voluntary_discards,6.614691358024691,0.0,,750.0,
53104,no_voluntary_discards,7.989876543209878,0.0,,750.0,
53105,no_voluntary_discards,9.106666666666666,0.0,,750.0,
53106,no_voluntary_discards,6.614691358024691,0.0,,750.0,
53107,no_voluntary_discards,8.814382716049384,0.0,,710.0,
53108,no_voluntary_discards,8.126851851851852,0.0,,710.0,
53109,no_voluntary_discards,7.8489506172839505,0.0,,700.0,
53110,no_voluntary_discards,8.814382716049384,0.0,,710.0,
53111,no_voluntary_discards,8.126851851851852,0.0,,710.0,
53112,no_voluntary_discards,7.8489506172839505,0.0,,700.0,
53113,no_voluntary_discards,6.5438888888888895,0.0,,640.0,
53114,no_voluntary_discards,4.894938271604938,0.0,,660.0,
53115,no_voluntary_discards,5.490246913580247,0.0,,640.0,
53116,no_voluntary_discards,6.5438888888888895,0.0,,640.0,
53117,no_voluntary_discards,4.894938271604938,0.0,,660.0,
53118,no_voluntary_discards,5.490246913580247,0.0,,640.0,
53119,no_voluntary_discards,1.3369135802469136,0.0,,540.0,
53120,no_voluntary_discards,1.354506172839506,0.0,,520.0,
53121,no_voluntary_discards,1.6275308641975308,0.0,,530.0,
53122,no_voluntary_discards,1.3369135802469136,0.0,,540.0,
53123,no_voluntary_discards,1.354506172839506,0.0,,520.0,
53124,no_voluntary_discards,1.6275308641975308,0.0,,530.0,
53245,no_voluntary_discards,1.9409876543209874,0.0,,740.0,
53246,no_voluntary_discards,1.6867283950617284,0.0,,760.0,
53248,no_voluntary_discards,1.9409876543209874,0.0,,740.0,
53247,no_voluntary_discards,2.897037037037037,0.0,,730.0,
53249,no_voluntary_discards,1.6867283950617284,0.0,,760.0,
53250,no_voluntary_discards,2.897037037037037,0.0,,730.0,
53251,no_voluntary_discards,2.6948148148148148,0.0,,660.0,
53253,no_voluntary_discards,3.031975308641975,0.0,,660.0,
53252,no_voluntary_discards,2.5476543209876543,0.0,,670.0,
53254,no_voluntary_discards,2.6948148148148148,0.0,,660.0,
53255,no_voluntary_discards,2.5476543209876543,0.0,,670.0,
53256,no_voluntary_discards,3.031975308641975,0.0,,660.0,
53258,no_voluntary_discards,1.2751234567901235,0.0,,590.0,
53257,no_voluntary_discards,1.2850617283950616,0.0,,600.0,
53259,no_voluntary_discards,1.2877777777777777,0.0,,590.0,
53260,no_voluntary_discards,1.2850617283950616,0.0,,600.0,
53261,no_voluntary_discards,1.2751234567901235,0.0,,590.0,
53262,no_voluntary_discards,1.2877777777777777,0.0,,590.0,
53263,no_voluntary_discards,0.0,0.0,,0.0,
53264,no_voluntary_discards,0.0,0.0,,0.0,
53265,no_voluntary_discards,0.0,0.0,,0.0,
53266,no_voluntary_discards,0.0,0.0,,0.0,
53267,no_voluntary_discards,0.0,0.0,,0.0,
53268,no_voluntary_discards,0.0,0.0,,0.0,
55693,no_voluntary_discards,1.4483333333333333,0.0,1.5010416666666666,1000.0,
55694,no_voluntary_discards,0.8661111111111112,0.0,0.8194444444444444,1000.0,
55695,no_voluntary_discards,0.6655555555555556,0.0,0.4176388888888889,1000.0,
55696,no_voluntary_discards,0.32,0.0,0.23701388888888889,1490.0,
55697,no_voluntary_discards,0.8777777777777778,0.0,0.9363194444444445,1490.0,
55698,no_voluntary_discards,0.5555555555555556,0.0,0.37916666666666665,1500.0,1792
55699,no_voluntary_discards,3.781111111111111,0.0,3.322986111111111,1000.0,
55700,no_voluntary_discards,3.223888888888889,0.0,3.205763888888889,1000.0,
55701,no_voluntary_discards,2.582222222222222,0.0,2.379097222222222,1000.0,
55702,no_voluntary_discards,1.7044444444444444,0.0,1.8295138888888889,1500.0,
55703,no_voluntary_discards,1.653888888888889,0.0,1.7518055555555556,1500.0,
55704,no_voluntary_discards,1.4772222222222222,0.0,1.5265277777777777,1500.0,
55705,no_voluntary_discards,2.2583333333333333,0.0,2.009722222222222,1000.0,
55706,no_voluntary_discards,2.0972222222222223,0.0,2.1256944444444446,1000.0,
55707,no_voluntary_discards,2.098333333333333,0.0,2.093263888888889,1000.0,
55708,no_voluntary_discards,1.0805555555555555,0.0,0.9838888888888889,1490.0,
55711,no_voluntary_discards,0.18388888888888888,0.0,0.23743055555555556,980.0,
55709,no_voluntary_discards,1.0605555555555555,0.0,1.0331944444444443,1500.0,
55710,no_voluntary_discards,0.9938888888888889,0.0,1.0245833333333334,1480.0,
55712,no_voluntary_discards,0.20666666666666667,0.0,0.21944444444444444,1000.0,
55713,no_voluntary_discards,0.11,0.0,0.31680555555555556,1000.0,
55714,no_voluntary_discards,0.07777777777777778,0.0,0.23972222222222223,1100.0,
55715,no_voluntary_discards,0.20666666666666667,0.0,0.21944444444444444,1140.0,
55716,no_voluntary_discards,0.18722222222222223,0.0,0.29555555555555557,1240.0,
55837,no_voluntary_discards,0.0,0.0,0.005694444444444445,1000.0,
55838,no_voluntary_discards,0.021111111111111112,0.0,0.02326388888888889,1000.0,
55839,no_voluntary_discards,0.008888888888888889,0.0,0.014027777777777778,1000.0,
55840,no_voluntary_discards,0.052222222222222225,0.0,0.028263888888888887,1500.0,
55841,no_voluntary_discards,0.025555555555555557,0.0,0.012152777777777778,1500.0,
55842,no_voluntary_discards,0.012222222222222223,0.0,0.012083333333333333,1500.0,
72281,no_voluntary_discards,0.15888888888888889,0.0,0.24739583333333334,1500.0,3486
72280,no_voluntary_discards,0.31666666666666665,0.0,0.3234375,1500.0,3568
55843,no_voluntary_discards,0.22,0.0,0.195625,1000.0,
72282,no_voluntary_discards,0.38333333333333336,0.0,0.41510416666666666,1500.0,3491
55844,no_voluntary_discards,0.17222222222222222,0.0,0.23201388888888888,1000.0,
55845,no_voluntary_discards,0.29888888888888887,0.0,0.273125,1000.0,
55846,no_voluntary_discards,0.065,0.0,0.05555555555555555,1490.0,
55848,no_voluntary_discards,0.08666666666666667,0.0,0.07236111111111111,1500.0,
55847,no_voluntary_discards,0.024444444444444446,0.0,0.03027777777777778,1500.0,
55849,no_voluntary_discards,0.49444444444444446,0.0,0.4645138888888889,1000.0,
55850,no_voluntary_discards,0.5222222222222223,0.0,0.4255555555555556,1000.0,
55851,no_voluntary_discards,0.30333333333333334,0.0,0.4165277777777778,1000.0,
55852,no_voluntary_discards,0.085,0.0,0.08076388888888889,1490.0,
55853,no_voluntary_discards,0.06833333333333333,0.0,0.07805555555555556,1500.0,
55854,no_voluntary_discards,0.06,0.0,0.08569444444444445,1480.0,
55855,no_voluntary_discards,0.0,0.0,0.0005555555555555556,0.0,
55856,no_voluntary_discards,0.0,0.0,0.005,0.0,
55857,no_voluntary_discards,0.0,0.0,0.004027777777777778,0.0,
57997,no_voluntary_discards,0.08666666666666667,0.0,0.05486111111111111,790.0,
55858,no_voluntary_discards,0.0,0.0,0.0005555555555555556,0.0,
55859,no_voluntary_discards,0.0,0.0,0.005,0.0,
57998,no_voluntary_discards,0.09444444444444444,0.0,0.136875,800.0,
55860,no_voluntary_discards,0.0,0.0,0.004027777777777778,0.0,
57999,no_voluntary_discards,0.041666666666666664,0.0,0.044583333333333336,790.0,
58001,no_voluntary_discards,0.09444444444444444,0.0,0.136875,800.0,
58000,no_voluntary_discards,0.4111111111111111,0.0,0.40534722222222225,830.0,
58002,no_voluntary_discards,0.11333333333333333,0.0,0.1507638888888889,810.0,
58003,no_voluntary_discards,0.3738888888888889,0.0,0.35055555555555556,780.0,
58004,no_voluntary_discards,0.47555555555555556,0.0,0.4765972222222222,800.0,
58005,no_voluntary_discards,0.4988888888888889,0.0,0.48562500000000003,790.0,
58006,no_voluntary_discards,0.3738888888888889,0.0,0.35055555555555556,780.0,
72283,no_voluntary_discards,0.1375,0.0,0.1285763888888889,1490.0,
58007,no_voluntary_discards,0.47555555555555556,0.0,0.4765972222222222,800.0,
58008,no_voluntary_discards,0.4988888888888889,0.0,0.48562500000000003,790.0,
58009,no_voluntary_discards,0.45944444444444443,0.0,0.5521527777777777,790.0,
58010,no_voluntary_discards,0.8088888888888889,0.0,0.848125,800.0,
58011,no_voluntary_discards,0.7544444444444445,0.0,0.6689583333333333,810.0,
58012,no_voluntary_discards,0.45944444444444443,0.0,0.5521527777777777,790.0,
58013,no_voluntary_discards,0.8088888888888889,0.0,0.848125,800.0,
58014,no_voluntary_discards,0.7544444444444445,0.0,0.6689583333333333,810.0,
58015,no_voluntary_discards,0.4538888888888889,0.0,0.44430555555555556,400.0,
58016,no_voluntary_discards,0.5533333333333333,0.0,0.5334027777777778,450.0,
58017,no_voluntary_discards,0.37277777777777776,0.0,0.33944444444444444,400.0,
58018,no_voluntary_discards,0.4538888888888889,0.0,0.44430555555555556,400.0,
58141,no_voluntary_discards,2.2205555555555554,0.0,2.2377083333333334,750.0,
58020,no_voluntary_discards,0.37277777777777776,0.0,0.33944444444444444,400.0,
58019,no_voluntary_discards,0.5533333333333333,0.0,0.5334027777777778,450.0,
58142,no_voluntary_discards,2.3561111111111113,0.0,2.6268055555555554,740.0,
58143,no_voluntary_discards,2.35,0.0,2.4634027777777776,740.0,
58144,no_voluntary_discards,2.2205555555555554,0.0,2.2377083333333334,750.0,
58145,no_voluntary_discards,2.3561111111111113,0.0,2.6268055555555554,740.0,
58146,no_voluntary_discards,2.35,0.0,2.4634027777777776,740.0,
58147,no_voluntary_discards,3.155,0.0,3.053402777777778,690.0,
58148,no_voluntary_discards,3.2105555555555556,0.0,3.049861111111111,690.0,
58149,no_voluntary_discards,3.1083333333333334,0.0,3.3600694444444446,700.0,
58150,no_voluntary_discards,3.155,0.0,3.053402777777778,690.0,
58151,no_voluntary_discards,3.2105555555555556,0.0,3.049861111111111,690.0,
58152,no_voluntary_discards,3.1083333333333334,0.0,3.3600694444444446,700.0,
58153,no_voluntary_discards,1.4538888888888888,0.0,1.5095138888888888,590.0,
58155,no_voluntary_discards,1.0927777777777778,0.0,1.2279166666666668,570.0,
58154,no_voluntary_discards,1.3811111111111112,0.0,1.4058333333333333,590.0,
58156,no_voluntary_discards,1.4538888888888888,0.0,1.5095138888888888,590.0,
58157,no_voluntary_discards,1.3811111111111112,0.0,1.4058333333333333,590.0,
58158,no_voluntary_discards,1.0927777777777778,0.0,1.2279166666666668,570.0,
58159,no_voluntary_discards,0.0,0.0,0.0,90.0,
58160,no_voluntary_discards,0.0,0.0,0.0,100.0,
58161,no_voluntary_discards,0.0,0.0,0.0,80.0,
58163,no_voluntary_discards,0.0,0.0,0.0,100.0,
58162,no_voluntary_discards,0.0,0.0,0.0,90.0,
58164,no_voluntary_discards,0.0,0.0,0.0,80.0,
60301,no_voluntary_discards,0.0,0.0,0.03298611111111111,770.0,
60302,no_voluntary_discards,0.16,0.0,0.10993055555555556,790.0,
72284,no_voluntary_discards,0.22611111111111112,0.0,0.21350694444444446,1500.0,
60303,no_voluntary_discards,0.14444444444444443,0.0,0.10354166666666667,790.0,
60304,no_voluntary_discards,0.0,0.0,0.03298611111111111,770.0,
60305,no_voluntary_discards,0.16,0.0,0.10993055555555556,790.0,
60308,no_voluntary_discards,0.195,0.0,0.21770833333333334,770.0,
60306,no_voluntary_discards,0.14444444444444443,0.0,0.10354166666666667,790.0,
60307,no_voluntary_discards,0.10833333333333334,0.0,0.2023611111111111,780.0,
60309,no_voluntary_discards,0.19611111111111112,0.0,0.3007638888888889,770.0,
60310,no_voluntary_discards,0.10833333333333334,0.0,0.2023611111111111,780.0,
60311,no_voluntary_discards,0.195,0.0,0.21770833333333334,770.0,
60312,no_voluntary_discards,0.19611111111111112,0.0,0.3007638888888889,770.0,
60314,no_voluntary_discards,0.5822222222222222,0.0,0.6025,790.0,
60313,no_voluntary_discards,0.43166666666666664,0.0,0.4782638888888889,790.0,
60315,no_voluntary_discards,0.5261111111111111,0.0,0.6642361111111111,790.0,
60316,no_voluntary_discards,0.43166666666666664,0.0,0.4782638888888889,790.0,
60317,no_voluntary_discards,0.5822222222222222,0.0,0.6025,790.0,
60318,no_voluntary_discards,0.5261111111111111,0.0,0.6642361111111111,790.0,
60319,no_voluntary_discards,0.4027777777777778,0.0,0.47680555555555554,420.0,
60320,no_voluntary_discards,0.6094444444444445,0.0,0.6525694444444444,410.0,
60321,no_voluntary_discards,0.4816666666666667,0.0,0.5145833333333333,410.0,
60322,no_voluntary_discards,0.4027777777777778,0.0,0.47680555555555554,420.0,
60324,no_voluntary_discards,0.4816666666666667,0.0,0.5145833333333333,410.0,
60323,no_voluntary_discards,0.6094444444444445,0.0,0.6525694444444444,410.0,
60445,no_voluntary_discards,0.0,0.0,0.0,770.0,
60446,no_voluntary_discards,0.0,0.0,0.0016666666666666668,750.0,
60447,no_voluntary_discards,0.0,0.0,0.00375,770.0,
60449,no_voluntary_discards,0.0,0.0,0.0016666666666666668,750.0,
60448,no_voluntary_discards,0.0,0.0,0.0,770.0,
60450,no_voluntary_discards,0.0,0.0,0.00375,770.0,
60452,no_voluntary_discards,0.012222222222222223,0.0,0.008333333333333333,690.0,
60451,no_voluntary_discards,0.0,0.0,0.0,690.0,
60453,no_voluntary_discards,0.012222222222222223,0.0,0.003472222222222222,690.0,
60454,no_voluntary_discards,0.0,0.0,0.0,690.0,
60455,no_voluntary_discards,0.012222222222222223,0.0,0.008333333333333333,690.0,
60456,no_voluntary_discards,0.012222222222222223,0.0,0.003472222222222222,690.0,
60458,no_voluntary_discards,0.0,0.0,0.006111111111111111,590.0,
55857,submitted,0.5116666666666667,0.0,0.5929166666666666,1000.0,
60457,no_voluntary_discards,0.0,0.0,0.001388888888888889,660.0,
60459,no_voluntary_discards,0.0,0.0,0.0005555555555555556,760.0,
60461,no_voluntary_discards,0.0,0.0,0.006111111111111111,590.0,
60460,no_voluntary_discards,0.0,0.0,0.001388888888888889,660.0,
60462,no_voluntary_discards,0.0,0.0,0.0005555555555555556,760.0,
60463,no_voluntary_discards,0.0,0.0,0.0,0.0,
60464,no_voluntary_discards,0.0,0.0,0.0,0.0,
60465,no_voluntary_discards,0.0,0.0,0.0,0.0,
60467,no_voluntary_discards,0.0,0.0,0.0,0.0,
60466,no_voluntary_discards,0.0,0.0,0.0,0.0,
60468,no_voluntary_discards,0.0,0.0,0.0,0.0,
72286,no_voluntary_discards,0.0,0.0,0.004583333333333333,1390.0,
72287,no_voluntary_discards,0.006666666666666667,0.0,0.016909722222222222,1410.0,
72285,no_voluntary_discards,0.3736111111111111,0.0,0.30232638888888885,1470.0,
72288,no_voluntary_discards,0.029444444444444443,0.0,0.014166666666666668,1400.0,
62611,no_voluntary_discards,1.5027777777777778,0.0,1.6805555555555556,930.0,
62613,no_voluntary_discards,1.5822222222222222,0.0,1.7776388888888888,940.0,
62612,no_voluntary_discards,1.3444444444444446,0.0,1.506388888888889,900.0,
62605,no_voluntary_discards,0.4272222222222222,0.0,0.29881944444444447,930.0,
62614,no_voluntary_discards,1.0177777777777777,0.0,1.1586805555555555,1440.0,
62606,no_voluntary_discards,0.29833333333333334,0.0,0.4404166666666667,950.0,
62608,no_voluntary_discards,0.36444444444444446,0.0,0.30527777777777776,1430.0,
62607,no_voluntary_discards,1.5955555555555556,0.0,1.7688194444444445,950.0,
62609,no_voluntary_discards,0.2816666666666667,0.0,0.3220138888888889,1440.0,
62610,no_voluntary_discards,0.12111111111111111,0.0,0.15861111111111112,1440.0,
62615,no_voluntary_discards,0.6738888888888889,0.0,0.6776388888888889,1390.0,
62617,no_voluntary_discards,0.855,0.0,1.0178472222222221,840.0,
62616,no_voluntary_discards,1.13,0.0,1.0605555555555555,1420.0,
62618,no_voluntary_discards,1.2822222222222222,0.0,1.1315972222222221,860.0,
62624,no_voluntary_discards,0.9527777777777777,0.0,0.7536805555555556,870.0,
62623,no_voluntary_discards,0.8883333333333333,0.0,0.996736111111111,880.0,
62625,no_voluntary_discards,0.8722222222222222,0.0,1.1220138888888889,880.0,
62627,no_voluntary_discards,0.8227777777777778,0.0,0.7256944444444444,1140.0,
62626,no_voluntary_discards,0.7083333333333334,0.0,0.6447222222222222,1110.0,
62628,no_voluntary_discards,0.82,0.0,0.7619444444444444,1170.0,
62619,no_voluntary_discards,1.495,0.0,1.424027777777778,840.0,
62620,no_voluntary_discards,0.7122222222222222,0.0,0.7982638888888889,1370.0,
62621,no_voluntary_discards,1.2455555555555555,0.0,1.355138888888889,1360.0,
62622,no_voluntary_discards,0.92,0.0,1.0004861111111112,1320.0,
62749,no_voluntary_discards,0.008333333333333333,0.0,0.00125,920.0,
62751,no_voluntary_discards,0.03666666666666667,0.0,0.012361111111111111,920.0,
62750,no_voluntary_discards,0.03666666666666667,0.0,0.051597222222222225,930.0,
62752,no_voluntary_discards,0.0,0.0,0.009791666666666667,1440.0,
62756,no_voluntary_discards,0.017777777777777778,0.0,0.005416666666666667,870.0,
62755,no_voluntary_discards,0.0044444444444444444,0.0,0.012361111111111111,880.0,
62757,no_voluntary_discards,0.028888888888888888,0.0,0.009166666666666667,890.0,
62758,no_voluntary_discards,0.0,0.0,0.0004861111111111111,1400.0,
62753,no_voluntary_discards,0.0,0.0,0.0005555555555555556,1430.0,
62754,no_voluntary_discards,0.005555555555555556,0.0,0.012847222222222222,1420.0,
62761,no_voluntary_discards,0.0,0.0,0.00125,800.0,
64045,no_voluntary_discards,7.190555555555555,0.0,6.651666666666666,990.0,
62762,no_voluntary_discards,0.0,0.0,0.006805555555555556,800.0,
64046,no_voluntary_discards,6.760902777777778,0.0,6.887777777777778,990.0,
64047,no_voluntary_discards,6.3220833333333335,0.0,6.203888888888889,1000.0,
64048,no_voluntary_discards,5.084930555555555,0.0,5.186111111111111,1440.0,
64049,no_voluntary_discards,5.238680555555556,0.0,4.96,1460.0,
64050,no_voluntary_discards,4.758333333333334,0.0,5.115,1450.0,
64051,no_voluntary_discards,6.100902777777778,0.0,5.642222222222222,990.0,
64052,no_voluntary_discards,6.845833333333333,0.0,7.2,1000.0,
64053,no_voluntary_discards,6.286041666666667,0.0,6.416111111111111,1000.0,
64054,no_voluntary_discards,4.5072222222222225,0.0,4.593333333333334,1450.0,
64055,no_voluntary_discards,4.761527777777777,0.0,4.546111111111111,1440.0,
64056,no_voluntary_discards,4.940902777777778,0.0,4.838333333333333,1440.0,
64057,no_voluntary_discards,3.598888888888889,0.0,3.6466666666666665,990.0,
64058,no_voluntary_discards,3.7860416666666667,0.0,3.688888888888889,1000.0,
64059,no_voluntary_discards,3.698402777777778,0.0,3.867777777777778,1000.0,
64060,no_voluntary_discards,2.9879166666666666,0.0,2.9972222222222222,1420.0,
64061,no_voluntary_discards,2.8575694444444446,0.0,2.591111111111111,1420.0,
64062,no_voluntary_discards,3.006944444444444,0.0,2.898888888888889,1420.0,
64063,no_voluntary_discards,0.963125,0.0,1.1411111111111112,710.0,
64064,no_voluntary_discards,0.9961805555555556,0.0,1.0227777777777778,730.0,
64065,no_voluntary_discards,0.8038888888888889,0.0,1.1272222222222221,700.0,
64066,no_voluntary_discards,0.9208333333333333,0.0,1.2222222222222223,790.0,
64067,no_voluntary_discards,0.9991666666666666,0.0,1.0783333333333334,780.0,
64068,no_voluntary_discards,0.8795833333333334,0.0,0.6916666666666667,740.0,
64189,no_voluntary_discards,1.8175000000000001,0.0,1.7444444444444445,1000.0,
64190,no_voluntary_discards,2.2622916666666666,0.0,2.428888888888889,1000.0,
64191,no_voluntary_discards,2.0277083333333334,0.0,2.0166666666666666,1000.0,
64192,no_voluntary_discards,1.073611111111111,0.0,1.0366666666666666,1490.0,
64193,no_voluntary_discards,1.2375694444444445,0.0,1.1788888888888889,1490.0,
62759,no_voluntary_discards,0.024444444444444446,0.0,0.020416666666666666,1400.0,
64194,no_voluntary_discards,1.3445833333333332,0.0,1.455,1490.0,
62760,no_voluntary_discards,0.010555555555555556,0.0,0.0008333333333333334,1440.0,
64195,no_voluntary_discards,1.2678472222222221,0.0,1.443888888888889,1000.0,
64196,no_voluntary_discards,1.5986111111111112,0.0,1.6655555555555555,1000.0,
64197,no_voluntary_discards,1.8359722222222223,0.0,1.6383333333333334,1000.0,
64198,no_voluntary_discards,0.9208333333333334,0.0,1.0872222222222223,1490.0,
64199,no_voluntary_discards,0.9144444444444444,0.0,0.8038888888888889,1500.0,
64200,no_voluntary_discards,0.9653472222222222,0.0,0.9894444444444445,1490.0,
64201,no_voluntary_discards,0.5011805555555555,0.0,0.5127777777777778,1000.0,
64202,no_voluntary_discards,0.43104166666666666,0.0,0.47555555555555556,980.0,
64203,no_voluntary_discards,0.4286111111111111,0.0,0.4577777777777778,990.0,
64204,no_voluntary_discards,0.2940277777777778,0.0,0.30722222222222223,1500.0,
64205,no_voluntary_discards,0.3335416666666667,0.0,0.33055555555555555,1490.0,
64206,no_voluntary_discards,0.35458333333333336,0.0,0.33555555555555555,1500.0,
64207,no_voluntary_discards,0.0,0.0,0.005555555555555556,0.0,
64208,no_voluntary_discards,0.0,0.0,0.0044444444444444444,0.0,
64209,no_voluntary_discards,0.0,0.0,0.011111111111111112,0.0,
64210,no_voluntary_discards,0.0,0.0,0.005555555555555556,0.0,
64211,no_voluntary_discards,0.0,0.0,0.0044444444444444444,0.0,
64333,no_voluntary_discards,4.95625,0.0,4.732777777777778,850.0,
64212,no_voluntary_discards,0.0,0.0,0.011111111111111112,0.0,
64334,no_voluntary_discards,4.039722222222222,0.0,4.020555555555555,840.0,
64335,no_voluntary_discards,3.4279166666666665,0.0,3.502222222222222,810.0,
64336,no_voluntary_discards,3.6068055555555554,0.0,3.6094444444444442,830.0,
64337,no_voluntary_discards,5.0252083333333335,0.0,5.209444444444444,850.0,
64338,no_voluntary_discards,4.262083333333333,0.0,4.4511111111111115,820.0,
64339,no_voluntary_discards,4.444305555555555,0.0,4.379444444444444,790.0,
64340,no_voluntary_discards,3.745138888888889,0.0,3.5211111111111113,780.0,
64341,no_voluntary_discards,4.1565972222222225,0.0,3.948888888888889,810.0,
64342,no_voluntary_discards,4.444305555555555,0.0,4.379444444444444,790.0,
64343,no_voluntary_discards,3.745138888888889,0.0,3.5211111111111113,780.0,
64344,no_voluntary_discards,4.1565972222222225,0.0,3.948888888888889,810.0,
64345,no_voluntary_discards,3.3950694444444443,0.0,3.4605555555555556,720.0,
64346,no_voluntary_discards,3.7668055555555555,0.0,3.662777777777778,690.0,
64347,no_voluntary_discards,3.5463194444444444,0.0,3.522222222222222,740.0,
64348,no_voluntary_discards,3.3950694444444443,0.0,3.4605555555555556,720.0,
64349,no_voluntary_discards,3.7668055555555555,0.0,3.662777777777778,690.0,
64350,no_voluntary_discards,3.5463194444444444,0.0,3.522222222222222,740.0,
64351,no_voluntary_discards,1.435,0.0,1.278888888888889,600.0,
64352,no_voluntary_discards,1.3236805555555555,0.0,1.2794444444444444,590.0,
64353,no_voluntary_discards,1.55375,0.0,1.7055555555555555,580.0,
64354,no_voluntary_discards,1.435,0.0,1.278888888888889,600.0,
64355,no_voluntary_discards,1.3236805555555555,0.0,1.2794444444444444,590.0,
64356,no_voluntary_discards,1.55375,0.0,1.7055555555555555,580.0,
64478,no_voluntary_discards,2.7349305555555556,0.0,2.477777777777778,730.0,
64477,no_voluntary_discards,2.3200694444444445,0.0,2.4583333333333335,740.0,
64479,no_voluntary_discards,2.5663194444444444,0.0,2.5172222222222222,730.0,
64480,no_voluntary_discards,2.3200694444444445,0.0,2.4583333333333335,740.0,
64481,no_voluntary_discards,2.7349305555555556,0.0,2.477777777777778,730.0,
64482,no_voluntary_discards,2.5663194444444444,0.0,2.5172222222222222,730.0,
64483,no_voluntary_discards,3.332430555555556,0.0,3.338888888888889,680.0,
64484,no_voluntary_discards,3.146875,0.0,2.9166666666666665,690.0,
64485,no_voluntary_discards,3.0924305555555556,0.0,3.0816666666666666,680.0,
64486,no_voluntary_discards,3.332430555555556,0.0,3.338888888888889,680.0,
64487,no_voluntary_discards,3.146875,0.0,2.9166666666666665,690.0,
64488,no_voluntary_discards,3.0924305555555556,0.0,3.0816666666666666,680.0,
64489,no_voluntary_discards,1.1447222222222222,0.0,1.0122222222222221,620.0,
64490,no_voluntary_discards,1.4869444444444444,0.0,1.2383333333333333,590.0,
64491,no_voluntary_discards,1.2642361111111111,0.0,1.3388888888888888,600.0,
64492,no_voluntary_discards,1.1447222222222222,0.0,1.0122222222222221,620.0,
64493,no_voluntary_discards,1.4869444444444444,0.0,1.2383333333333333,590.0,
64494,no_voluntary_discards,1.2642361111111111,0.0,1.3388888888888888,600.0,
64495,no_voluntary_discards,0.0,0.0,0.0,0.0,
64496,no_voluntary_discards,0.0,0.0,0.0,0.0,
64497,no_voluntary_discards,0.0,0.0,0.0,0.0,
64498,no_voluntary_discards,0.0,0.0,0.0,0.0,
64499,no_voluntary_discards,0.0,0.0,0.0,0.0,
64500,no_voluntary_discards,0.0,0.0,0.0,0.0,
64621,no_voluntary_discards,4.728125,0.0,4.125,810.0,
64622,no_voluntary_discards,5.259166666666666,0.0,5.321666666666666,810.0,
64623,no_voluntary_discards,4.2752083333333335,0.0,4.1322222222222225,810.0,
64624,no_voluntary_discards,4.728125,0.0,4.125,810.0,
64625,no_voluntary_discards,5.259166666666666,0.0,5.321666666666666,810.0,
64626,no_voluntary_discards,4.2752083333333335,0.0,4.1322222222222225,810.0,
64627,no_voluntary_discards,4.931111111111111,0.0,4.671111111111111,760.0,
64628,no_voluntary_discards,4.472638888888889,0.0,4.532222222222222,770.0,
64629,no_voluntary_discards,5.698333333333333,0.0,5.679444444444444,750.0,
64630,no_voluntary_discards,4.931111111111111,0.0,4.671111111111111,760.0,
64631,no_voluntary_discards,4.472638888888889,0.0,4.532222222222222,770.0,
64632,no_voluntary_discards,5.698333333333333,0.0,5.679444444444444,750.0,
64633,no_voluntary_discards,3.3064583333333335,0.0,3.0533333333333332,690.0,
64634,no_voluntary_discards,3.9759722222222225,0.0,4.5,690.0,
64635,no_voluntary_discards,3.1949305555555556,0.0,2.95,720.0,
64636,no_voluntary_discards,3.3064583333333335,0.0,3.0533333333333332,690.0,
64637,no_voluntary_discards,3.9759722222222225,0.0,4.5,690.0,
64638,no_voluntary_discards,3.1949305555555556,0.0,2.95,720.0,
64639,no_voluntary_discards,1.465486111111111,0.0,1.5805555555555555,600.0,
64640,no_voluntary_discards,1.262013888888889,0.0,1.7861111111111112,610.0,
64641,no_voluntary_discards,1.3124305555555555,0.0,1.59,610.0,
64642,no_voluntary_discards,1.465486111111111,0.0,1.5805555555555555,600.0,
64643,no_voluntary_discards,1.262013888888889,0.0,1.7861111111111112,610.0,
64644,no_voluntary_discards,1.3124305555555555,0.0,1.59,610.0,
64765,no_voluntary_discards,0.5197222222222222,0.0,0.5783333333333334,820.0,
64766,no_voluntary_discards,1.3645138888888888,0.0,1.3322222222222222,800.0,
64767,no_voluntary_discards,0.7576388888888889,0.0,0.7933333333333333,800.0,
64768,no_voluntary_discards,0.5197222222222222,0.0,0.5783333333333334,820.0,
64769,no_voluntary_discards,1.3645138888888888,0.0,1.3322222222222222,800.0,
64770,no_voluntary_discards,0.7576388888888889,0.0,0.7933333333333333,800.0,
64771,no_voluntary_discards,1.3938194444444445,0.0,1.2427777777777778,770.0,
64772,no_voluntary_discards,1.587986111111111,0.0,1.4905555555555556,770.0,
64773,no_voluntary_discards,1.0006249999999999,0.0,1.1377777777777778,800.0,
64774,no_voluntary_discards,1.3938194444444445,0.0,1.2427777777777778,770.0,
64775,no_voluntary_discards,1.587986111111111,0.0,1.4905555555555556,770.0,
64776,no_voluntary_discards,1.0006249999999999,0.0,1.1377777777777778,800.0,
64777,no_voluntary_discards,0.4126388888888889,0.0,0.45111111111111113,730.0,
64778,no_voluntary_discards,0.5218055555555555,0.0,0.5227777777777778,720.0,
64779,no_voluntary_discards,0.5838888888888889,0.0,0.505,700.0,
64780,no_voluntary_discards,0.4126388888888889,0.0,0.45111111111111113,730.0,
64781,no_voluntary_discards,0.5218055555555555,0.0,0.5227777777777778,720.0,
64782,no_voluntary_discards,0.5838888888888889,0.0,0.505,700.0,
64783,no_voluntary_discards,0.0,0.0,0.0,0.0,
64784,no_voluntary_discards,0.0,0.0,0.0,0.0,
64785,no_voluntary_discards,0.0,0.0,0.0,0.0,
64786,no_voluntary_discards,0.0,0.0,0.0,0.0,
64787,no_voluntary_discards,0.0,0.0,0.0,0.0,
64788,no_voluntary_discards,0.0,0.0,0.0,0.0,
62763,no_voluntary_discards,0.0,0.0,0.006527777777777778,790.0,
62767,no_voluntary_discards,0.0044444444444444444,0.0,0.0033333333333333335,780.0,
62768,no_voluntary_discards,0.0,0.0,0.0038888888888888888,780.0,
62769,no_voluntary_discards,0.0,0.0,0.0,760.0,
62764,no_voluntary_discards,0.0,0.0,0.0011111111111111111,1260.0,
62770,no_voluntary_discards,0.0,0.0,0.0,1080.0,
62771,no_voluntary_discards,0.0,0.0,0.007916666666666667,1070.0,
62765,no_voluntary_discards,0.02666666666666667,0.0,0.0006944444444444445,1290.0,
62772,no_voluntary_discards,0.0,0.0,0.0,1070.0,
62766,no_voluntary_discards,0.022222222222222223,0.0,0.0005555555555555556,1250.0,
64910,no_voluntary_discards,4.923680555555555,0.0,5.240555555555556,940.0,
64909,no_voluntary_discards,4.275833333333333,0.0,4.331666666666667,940.0,
64911,no_voluntary_discards,4.8751388888888885,0.0,4.966111111111111,940.0,
64912,no_voluntary_discards,4.5806249999999995,0.0,4.762777777777778,1430.0,
64913,no_voluntary_discards,4.370486111111111,0.0,4.232222222222222,1430.0,
64915,no_voluntary_discards,4.804861111111111,0.0,4.552222222222222,890.0,
64914,no_voluntary_discards,4.151805555555556,0.0,4.390555555555555,1430.0,
64916,no_voluntary_discards,3.310277777777778,0.0,3.2222222222222223,880.0,
64917,no_voluntary_discards,4.071527777777778,0.0,4.105,880.0,
64918,no_voluntary_discards,3.6734027777777776,0.0,4.069444444444445,1350.0,
64919,no_voluntary_discards,3.8174305555555557,0.0,4.011111111111111,1340.0,
64920,no_voluntary_discards,3.295138888888889,0.0,3.277222222222222,1340.0,
64921,no_voluntary_discards,3.468611111111111,0.0,3.2544444444444443,790.0,
64927,no_voluntary_discards,1.3961805555555555,0.0,1.1627777777777777,640.0,
64928,no_voluntary_discards,1.2129166666666666,0.0,1.2005555555555556,660.0,
64929,no_voluntary_discards,1.5485416666666667,0.0,1.5722222222222222,640.0,
64930,no_voluntary_discards,1.3288888888888888,0.0,1.2005555555555556,780.0,
64922,no_voluntary_discards,3.089444444444444,0.0,2.9383333333333335,800.0,
64923,no_voluntary_discards,3.4027083333333334,0.0,3.6238888888888887,840.0,
64924,no_voluntary_discards,2.553125,0.0,2.737222222222222,1060.0,
64925,no_voluntary_discards,2.485138888888889,0.0,2.4094444444444445,1070.0,
64931,no_voluntary_discards,0.9738194444444445,0.0,0.6538888888888889,760.0,
64932,no_voluntary_discards,1.3458333333333334,0.0,1.2972222222222223,810.0,
64926,no_voluntary_discards,2.8384722222222223,0.0,3.0683333333333334,1090.0,
65053,no_voluntary_discards,1.0409027777777777,0.0,1.0027777777777778,930.0,
65054,no_voluntary_discards,1.045763888888889,0.0,1.0416666666666667,920.0,
65055,no_voluntary_discards,1.3063194444444446,0.0,1.2777777777777777,930.0,
65056,no_voluntary_discards,0.7470833333333333,0.0,0.7183333333333334,1430.0,
65059,no_voluntary_discards,1.5668055555555556,0.0,1.5805555555555555,870.0,
65060,no_voluntary_discards,1.1327083333333334,0.0,1.4405555555555556,880.0,
65057,no_voluntary_discards,0.6946527777777778,0.0,0.6455555555555555,1420.0,
65058,no_voluntary_discards,0.4902083333333333,0.0,0.5433333333333333,1410.0,
65061,no_voluntary_discards,0.997638888888889,0.0,0.8527777777777777,880.0,
65065,no_voluntary_discards,0.6315277777777778,0.0,0.5655555555555556,800.0,
65062,no_voluntary_discards,0.47444444444444445,0.0,0.48777777777777775,1340.0,
65063,no_voluntary_discards,0.6466666666666667,0.0,0.7022222222222222,1350.0,
65064,no_voluntary_discards,0.9065277777777778,0.0,0.885,1350.0,
65071,no_voluntary_discards,0.0,0.0,0.0,140.0,
65066,no_voluntary_discards,0.5478472222222223,0.0,0.5277777777777778,800.0,
65072,no_voluntary_discards,0.002916666666666667,0.0,0.0,140.0,
65073,no_voluntary_discards,0.0,0.0,0.0,140.0,
65074,no_voluntary_discards,0.0005555555555555556,0.0,0.0,240.0,
65075,no_voluntary_discards,0.0016666666666666666,0.0,0.0,270.0,
65076,no_voluntary_discards,0.0,0.0,0.0,240.0,
65067,no_voluntary_discards,0.3564583333333333,0.0,0.44222222222222224,800.0,
65069,no_voluntary_discards,0.24736111111111111,0.0,0.305,1040.0,
65068,no_voluntary_discards,0.280625,0.0,0.30277777777777776,1060.0,
65070,no_voluntary_discards,0.3609027777777778,0.0,0.43722222222222223,1070.0,
65197,no_voluntary_discards,7.562291666666667,0.0,7.765555555555555,760.0,
65198,no_voluntary_discards,7.452916666666667,0.0,7.720555555555555,770.0,
65199,no_voluntary_discards,7.299791666666667,0.0,7.2988888888888885,760.0,
65200,no_voluntary_discards,7.342638888888889,0.0,7.163888888888889,770.0,
65203,no_voluntary_discards,6.838402777777778,0.0,6.873888888888889,720.0,
65204,no_voluntary_discards,7.063194444444444,0.0,7.2444444444444445,720.0,
65201,no_voluntary_discards,5.741319444444445,0.0,5.915555555555556,790.0,
65202,no_voluntary_discards,7.2804166666666665,0.0,6.8566666666666665,760.0,
65205,no_voluntary_discards,6.901111111111111,0.0,6.955,740.0,
65206,no_voluntary_discards,6.759166666666666,0.0,6.976666666666667,710.0,
65209,no_voluntary_discards,5.261388888888889,0.0,5.6722222222222225,650.0,
65210,no_voluntary_discards,5.5183333333333335,0.0,5.437777777777778,660.0,
65207,no_voluntary_discards,6.999583333333334,0.0,6.987777777777778,720.0,
65211,no_voluntary_discards,5.788125,0.0,5.851111111111111,660.0,
65208,no_voluntary_discards,5.790208333333333,0.0,5.788888888888889,710.0,
65215,no_voluntary_discards,1.4301388888888888,0.0,1.4127777777777777,580.0,
65216,no_voluntary_discards,1.4527083333333333,0.0,1.6022222222222222,570.0,
65217,no_voluntary_discards,1.5709027777777778,0.0,1.5605555555555555,580.0,
65218,no_voluntary_discards,1.4301388888888888,0.0,1.4127777777777777,580.0,
65219,no_voluntary_discards,1.4527083333333333,0.0,1.6022222222222222,570.0,
65212,no_voluntary_discards,4.698402777777778,0.0,4.685555555555555,660.0,
65214,no_voluntary_discards,5.196388888888889,0.0,5.3694444444444445,670.0,
65213,no_voluntary_discards,4.606388888888889,0.0,5.031666666666666,650.0,
65220,no_voluntary_discards,1.5709027777777778,0.0,1.5605555555555555,580.0,
65341,no_voluntary_discards,1.1432638888888889,0.0,1.1116666666666666,760.0,
65342,no_voluntary_discards,1.1924305555555557,0.0,1.291111111111111,770.0,
65343,no_voluntary_discards,1.2963888888888888,0.0,1.248888888888889,730.0,
65344,no_voluntary_discards,1.74125,0.0,1.8583333333333334,760.0,
65347,no_voluntary_discards,1.9106944444444445,0.0,2.031111111111111,670.0,
65348,no_voluntary_discards,1.7949305555555555,0.0,1.6466666666666667,670.0,
65346,no_voluntary_discards,0.9159722222222222,0.0,0.97,730.0,
65345,no_voluntary_discards,1.96625,0.0,2.0816666666666666,760.0,
65349,no_voluntary_discards,2.6884027777777777,0.0,2.858888888888889,690.0,
65353,no_voluntary_discards,0.9216666666666666,0.0,0.8805555555555555,630.0,
65350,no_voluntary_discards,1.9490277777777778,0.0,1.9216666666666666,680.0,
65351,no_voluntary_discards,1.5976388888888888,0.0,1.7677777777777777,690.0,
65352,no_voluntary_discards,1.3450694444444444,0.0,1.238888888888889,710.0,
65485,no_voluntary_discards,4.728125,0.0,4.125,810.0,
65486,no_voluntary_discards,5.259166666666666,0.0,5.321666666666666,810.0,
65487,no_voluntary_discards,4.2752083333333335,0.0,4.1322222222222225,810.0,
65488,no_voluntary_discards,4.728125,0.0,4.125,810.0,
65489,no_voluntary_discards,5.259166666666666,0.0,5.321666666666666,810.0,
65490,no_voluntary_discards,4.2752083333333335,0.0,4.1322222222222225,810.0,
65491,no_voluntary_discards,3.9258333333333333,0.0,3.7805555555555554,1000.0,
65492,no_voluntary_discards,4.3770138888888885,0.0,4.351111111111111,1000.0,
65359,no_voluntary_discards,0.0,0.0,0.0,0.0,
65354,no_voluntary_discards,0.9254861111111111,0.0,1.0361111111111112,630.0,
65493,no_voluntary_discards,3.008472222222222,0.0,2.9544444444444444,1000.0,
65360,no_voluntary_discards,0.0005555555555555556,0.0,0.0,0.0,
65356,no_voluntary_discards,0.28430555555555553,0.0,0.34444444444444444,690.0,
65494,no_voluntary_discards,3.2627083333333333,0.0,3.108888888888889,980.0,
65361,no_voluntary_discards,0.0,0.0,0.0,0.0,
65355,no_voluntary_discards,0.8668750000000001,0.0,0.7277777777777777,630.0,
65495,no_voluntary_discards,4.060763888888888,0.0,3.858888888888889,1060.0,
65357,no_voluntary_discards,0.5349305555555556,0.0,0.6827777777777778,660.0,
65362,no_voluntary_discards,0.0,0.0,0.0,0.0,
65496,no_voluntary_discards,3.584305555555556,0.0,3.3227777777777776,1040.0,
65363,no_voluntary_discards,0.0005555555555555556,0.0,0.0,0.0,
65497,no_voluntary_discards,2.7683333333333335,0.0,2.4922222222222223,680.0,
65498,no_voluntary_discards,3.1975694444444445,0.0,2.87,730.0,
65499,no_voluntary_discards,2.9247916666666667,0.0,2.645,730.0,
65500,no_voluntary_discards,2.951736111111111,0.0,2.9522222222222223,730.0,
65501,no_voluntary_discards,2.966736111111111,0.0,3.075,740.0,
65502,no_voluntary_discards,3.0415972222222223,0.0,2.948888888888889,730.0,
65503,no_voluntary_discards,1.5844444444444443,0.0,1.4638888888888888,620.0,
65504,no_voluntary_discards,1.5309027777777777,0.0,1.461111111111111,600.0,
65505,no_voluntary_discards,1.454236111111111,0.0,1.4116666666666666,610.0,
65506,no_voluntary_discards,1.5844444444444443,0.0,1.4638888888888888,620.0,
65507,no_voluntary_discards,1.5309027777777777,0.0,1.461111111111111,600.0,
65508,no_voluntary_discards,1.454236111111111,0.0,1.4116666666666666,610.0,
65629,no_voluntary_discards,0.4699305555555556,0.0,0.43833333333333335,800.0,
65631,no_voluntary_discards,0.9234027777777778,0.0,1.0233333333333334,810.0,
65630,no_voluntary_discards,0.515625,0.0,0.6711111111111111,820.0,
65632,no_voluntary_discards,0.4610416666666667,0.0,0.5055555555555555,820.0,
65364,no_voluntary_discards,0.0,0.0,0.0,0.0,
65633,no_voluntary_discards,0.4394444444444444,0.0,0.5622222222222222,820.0,
65634,no_voluntary_discards,0.7736111111111111,0.0,0.8083333333333333,810.0,
65635,no_voluntary_discards,1.3166666666666667,0.0,1.3122222222222222,790.0,
65636,no_voluntary_discards,0.8124305555555555,0.0,0.8122222222222222,850.0,
65637,no_voluntary_discards,0.6826388888888889,0.0,0.6805555555555556,720.0,
65639,no_voluntary_discards,1.119513888888889,0.0,1.075,850.0,
65638,no_voluntary_discards,1.43375,0.0,1.3816666666666666,820.0,
65640,no_voluntary_discards,1.0809722222222222,0.0,1.0783333333333334,770.0,
65358,no_voluntary_discards,0.49583333333333335,0.0,0.4533333333333333,660.0,
65641,no_voluntary_discards,0.45361111111111113,0.0,0.41333333333333333,750.0,
65642,no_voluntary_discards,0.42569444444444443,0.0,0.3338888888888889,740.0,
65644,no_voluntary_discards,0.46569444444444447,0.0,0.36333333333333334,740.0,
65643,no_voluntary_discards,0.7255555555555555,0.0,0.7566666666666667,710.0,
65645,no_voluntary_discards,0.42569444444444443,0.0,0.3338888888888889,740.0,
65646,no_voluntary_discards,0.5720833333333334,0.0,0.5561111111111111,740.0,
65647,no_voluntary_discards,0.0,0.0,0.0,0.0,
65648,no_voluntary_discards,0.0,0.0,0.0,0.0,
65649,no_voluntary_discards,0.0,0.0,0.0,0.0,
65651,no_voluntary_discards,0.0,0.0,0.0,0.0,
65652,no_voluntary_discards,0.0,0.0,0.0,0.0,
65650,no_voluntary_discards,0.0,0.0,0.0,0.0,
64921,submitted,5.0436805555555555,0.0,4.943888888888889,990.0,
65773,no_voluntary_discards,4.019930555555556,0.0,3.9427777777777777,1000.0,
65775,no_voluntary_discards,4.532777777777778,0.0,4.427222222222222,1000.0,
65774,no_voluntary_discards,3.6908333333333334,0.0,3.681111111111111,1000.0,
65776,no_voluntary_discards,4.483333333333333,0.0,4.7011111111111115,1500.0,
65780,no_voluntary_discards,3.538402777777778,0.0,3.8338888888888887,970.0,
65779,no_voluntary_discards,3.5965972222222224,0.0,3.5566666666666666,980.0,
65781,no_voluntary_discards,3.839652777777778,0.0,3.7844444444444445,980.0,
65777,no_voluntary_discards,3.6056944444444445,0.0,3.675,1500.0,
65778,no_voluntary_discards,4.121041666666667,0.0,4.263888888888889,1500.0,
65783,no_voluntary_discards,3.16,0.0,3.243888888888889,1450.0,
65784,no_voluntary_discards,3.482222222222222,0.0,3.468888888888889,1440.0,
65782,no_voluntary_discards,3.6118055555555557,0.0,3.6966666666666668,1430.0,
65793,no_voluntary_discards,1.3957638888888888,0.0,1.586111111111111,710.0,
65791,no_voluntary_discards,1.1675694444444444,0.0,1.2861111111111112,680.0,
65796,no_voluntary_discards,1.3828472222222223,0.0,1.7144444444444444,840.0,
65794,no_voluntary_discards,1.3759027777777777,0.0,1.1905555555555556,870.0,
65792,no_voluntary_discards,1.166388888888889,0.0,1.1822222222222223,690.0,
65795,no_voluntary_discards,1.4204166666666667,0.0,1.3483333333333334,840.0,
65785,no_voluntary_discards,3.194375,0.0,3.1016666666666666,900.0,
65786,no_voluntary_discards,3.4477083333333334,0.0,3.0477777777777777,880.0,
65787,no_voluntary_discards,2.566597222222222,0.0,2.4072222222222224,860.0,
65789,no_voluntary_discards,2.686111111111111,0.0,2.6305555555555555,1150.0,
65788,no_voluntary_discards,3.1661111111111113,0.0,2.966666666666667,1150.0,
65790,no_voluntary_discards,2.7847916666666666,0.0,2.8555555555555556,1130.0,
65917,no_voluntary_discards,0.27152777777777776,0.0,0.29444444444444445,1000.0,
65923,no_voluntary_discards,1.0095833333333333,0.0,0.85,980.0,
65918,no_voluntary_discards,0.6523611111111111,0.0,0.72,1000.0,
65919,no_voluntary_discards,0.6748611111111111,0.0,0.6444444444444445,1000.0,
65920,no_voluntary_discards,0.5064583333333333,0.0,0.54,1500.0,
65924,no_voluntary_discards,0.8436111111111111,0.0,0.9166666666666666,980.0,
65922,no_voluntary_discards,0.44743055555555555,0.0,0.46055555555555555,1490.0,
65921,no_voluntary_discards,0.4075,0.0,0.43944444444444447,1500.0,
65929,no_voluntary_discards,0.4957638888888889,0.0,0.3705555555555556,890.0,
65925,no_voluntary_discards,0.9094444444444445,0.0,0.9044444444444445,980.0,
65926,no_voluntary_discards,0.5280555555555555,0.0,0.4961111111111111,1470.0,
65928,no_voluntary_discards,0.5026388888888889,0.0,0.5394444444444444,1470.0,
65927,no_voluntary_discards,0.30604166666666666,0.0,0.19944444444444445,1460.0,
66061,no_voluntary_discards,7.544236111111111,0.0,7.181666666666667,850.0,
66062,no_voluntary_discards,7.4425,0.0,7.1722222222222225,850.0,
66063,no_voluntary_discards,6.701527777777778,0.0,6.458333333333333,850.0,
66064,no_voluntary_discards,8.664375,0.0,8.194444444444445,970.0,
65930,no_voluntary_discards,0.5142361111111111,0.0,0.4777777777777778,910.0,
66065,no_voluntary_discards,3.441597222222222,0.0,3.5044444444444443,890.0,
66066,no_voluntary_discards,6.197986111111111,0.0,6.272777777777778,930.0,
66067,no_voluntary_discards,6.0625,0.0,6.214444444444444,790.0,
66068,no_voluntary_discards,5.381458333333334,0.0,5.332777777777777,790.0,
66069,no_voluntary_discards,8.279583333333333,0.0,8.667777777777777,830.0,
66070,no_voluntary_discards,6.0625,0.0,6.214444444444444,790.0,
66071,no_voluntary_discards,5.381458333333334,0.0,5.332777777777777,790.0,
66072,no_voluntary_discards,8.279583333333333,0.0,8.667777777777777,830.0,
66073,no_voluntary_discards,4.578125,0.0,4.592222222222222,720.0,
66074,no_voluntary_discards,5.136875,0.0,5.016666666666667,730.0,
66075,no_voluntary_discards,5.232986111111111,0.0,5.218333333333334,750.0,
66076,no_voluntary_discards,4.578125,0.0,4.592222222222222,720.0,
65935,no_voluntary_discards,0.0,0.0,0.0,250.0,
66077,no_voluntary_discards,5.136875,0.0,5.016666666666667,730.0,
65936,no_voluntary_discards,0.0,0.0,0.015555555555555555,270.0,
65937,no_voluntary_discards,0.0005555555555555556,0.0,0.01,260.0,
66078,no_voluntary_discards,5.232986111111111,0.0,5.218333333333334,750.0,
66079,no_voluntary_discards,1.245763888888889,0.0,1.145,640.0,
66080,no_voluntary_discards,1.5402777777777779,0.0,1.0361111111111112,640.0,
66081,no_voluntary_discards,1.3365277777777778,0.0,1.271111111111111,640.0,
65938,no_voluntary_discards,0.006805555555555556,0.0,0.0044444444444444444,410.0,
66082,no_voluntary_discards,1.245763888888889,0.0,1.145,640.0,
66083,no_voluntary_discards,1.5402777777777779,0.0,1.0361111111111112,640.0,
66084,no_voluntary_discards,1.3365277777777778,0.0,1.271111111111111,640.0,
66205,no_voluntary_discards,1.3763194444444444,0.0,1.3044444444444445,860.0,
66206,no_voluntary_discards,0.8601388888888889,0.0,0.8861111111111111,820.0,
66207,no_voluntary_discards,1.658125,0.0,1.8027777777777778,880.0,
66208,no_voluntary_discards,1.3763194444444444,0.0,1.3044444444444445,860.0,
66209,no_voluntary_discards,0.8601388888888889,0.0,0.8861111111111111,820.0,
66211,no_voluntary_discards,1.3080555555555555,0.0,1.3288888888888888,800.0,
66210,no_voluntary_discards,1.658125,0.0,1.8027777777777778,880.0,
65939,no_voluntary_discards,0.003611111111111111,0.0,0.0,410.0,
65940,no_voluntary_discards,0.0077777777777777776,0.0,0.0,420.0,
66212,no_voluntary_discards,1.303125,0.0,1.05,770.0,
66213,no_voluntary_discards,1.9831944444444445,0.0,1.9244444444444444,810.0,
66214,no_voluntary_discards,1.3080555555555555,0.0,1.3288888888888888,800.0,
66215,no_voluntary_discards,1.303125,0.0,1.05,770.0,
66216,no_voluntary_discards,1.9831944444444445,0.0,1.9244444444444444,810.0,
66217,no_voluntary_discards,0.4829861111111111,0.0,0.6405555555555555,690.0,
66218,no_voluntary_discards,0.47805555555555557,0.0,0.6627777777777778,710.0,
66220,no_voluntary_discards,0.4829861111111111,0.0,0.6405555555555555,690.0,
66219,no_voluntary_discards,0.6290972222222222,0.0,0.5561111111111111,680.0,
66221,no_voluntary_discards,0.47805555555555557,0.0,0.6627777777777778,710.0,
66222,no_voluntary_discards,0.6290972222222222,0.0,0.5561111111111111,680.0,
66223,no_voluntary_discards,0.0,0.0,0.0,0.0,
66224,no_voluntary_discards,0.0,0.0,0.0,0.0,
65931,no_voluntary_discards,0.42381944444444447,0.0,0.43333333333333335,890.0,
66225,no_voluntary_discards,0.0,0.0,0.0,0.0,
66226,no_voluntary_discards,0.0,0.0,0.0,0.0,
66227,no_voluntary_discards,0.0,0.0,0.0,0.0,
66228,no_voluntary_discards,0.0,0.0,0.0,0.0,
65932,no_voluntary_discards,0.3328472222222222,0.0,0.39166666666666666,1180.0,
65933,no_voluntary_discards,0.3040277777777778,0.0,0.33055555555555555,1190.0,
65934,no_voluntary_discards,0.2752777777777778,0.0,0.40944444444444444,1220.0,
67513,no_voluntary_discards,3.405,0.0,3.2151388888888888,670.0,
67508,no_voluntary_discards,2.612222222222222,0.0,2.9470833333333335,730.0,
67507,no_voluntary_discards,5.708333333333333,0.0,5.595347222222222,750.0,
65652,submitted,0.07194444444444445,0.0,0.04888888888888889,1490.0,
67510,no_voluntary_discards,5.708333333333333,0.0,5.595347222222222,750.0,
67511,no_voluntary_discards,2.612222222222222,0.0,2.9470833333333335,730.0,
67512,no_voluntary_discards,4.348888888888889,0.0,4.221180555555556,760.0,
67509,no_voluntary_discards,3.4477777777777776,0.0,3.35,750.0,
67501,no_voluntary_discards,0.7216666666666667,0.0,0.8973611111111112,790.0,
67502,no_voluntary_discards,4.508333333333334,0.0,4.105625,810.0,
67503,no_voluntary_discards,6.270555555555555,0.0,6.318402777777778,780.0,
67504,no_voluntary_discards,3.0388888888888888,0.0,2.9246527777777778,790.0,
67506,no_voluntary_discards,6.6594444444444445,0.0,6.774930555555556,800.0,
67505,no_voluntary_discards,6.821666666666666,0.0,6.919722222222222,790.0,
67519,no_voluntary_discards,0.7366666666666667,0.0,0.8940277777777778,480.0,
67521,no_voluntary_discards,0.6877777777777778,0.0,0.6645138888888888,380.0,
67520,no_voluntary_discards,0.8222222222222222,0.0,1.0184722222222222,470.0,
67523,no_voluntary_discards,0.8783333333333333,0.0,1.005486111111111,470.0,
67522,no_voluntary_discards,0.8377777777777777,0.0,0.8910416666666667,510.0,
67524,no_voluntary_discards,0.7494444444444445,0.0,0.6302777777777778,390.0,
67514,no_voluntary_discards,3.372777777777778,0.0,3.214236111111111,680.0,
67515,no_voluntary_discards,3.781111111111111,0.0,3.550625,670.0,
67517,no_voluntary_discards,3.372777777777778,0.0,3.214236111111111,680.0,
67516,no_voluntary_discards,3.405,0.0,3.2151388888888888,670.0,
67518,no_voluntary_discards,3.9072222222222224,0.0,3.832638888888889,670.0,
67646,no_voluntary_discards,0.0,0.0,0.012916666666666667,790.0,
67645,no_voluntary_discards,0.0,0.0,0.0016666666666666666,790.0,
67647,no_voluntary_discards,0.024444444444444446,0.0,0.04604166666666667,780.0,
67651,no_voluntary_discards,0.01,0.0,0.06305555555555556,710.0,
67653,no_voluntary_discards,0.0811111111111111,0.0,0.07541666666666666,680.0,
67652,no_voluntary_discards,0.36333333333333334,0.0,0.3425,680.0,
67648,no_voluntary_discards,0.0,0.0,0.007013888888888889,740.0,
67650,no_voluntary_discards,0.1688888888888889,0.0,0.052569444444444446,750.0,
67649,no_voluntary_discards,0.0,0.0,0.0,740.0,
67657,no_voluntary_discards,0.0,0.0,0.003194444444444444,570.0,
67658,no_voluntary_discards,0.0,0.0,0.0,570.0,
69805,no_voluntary_discards,0.0,0.0,0.03298611111111111,770.0,
69806,no_voluntary_discards,0.16,0.0,0.10993055555555556,790.0,
69807,no_voluntary_discards,0.14444444444444443,0.0,0.10354166666666667,790.0,
69808,no_voluntary_discards,0.0,0.0,0.03298611111111111,770.0,
69809,no_voluntary_discards,0.16,0.0,0.10993055555555556,790.0,
67654,no_voluntary_discards,0.4722222222222222,0.0,0.48680555555555555,670.0,
69810,no_voluntary_discards,0.14444444444444443,0.0,0.10354166666666667,790.0,
69811,no_voluntary_discards,621.0094444444444,17.0,443.3797222222222,1000.0,1629
69812,no_voluntary_discards,510.8333333333333,14.0,428.92944444444447,1000.0,1662
67655,no_voluntary_discards,0.008333333333333333,0.0,0.008888888888888889,720.0,
69813,no_voluntary_discards,0.02666666666666667,0.0,0.14465277777777777,1000.0,1648
67656,no_voluntary_discards,0.013333333333333334,0.0,0.018125,710.0,
69814,no_voluntary_discards,0.06333333333333334,0.0,0.052847222222222226,1360.0,
69815,no_voluntary_discards,0.07166666666666667,0.0,0.03680555555555556,1130.0,
69816,no_voluntary_discards,0.013333333333333334,0.0,0.059305555555555556,1130.0,
69817,no_voluntary_discards,0.18944444444444444,0.0,0.23451388888888888,910.0,
69818,no_voluntary_discards,0.2722222222222222,0.0,0.16381944444444443,880.0,
69819,no_voluntary_discards,0.41444444444444445,0.0,0.2710416666666667,940.0,
69820,no_voluntary_discards,0.28944444444444445,0.0,0.22972222222222222,940.0,
69821,no_voluntary_discards,0.0661111111111111,0.0,0.04986111111111111,890.0,
69822,no_voluntary_discards,0.3372222222222222,0.0,0.2627083333333333,930.0,
69823,no_voluntary_discards,0.18888888888888888,0.0,0.20020833333333332,400.0,
69824,no_voluntary_discards,0.4,0.0,0.389375,410.0,
69825,no_voluntary_discards,0.405,0.0,0.33361111111111114,440.0,
69826,no_voluntary_discards,0.18888888888888888,0.0,0.20020833333333332,400.0,
69949,no_voluntary_discards,0.0,0.0,0.0,750.0,
69827,no_voluntary_discards,0.4,0.0,0.389375,410.0,
69828,no_voluntary_discards,0.405,0.0,0.33361111111111114,440.0,
69950,no_voluntary_discards,0.0,0.0,0.0,790.0,
69951,no_voluntary_discards,0.0,0.0,0.0,750.0,
69952,no_voluntary_discards,0.0,0.0,0.0,750.0,
69953,no_voluntary_discards,0.0,0.0,0.0,790.0,
69954,no_voluntary_discards,0.0,0.0,0.0,760.0,
69955,no_voluntary_discards,0.0,0.0,0.0,700.0,
67659,no_voluntary_discards,0.0,0.0,0.003472222222222222,570.0,
69956,no_voluntary_discards,0.0,0.0,0.0,700.0,
67660,no_voluntary_discards,0.005555555555555556,0.0,0.014375,560.0,
69957,no_voluntary_discards,0.0,0.0,0.0,700.0,
69958,no_voluntary_discards,0.0,0.0,0.0,700.0,
69959,no_voluntary_discards,0.0,0.0,0.0,700.0,
69960,no_voluntary_discards,0.0,0.0,0.0,700.0,
69961,no_voluntary_discards,0.0,0.0,0.0,600.0,
69962,no_voluntary_discards,0.0,0.0,0.0,600.0,
69963,no_voluntary_discards,0.0,0.0,0.0,600.0,
69964,no_voluntary_discards,0.0,0.0,0.0,600.0,
69965,no_voluntary_discards,0.0,0.0,0.0,600.0,
69966,no_voluntary_discards,0.0,0.0,0.0,600.0,
69967,no_voluntary_discards,0.0,0.0,0.0,140.0,
67661,no_voluntary_discards,0.013333333333333334,0.0,0.008055555555555555,570.0,
69968,no_voluntary_discards,0.0,0.0,0.0,130.0,
69969,no_voluntary_discards,0.0,0.0,0.0,210.0,
69970,no_voluntary_discards,0.0,0.0,0.0,140.0,
69971,no_voluntary_discards,0.0,0.0,0.0,130.0,
69972,no_voluntary_discards,0.0,0.0,0.0,160.0,
67663,no_voluntary_discards,0.0,0.0,0.0,460.0,
67664,no_voluntary_discards,0.0,0.0,0.0,480.0,
67665,no_voluntary_discards,0.0,0.0,0.0,470.0,
67666,no_voluntary_discards,0.0,0.0,0.0,450.0,
67667,no_voluntary_discards,0.0,0.0,0.0,470.0,
67668,no_voluntary_discards,0.0,0.0,0.0,460.0,
69949,submitted,0.0,0.0,0.0,970.0,
67662,no_voluntary_discards,0.0,0.0,0.004166666666666667,560.0,
72110,no_voluntary_discards,0.3655555555555556,0.0,0.36180555555555555,1000.0,
72109,no_voluntary_discards,0.2588888888888889,0.0,0.1975,1000.0,1795
72111,no_voluntary_discards,0.2088888888888889,0.0,0.15791666666666668,1000.0,
72114,no_voluntary_discards,0.1622222222222222,0.0,0.1961111111111111,1500.0,
72115,no_voluntary_discards,0.7755555555555556,0.0,0.8070833333333334,980.0,
72113,no_voluntary_discards,0.06111111111111111,0.0,0.09541666666666666,1500.0,
72112,no_voluntary_discards,0.04,0.0,0.1270138888888889,1500.0,
72116,no_voluntary_discards,0.43944444444444447,0.0,0.48756944444444444,820.0,
72117,no_voluntary_discards,0.8944444444444445,0.0,0.770625,980.0,
72121,no_voluntary_discards,0.735,0.0,0.7472916666666667,980.0,
72119,no_voluntary_discards,0.6061111111111112,0.0,0.38958333333333334,1500.0,
72118,no_voluntary_discards,0.6577777777777778,0.0,0.5322222222222223,1490.0,
72122,no_voluntary_discards,0.6655555555555556,0.0,0.7350694444444444,980.0,
72120,no_voluntary_discards,0.64,0.0,0.48604166666666665,1500.0,
72127,no_voluntary_discards,0.8288888888888889,0.0,0.63125,820.0,
72129,no_voluntary_discards,0.7411111111111112,0.0,0.8684722222222222,840.0,
72128,no_voluntary_discards,0.7205555555555555,0.0,0.8371527777777777,830.0,
72130,no_voluntary_discards,0.9066666666666666,0.0,1.0375694444444445,1350.0,
72131,no_voluntary_discards,0.8027777777777778,0.0,0.7127083333333333,1360.0,
72132,no_voluntary_discards,0.485,0.0,0.5911111111111111,1300.0,
72125,no_voluntary_discards,0.5522222222222222,0.0,0.6020833333333333,1440.0,
72123,no_voluntary_discards,0.9433333333333334,0.0,0.9234027777777778,990.0,
72126,no_voluntary_discards,0.6422222222222222,0.0,0.7285416666666666,1460.0,
72124,no_voluntary_discards,0.39444444444444443,0.0,0.45819444444444446,1490.0,
72253,no_voluntary_discards,0.0,0.0,0.0005555555555555556,920.0,
72254,no_voluntary_discards,0.0,0.0,0.0,1000.0,
72255,no_voluntary_discards,0.0,0.0,0.0007638888888888889,1000.0,
72256,no_voluntary_discards,0.0,0.0,0.002361111111111111,1400.0,
72259,no_voluntary_discards,0.0,0.0,0.0,980.0,
72260,no_voluntary_discards,0.011111111111111112,0.0,0.001388888888888889,910.0,
72257,no_voluntary_discards,0.0,0.0,0.0,1440.0,
72258,no_voluntary_discards,0.0,0.0,0.0,1390.0,
72261,no_voluntary_discards,0.0,0.0,0.0,980.0,
72262,no_voluntary_discards,0.0,0.0,0.00375,1390.0,
72265,no_voluntary_discards,0.0,0.0,0.0,890.0,
74413,no_voluntary_discards,0.035,0.0,0.19166666666666668,830.0,
72266,no_voluntary_discards,0.027777777777777776,0.0,0.002916666666666667,930.0,
74414,no_voluntary_discards,0.19444444444444445,0.0,0.17652777777777778,820.0,
74415,no_voluntary_discards,0.6961111111111111,0.0,0.5546527777777778,790.0,
74416,no_voluntary_discards,0.11722222222222223,0.0,0.17006944444444444,950.0,
74417,no_voluntary_discards,0.24888888888888888,0.0,0.12222222222222223,880.0,
74418,no_voluntary_discards,1.9166666666666667,0.0,1.9723611111111112,1090.0,
74419,no_voluntary_discards,4.445,0.0,4.316944444444444,860.0,
74420,no_voluntary_discards,4.817222222222222,0.0,4.481527777777778,850.0,
74421,no_voluntary_discards,4.696111111111111,0.0,4.672013888888889,880.0,
74422,no_voluntary_discards,4.445,0.0,4.316944444444444,860.0,
74423,no_voluntary_discards,4.817222222222222,0.0,4.481527777777778,850.0,
74424,no_voluntary_discards,4.696111111111111,0.0,4.672013888888889,880.0,
74425,no_voluntary_discards,2.69,0.0,2.7378472222222223,800.0,
74426,no_voluntary_discards,3.7355555555555555,0.0,3.8886805555555557,800.0,
74427,no_voluntary_discards,2.6033333333333335,0.0,2.591458333333333,820.0,
72264,no_voluntary_discards,0.0,0.0,0.0,1380.0,
74428,no_voluntary_discards,2.69,0.0,2.7378472222222223,800.0,
72263,no_voluntary_discards,0.011111111111111112,0.0,0.0,1220.0,
74429,no_voluntary_discards,3.7355555555555555,0.0,3.8886805555555557,800.0,
74430,no_voluntary_discards,2.6033333333333335,0.0,2.591458333333333,820.0,
74431,no_voluntary_discards,1.0966666666666667,0.0,1.1379166666666667,700.0,
74432,no_voluntary_discards,0.985,0.0,0.8677777777777778,700.0,
74433,no_voluntary_discards,0.7522222222222222,0.0,0.8831944444444445,720.0,
74434,no_voluntary_discards,1.0966666666666667,0.0,1.1379166666666667,700.0,
74435,no_voluntary_discards,0.985,0.0,0.8677777777777778,700.0,
74436,no_voluntary_discards,0.7522222222222222,0.0,0.8831944444444445,720.0,
74557,no_voluntary_discards,0.0,0.0,0.0,780.0,
74558,no_voluntary_discards,0.0,0.0,0.0,750.0,
74559,no_voluntary_discards,0.0,0.0,0.0025,760.0,
74560,no_voluntary_discards,0.0,0.0,0.0,780.0,
74561,no_voluntary_discards,0.0,0.0,0.0,750.0,
74562,no_voluntary_discards,0.0,0.0,0.0025,760.0,
74563,no_voluntary_discards,0.0,0.0,0.0009722222222222222,730.0,
74565,no_voluntary_discards,0.3238888888888889,0.0,0.28854166666666664,740.0,
74564,no_voluntary_discards,0.205,0.0,0.2507638888888889,790.0,
74566,no_voluntary_discards,0.0,0.0,0.0009722222222222222,730.0,
74568,no_voluntary_discards,0.3238888888888889,0.0,0.28854166666666664,740.0,
74567,no_voluntary_discards,0.205,0.0,0.2507638888888889,790.0,
74569,no_voluntary_discards,0.05,0.0,0.07326388888888889,750.0,
74570,no_voluntary_discards,0.0,0.0,0.0011111111111111111,740.0,
74571,no_voluntary_discards,0.006666666666666667,0.0,0.001388888888888889,750.0,
74572,no_voluntary_discards,0.05,0.0,0.07326388888888889,750.0,
74573,no_voluntary_discards,0.0,0.0,0.0011111111111111111,740.0,
74574,no_voluntary_discards,0.006666666666666667,0.0,0.001388888888888889,750.0,
74575,no_voluntary_discards,0.0,0.0,0.0,0.0,
74576,no_voluntary_discards,0.0,0.0,0.0,0.0,
74577,no_voluntary_discards,0.0,0.0,0.0,0.0,
74578,no_voluntary_discards,0.0,0.0,0.0,0.0,
76657,no_voluntary_discards,35858.85648148148,393.94444444444446,,150.0,281
74579,no_voluntary_discards,0.0,0.0,0.0,0.0,
74580,no_voluntary_discards,0.0,0.0,0.0,0.0,
76658,no_voluntary_discards,35575.947762345684,390.8333333333333,,150.0,281
76659,no_voluntary_discards,35682.16674382716,392.0,,150.0,277
76660,no_voluntary_discards,20493.10609567901,225.11111111111111,,300.0,408
76661,no_voluntary_discards,20073.98526234568,220.5,,300.0,426
76662,no_voluntary_discards,19957.334953703703,219.22222222222223,,300.0,411
76663,no_voluntary_discards,982.1080246913581,10.722222222222221,,500.0,660
76664,no_voluntary_discards,1063.3328703703705,11.61111111111111,,500.0,680
76665,no_voluntary_discards,1310.778086419753,14.333333333333334,,500.0,657
76666,no_voluntary_discards,21244.707330246914,233.38888888888889,,150.0,307
76667,no_voluntary_discards,21254.55200617284,233.5,,150.0,311
76668,no_voluntary_discards,21239.75848765432,233.33333333333334,,150.0,300
76669,no_voluntary_discards,5778.675231481481,63.44444444444444,,300.0,531
76670,no_voluntary_discards,5732.394058641975,62.94444444444444,,300.0,541
76671,no_voluntary_discards,6061.542592592592,66.55555555555556,,300.0,532
76672,no_voluntary_discards,4.811574074074074,0.0,,480.0,
76673,no_voluntary_discards,3.70516975308642,0.0,,470.0,
76674,no_voluntary_discards,3.97962962962963,0.0,,460.0,
76675,no_voluntary_discards,1.6557870370370371,0.0,,150.0,575
76676,no_voluntary_discards,1.4443672839506172,0.0,,150.0,578
76677,no_voluntary_discards,1.4216820987654322,0.0,,150.0,581
76678,no_voluntary_discards,1.5790123456790122,0.0,,300.0,603
76679,no_voluntary_discards,1.522067901234568,0.0,,300.0,607
76680,no_voluntary_discards,1.4543981481481483,0.0,,300.0,608
76681,no_voluntary_discards,1.6737654320987654,0.0,,450.0,
76682,no_voluntary_discards,1.5943672839506173,0.0,,450.0,
76683,no_voluntary_discards,1.5240740740740741,0.0,,450.0,
76684,no_voluntary_discards,0.04089506172839506,0.0,,0.0,
76685,no_voluntary_discards,0.036959876543209876,0.0,,0.0,
76686,no_voluntary_discards,0.0375,0.0,,0.0,
74414,submitted,0.2738888888888889,0.0,0.32319444444444445,960.0,
76687,no_voluntary_discards,0.04089506172839506,0.0,,0.0,
76688,no_voluntary_discards,0.036959876543209876,0.0,,0.0,
76689,no_voluntary_discards,0.0375,0.0,,0.0,
76690,no_voluntary_discards,0.04089506172839506,0.0,,0.0,
76801,no_voluntary_discards,32217.44938271605,353.94444444444446,,150.0,279
76691,no_voluntary_discards,0.036959876543209876,0.0,,0.0,
76692,no_voluntary_discards,0.0375,0.0,,0.0,
76802,no_voluntary_discards,32283.0388117284,354.6666666666667,,150.0,263
76803,no_voluntary_discards,32147.012808641975,353.1666666666667,,150.0,274
76804,no_voluntary_discards,16648.10910493827,182.88888888888889,,300.0,463
76805,no_voluntary_discards,16780.291435185187,184.33333333333334,,300.0,462
76806,no_voluntary_discards,16583.015046296296,182.16666666666666,,300.0,451
76807,no_voluntary_discards,750.420987654321,8.222222222222221,,500.0,686
76808,no_voluntary_discards,548.8027006172839,6.0,,500.0,690
76809,no_voluntary_discards,659.7331018518519,7.222222222222222,,500.0,679
76810,no_voluntary_discards,14159.02438271605,155.55555555555554,,150.0,385
76811,no_voluntary_discards,14260.28788580247,156.66666666666666,,150.0,387
76812,no_voluntary_discards,14184.460030864198,155.83333333333334,,150.0,386
76813,no_voluntary_discards,946.2635030864197,10.38888888888889,,300.0,492
76814,no_voluntary_discards,1138.3312500000002,12.5,,300.0,486
76815,no_voluntary_discards,941.3685185185186,10.333333333333334,,300.0,527
76816,no_voluntary_discards,0.9150462962962964,0.0,,500.0,
76817,no_voluntary_discards,0.7818672839506173,0.0,,500.0,719
76818,no_voluntary_discards,0.9557098765432099,0.0,,490.0,
76819,no_voluntary_discards,0.0,0.0,,0.0,
76820,no_voluntary_discards,0.0,0.0,,0.0,
76821,no_voluntary_discards,0.0,0.0,,0.0,
76822,no_voluntary_discards,0.0,0.0,,0.0,
76823,no_voluntary_discards,0.0,0.0,,0.0,
76824,no_voluntary_discards,0.0,0.0,,0.0,
76825,no_voluntary_discards,0.0,0.0,,0.0,
76826,no_voluntary_discards,0.0,0.0,,0.0,
76827,no_voluntary_discards,0.0,0.0,,0.0,
76828,no_voluntary_discards,0.0,0.0,,0.0,
76829,no_voluntary_discards,0.0,0.0,,0.0,
76830,no_voluntary_discards,0.0,0.0,,0.0,
76831,no_voluntary_discards,0.0,0.0,,0.0,
76832,no_voluntary_discards,0.0,0.0,,0.0,
76833,no_voluntary_discards,0.0,0.0,,0.0,
76834,no_voluntary_discards,0.0,0.0,,0.0,
76835,no_voluntary_discards,0.0,0.0,,0.0,
79489,no_voluntary_discards,38805.831712962965,213.16666666666666,,0.0,139
76836,no_voluntary_discards,0.0,0.0,,0.0,
79490,no_voluntary_discards,38573.22422839506,211.88888888888889,,0.0,140
79491,no_voluntary_discards,38851.39282407407,213.41666666666666,,0.0,139
79492,no_voluntary_discards,23241.64837962963,127.66666666666667,,150.0,147
79493,no_voluntary_discards,23059.412808641977,126.66666666666667,,150.0,146
79494,no_voluntary_discards,23418.413040123458,128.63888888888889,,150.0,147
79495,no_voluntary_discards,8589.092978395063,47.166666666666664,,300.0,262
79496,no_voluntary_discards,8861.58510802469,48.666666666666664,,300.0,265
79497,no_voluntary_discards,8781.121913580246,48.22222222222222,,300.0,260
79502,no_voluntary_discards,12419.716435185186,68.22222222222223,,0.0,268
79501,no_voluntary_discards,12197.259413580246,67.0,,0.0,267
79503,no_voluntary_discards,12217.525462962964,67.11111111111111,,0.0,267
79504,no_voluntary_discards,2402.9237654320987,13.194444444444445,,150.0,278
79505,no_voluntary_discards,2433.4492283950617,13.36111111111111,,150.0,277
72267,no_voluntary_discards,0.0,0.0,0.0,920.0,
79506,no_voluntary_discards,2428.254089506173,13.333333333333334,,150.0,275
79507,no_voluntary_discards,0.9960648148148148,0.0,,300.0,290
79508,no_voluntary_discards,0.9448302469135802,0.0,,300.0,288
79509,no_voluntary_discards,0.9634259259259258,0.0,,300.0,285
79513,no_voluntary_discards,0.05771604938271605,0.0,,0.0,
72268,no_voluntary_discards,0.0,0.0,0.002361111111111111,1470.0,
79514,no_voluntary_discards,0.08418209876543209,0.0,,0.0,
79515,no_voluntary_discards,0.05864197530864198,0.0,,0.0,
79516,no_voluntary_discards,0.05771604938271605,0.0,,0.0,
79517,no_voluntary_discards,0.08418209876543209,0.0,,0.0,
79518,no_voluntary_discards,0.05864197530864198,0.0,,0.0,
79519,no_voluntary_discards,0.05771604938271605,0.0,,0.0,
79520,no_voluntary_discards,0.08418209876543209,0.0,,0.0,
79521,no_voluntary_discards,0.05864197530864198,0.0,,0.0,
79525,no_voluntary_discards,0.005864197530864198,0.0,,0.0,
79526,no_voluntary_discards,0.0036265432098765435,0.0,,0.0,
79527,no_voluntary_discards,0.0030092592592592593,0.0,,0.0,
79528,no_voluntary_discards,0.005864197530864198,0.0,,0.0,
79529,no_voluntary_discards,0.0036265432098765435,0.0,,0.0,
79530,no_voluntary_discards,0.0030092592592592593,0.0,,0.0,
72271,no_voluntary_discards,0.0,0.0,0.004166666666666667,960.0,
79531,no_voluntary_discards,0.005864197530864198,0.0,,0.0,
79633,no_voluntary_discards,32692.167592592596,179.58333333333334,,0.0,171
79532,no_voluntary_discards,0.0036265432098765435,0.0,,0.0,
79634,no_voluntary_discards,32676.987500000003,179.5,,0.0,171
79533,no_voluntary_discards,0.0030092592592592593,0.0,,0.0,
79635,no_voluntary_discards,32682.073456790124,179.52777777777777,,0.0,171
79636,no_voluntary_discards,17400.772530864197,95.58333333333333,,150.0,178
79637,no_voluntary_discards,17213.52800925926,94.55555555555556,,150.0,179
79638,no_voluntary_discards,17041.826620370368,93.61111111111111,,150.0,179
79640,no_voluntary_discards,4895.675077160494,26.88888888888889,,300.0,308
79639,no_voluntary_discards,5102.700462962963,28.02777777777778,,300.0,312
79641,no_voluntary_discards,4986.79475308642,27.38888888888889,,300.0,307
79645,no_voluntary_discards,490.5135030864197,2.6944444444444446,,0.0,341
79646,no_voluntary_discards,298.3506172839506,1.6388888888888888,,0.0,339
79647,no_voluntary_discards,343.8714506172839,1.8888888888888888,,0.0,340
79648,no_voluntary_discards,0.005709876543209876,0.0,,150.0,347
79649,no_voluntary_discards,0.003703703703703704,0.0,,150.0,347
79650,no_voluntary_discards,0.0,0.0,,150.0,348
79651,no_voluntary_discards,0.003858024691358025,0.0,,300.0,359
79652,no_voluntary_discards,0.008641975308641976,0.0,,300.0,357
79653,no_voluntary_discards,0.0,0.0,,300.0,356
79658,no_voluntary_discards,0.0,0.0,,0.0,
79657,no_voluntary_discards,0.0,0.0,,0.0,
79659,no_voluntary_discards,0.0,0.0,,0.0,
72272,no_voluntary_discards,0.0,0.0,0.0044444444444444444,940.0,
72269,no_voluntary_discards,0.0,0.0,0.007361111111111112,1470.0,
79660,no_voluntary_discards,0.0,0.0,,0.0,
79661,no_voluntary_discards,0.0,0.0,,0.0,
79662,no_voluntary_discards,0.0,0.0,,0.0,
79664,no_voluntary_discards,0.0,0.0,,0.0,
79663,no_voluntary_discards,0.0,0.0,,0.0,
79665,no_voluntary_discards,0.0,0.0,,0.0,
79669,no_voluntary_discards,0.0,0.0,,0.0,
79670,no_voluntary_discards,0.0,0.0,,0.0,
79671,no_voluntary_discards,0.0,0.0,,0.0,
79672,no_voluntary_discards,0.0,0.0,,0.0,
79673,no_voluntary_discards,0.0,0.0,,0.0,
72270,no_voluntary_discards,0.008888888888888889,0.0,0.005555555555555556,1470.0,
53077,no_voluntary_discards,7.253909465020576,0.0,,440.0,
79675,no_voluntary_discards,0.0,0.0,,0.0,
79674,no_voluntary_discards,0.0,0.0,,0.0,
53078,no_voluntary_discards,7.3692386831275725,0.0,,430.0,
79676,no_voluntary_discards,0.0,0.0,,0.0,
79677,no_voluntary_discards,0.0,0.0,,0.0,
53079,no_voluntary_discards,5.818930041152263,0.0,,430.0,
53080,no_voluntary_discards,7.253909465020576,0.0,,440.0,
53081,no_voluntary_discards,7.3692386831275725,0.0,,430.0,
53082,no_voluntary_discards,5.818930041152263,0.0,,430.0,
72273,no_voluntary_discards,0.0,0.0,0.0,970.0,
53083,no_voluntary_discards,6.269753086419753,0.0,,380.0,
53084,no_voluntary_discards,5.6764403292181065,0.0,,390.0,
53085,no_voluntary_discards,5.666460905349794,0.0,,390.0,
53086,no_voluntary_discards,6.269753086419753,0.0,,380.0,
53087,no_voluntary_discards,5.6764403292181065,0.0,,390.0,
53088,no_voluntary_discards,5.666460905349794,0.0,,390.0,
53089,no_voluntary_discards,3.523456790123457,0.0,,280.0,
53090,no_voluntary_discards,2.2796296296296297,0.0,,290.0,
53091,no_voluntary_discards,2.8910493827160497,0.0,,270.0,
53092,no_voluntary_discards,3.523456790123457,0.0,,280.0,
53093,no_voluntary_discards,2.2796296296296297,0.0,,290.0,
53094,no_voluntary_discards,2.8910493827160497,0.0,,270.0,
53096,no_voluntary_discards,0.09537037037037038,0.0,,0.0,
53095,no_voluntary_discards,0.09598765432098766,0.0,,0.0,
53097,no_voluntary_discards,0.16141975308641976,0.0,,0.0,
53098,no_voluntary_discards,0.09598765432098766,0.0,,0.0,
53099,no_voluntary_discards,0.09537037037037038,0.0,,0.0,
53100,no_voluntary_discards,0.16141975308641976,0.0,,0.0,
53221,no_voluntary_discards,0.8308641975308642,0.0,,430.0,
53222,no_voluntary_discards,1.9510288065843622,0.0,,430.0,
53223,no_voluntary_discards,1.9378600823045267,0.0,,430.0,
53224,no_voluntary_discards,0.8308641975308642,0.0,,430.0,
53225,no_voluntary_discards,1.9510288065843622,0.0,,430.0,
53226,no_voluntary_discards,1.9378600823045267,0.0,,430.0,
53227,no_voluntary_discards,1.7468106995884773,0.0,,390.0,
53228,no_voluntary_discards,1.4334362139917696,0.0,,390.0,
53229,no_voluntary_discards,1.9721193415637859,0.0,,390.0,
53230,no_voluntary_discards,1.7468106995884773,0.0,,390.0,
53231,no_voluntary_discards,1.4334362139917696,0.0,,390.0,
53232,no_voluntary_discards,1.9721193415637859,0.0,,390.0,
53233,no_voluntary_discards,0.0940329218106996,0.0,,340.0,
53234,no_voluntary_discards,0.09773662551440329,0.0,,330.0,
53235,no_voluntary_discards,0.10164609053497943,0.0,,330.0,
53236,no_voluntary_discards,0.0940329218106996,0.0,,340.0,
53237,no_voluntary_discards,0.09773662551440329,0.0,,330.0,
53238,no_voluntary_discards,0.10164609053497943,0.0,,330.0,
53239,no_voluntary_discards,0.0,0.0,,0.0,
53240,no_voluntary_discards,0.0,0.0,,0.0,
53241,no_voluntary_discards,0.0,0.0,,0.0,
53242,no_voluntary_discards,0.0,0.0,,0.0,
53243,no_voluntary_discards,0.0,0.0,,0.0,
53244,no_voluntary_discards,0.0,0.0,,0.0,
55669,no_voluntary_discards,0.7055555555555556,0.0,0.6375,500.0,
55670,no_voluntary_discards,0.5518518518518518,0.0,0.3372685185185185,500.0,
55671,no_voluntary_discards,0.22870370370370371,0.0,0.4099537037037037,500.0,
55672,no_voluntary_discards,0.18518518518518517,0.0,0.2079861111111111,1000.0,
55673,no_voluntary_discards,0.13518518518518519,0.0,0.15949074074074074,990.0,
72274,no_voluntary_discards,0.0,0.0,0.0008333333333333334,1140.0,
55675,no_voluntary_discards,1.9037037037037037,0.0,1.8041666666666667,500.0,
55674,no_voluntary_discards,0.6564814814814814,0.0,0.7116898148148149,1000.0,
55676,no_voluntary_discards,2.3425925925925926,0.0,1.7881944444444444,500.0,
55677,no_voluntary_discards,1.7787037037037037,0.0,1.8373842592592593,500.0,
55678,no_voluntary_discards,0.5212962962962963,0.0,0.6945601851851853,1000.0,1077
55679,no_voluntary_discards,0.35648148148148145,0.0,0.533912037037037,980.0,
55681,no_voluntary_discards,0.8916666666666667,0.0,1.0017361111111112,500.0,
55682,no_voluntary_discards,0.7046296296296296,0.0,0.6821759259259259,500.0,1040
55680,no_voluntary_discards,0.49537037037037035,0.0,0.4895833333333333,1000.0,1078
55683,no_voluntary_discards,0.7037037037037037,0.0,0.7896990740740741,500.0,
55687,no_voluntary_discards,0.011111111111111112,0.0,0.09606481481481481,0.0,
55685,no_voluntary_discards,0.17407407407407408,0.0,0.23541666666666666,1000.0,1066
55684,no_voluntary_discards,0.37407407407407406,0.0,0.33784722222222224,1000.0,
72275,no_voluntary_discards,0.0,0.0,0.0,1110.0,
55686,no_voluntary_discards,0.19814814814814816,0.0,0.34849537037037037,1000.0,
55688,no_voluntary_discards,0.007407407407407408,0.0,0.07326388888888889,0.0,
55690,no_voluntary_discards,0.011111111111111112,0.0,0.09606481481481481,0.0,
55689,no_voluntary_discards,0.027777777777777776,0.0,0.13055555555555556,0.0,
55691,no_voluntary_discards,0.007407407407407408,0.0,0.07326388888888889,0.0,
55692,no_voluntary_discards,0.027777777777777776,0.0,0.13055555555555556,0.0,
55813,no_voluntary_discards,0.04259259259259259,0.0,0.030208333333333334,500.0,
72276,no_voluntary_discards,0.0,0.0,0.0031944444444444446,1130.0,
55815,no_voluntary_discards,0.040740740740740744,0.0,0.015393518518518518,500.0,1042
55814,no_voluntary_discards,0.049074074074074076,0.0,0.04236111111111111,500.0,
55816,no_voluntary_discards,0.0,0.0,0.002777777777777778,1000.0,
55817,no_voluntary_discards,0.0,0.0,0.0,1000.0,
55818,no_voluntary_discards,0.0,0.0,0.008217592592592592,1000.0,
55819,no_voluntary_discards,0.337037037037037,0.0,0.2652777777777778,500.0,
55821,no_voluntary_discards,0.29074074074074074,0.0,0.23043981481481482,500.0,
55820,no_voluntary_discards,0.18611111111111112,0.0,0.19849537037037038,500.0,
55822,no_voluntary_discards,0.007407407407407408,0.0,0.007870370370370371,1000.0,
55823,no_voluntary_discards,0.023148148148148147,0.0,0.008564814814814815,1000.0,
55825,no_voluntary_discards,0.0,0.0,0.007638888888888889,500.0,
55824,no_voluntary_discards,0.0,0.0,0.004398148148148148,1000.0,
55826,no_voluntary_discards,0.0,0.0,0.01087962962962963,500.0,1057
55827,no_voluntary_discards,0.0,0.0,0.018518518518518517,500.0,
55828,no_voluntary_discards,0.0,0.0,0.007638888888888889,990.0,
55829,no_voluntary_discards,0.0,0.0,0.00949074074074074,990.0,
55830,no_voluntary_discards,0.0,0.0,0.011111111111111112,990.0,
55831,no_voluntary_discards,0.0,0.0,0.000925925925925926,0.0,
55832,no_voluntary_discards,0.0,0.0,0.005324074074074074,0.0,
55833,no_voluntary_discards,0.0,0.0,0.0011574074074074073,0.0,
55834,no_voluntary_discards,0.0,0.0,0.000925925925925926,0.0,
55835,no_voluntary_discards,0.0,0.0,0.005324074074074074,0.0,
57973,no_voluntary_discards,0.8240740740740741,0.0,0.7873842592592593,490.0,
57974,no_voluntary_discards,0.5092592592592593,0.0,0.578587962962963,460.0,
57975,no_voluntary_discards,0.5185185185185185,0.0,0.6754629629629629,480.0,
57976,no_voluntary_discards,0.26851851851851855,0.0,0.2,440.0,
57977,no_voluntary_discards,0.10555555555555556,0.0,0.12094907407407407,440.0,
55836,no_voluntary_discards,0.0,0.0,0.0011574074074074073,0.0,
57978,no_voluntary_discards,0.026851851851851852,0.0,0.06342592592592593,460.0,
57979,no_voluntary_discards,0.5027777777777778,0.0,0.38252314814814814,390.0,
57982,no_voluntary_discards,0.3490740740740741,0.0,0.30972222222222223,400.0,
57981,no_voluntary_discards,0.6907407407407408,0.0,0.7168981481481481,470.0,
57980,no_voluntary_discards,0.5518518518518518,0.0,0.5722222222222222,400.0,
57983,no_voluntary_discards,0.29074074074074074,0.0,0.3685185185185185,400.0,
57984,no_voluntary_discards,0.47962962962962963,0.0,0.47800925925925924,400.0,
57985,no_voluntary_discards,0.3074074074074074,0.0,0.2814814814814815,320.0,
57986,no_voluntary_discards,0.6601851851851852,0.0,0.6508101851851852,320.0,
57987,no_voluntary_discards,0.7546296296296297,0.0,0.5530092592592593,320.0,
57988,no_voluntary_discards,0.3074074074074074,0.0,0.2814814814814815,320.0,
57990,no_voluntary_discards,0.7546296296296297,0.0,0.5530092592592593,320.0,
57989,no_voluntary_discards,0.6601851851851852,0.0,0.6508101851851852,320.0,
57991,no_voluntary_discards,0.075,0.0,0.06400462962962963,0.0,
57992,no_voluntary_discards,0.08981481481481482,0.0,0.08287037037037037,0.0,
57993,no_voluntary_discards,0.09074074074074075,0.0,0.05150462962962963,0.0,
57994,no_voluntary_discards,0.075,0.0,0.06400462962962963,0.0,
57995,no_voluntary_discards,0.08981481481481482,0.0,0.08287037037037037,0.0,
58117,no_voluntary_discards,1.7972222222222223,0.0,1.7622685185185185,410.0,
57996,no_voluntary_discards,0.09074074074074075,0.0,0.05150462962962963,0.0,
58118,no_voluntary_discards,1.1546296296296297,0.0,1.4460648148148147,420.0,
58119,no_voluntary_discards,1.4351851851851851,0.0,1.5471064814814814,410.0,
58120,no_voluntary_discards,1.7972222222222223,0.0,1.7622685185185185,410.0,
58122,no_voluntary_discards,1.4351851851851851,0.0,1.5471064814814814,410.0,
58121,no_voluntary_discards,1.1546296296296297,0.0,1.4460648148148147,420.0,
58123,no_voluntary_discards,2.0462962962962963,0.0,1.7436342592592593,380.0,
58124,no_voluntary_discards,1.8037037037037038,0.0,1.6655092592592593,380.0,
58125,no_voluntary_discards,1.9416666666666667,0.0,1.871412037037037,370.0,
58126,no_voluntary_discards,2.0462962962962963,0.0,1.7436342592592593,380.0,
58127,no_voluntary_discards,1.8037037037037038,0.0,1.6655092592592593,380.0,
58128,no_voluntary_discards,1.9416666666666667,0.0,1.871412037037037,370.0,
58129,no_voluntary_discards,0.13148148148148148,0.0,0.10335648148148148,320.0,
58130,no_voluntary_discards,0.13703703703703704,0.0,0.0980324074074074,320.0,
58131,no_voluntary_discards,0.03611111111111111,0.0,0.04363425925925926,310.0,
58132,no_voluntary_discards,0.13148148148148148,0.0,0.10335648148148148,320.0,
58133,no_voluntary_discards,0.13703703703703704,0.0,0.0980324074074074,320.0,
58134,no_voluntary_discards,0.03611111111111111,0.0,0.04363425925925926,310.0,
58135,no_voluntary_discards,0.0,0.0,0.0,0.0,
58136,no_voluntary_discards,0.0,0.0,0.0,0.0,
58137,no_voluntary_discards,0.0,0.0,0.0,0.0,
58138,no_voluntary_discards,0.0,0.0,0.0,0.0,
58139,no_voluntary_discards,0.0,0.0,0.0,0.0,
58140,no_voluntary_discards,0.0,0.0,0.0,0.0,
60277,no_voluntary_discards,0.0,0.0,0.04421296296296296,430.0,
60278,no_voluntary_discards,0.058333333333333334,0.0,0.016087962962962964,430.0,
60279,no_voluntary_discards,0.027777777777777776,0.0,0.04351851851851852,430.0,
60280,no_voluntary_discards,0.0,0.0,0.04421296296296296,430.0,
60281,no_voluntary_discards,0.058333333333333334,0.0,0.016087962962962964,430.0,
60282,no_voluntary_discards,0.027777777777777776,0.0,0.04351851851851852,430.0,
60283,no_voluntary_discards,0.08611111111111111,0.0,0.23032407407407407,390.0,
60284,no_voluntary_discards,0.20833333333333334,0.0,0.2673611111111111,400.0,
60285,no_voluntary_discards,0.20925925925925926,0.0,0.3144675925925926,380.0,
60286,no_voluntary_discards,0.08611111111111111,0.0,0.23032407407407407,390.0,
60288,no_voluntary_discards,0.20925925925925926,0.0,0.3144675925925926,380.0,
60287,no_voluntary_discards,0.20833333333333334,0.0,0.2673611111111111,400.0,
60289,no_voluntary_discards,0.21296296296296297,0.0,0.2798611111111111,320.0,
60290,no_voluntary_discards,0.5685185185185185,0.0,0.48935185185185187,310.0,
60291,no_voluntary_discards,0.2388888888888889,0.0,0.3579861111111111,320.0,
60292,no_voluntary_discards,0.21296296296296297,0.0,0.2798611111111111,320.0,
60293,no_voluntary_discards,0.5685185185185185,0.0,0.48935185185185187,310.0,
60294,no_voluntary_discards,0.2388888888888889,0.0,0.3579861111111111,320.0,
60295,no_voluntary_discards,0.0962962962962963,0.0,0.09618055555555555,0.0,
60296,no_voluntary_discards,0.08518518518518518,0.0,0.12106481481481482,0.0,
60297,no_voluntary_discards,0.025925925925925925,0.0,0.05578703703703704,0.0,
60298,no_voluntary_discards,0.0962962962962963,0.0,0.09618055555555555,0.0,
60299,no_voluntary_discards,0.08518518518518518,0.0,0.12106481481481482,0.0,
60300,no_voluntary_discards,0.025925925925925925,0.0,0.05578703703703704,0.0,
55673,submitted,0.937962962962963,0.0,0.9728009259259259,1000.0,
60421,no_voluntary_discards,0.0,0.0,0.0,440.0,
60422,no_voluntary_discards,0.0,0.0,0.0,440.0,
60423,no_voluntary_discards,0.0,0.0,0.0,440.0,
60424,no_voluntary_discards,0.0,0.0,0.0,440.0,
60425,no_voluntary_discards,0.0,0.0,0.0,440.0,
60427,no_voluntary_discards,0.0,0.0,0.0,390.0,
60426,no_voluntary_discards,0.0,0.0,0.0,440.0,
60428,no_voluntary_discards,0.0,0.0,0.001388888888888889,390.0,
60429,no_voluntary_discards,0.020370370370370372,0.0,0.0025462962962962965,390.0,
60430,no_voluntary_discards,0.0,0.0,0.0,390.0,
60431,no_voluntary_discards,0.0,0.0,0.001388888888888889,390.0,
60432,no_voluntary_discards,0.020370370370370372,0.0,0.0025462962962962965,390.0,
60433,no_voluntary_discards,0.0,0.0,0.001388888888888889,400.0,
60434,no_voluntary_discards,0.0,0.0,0.0,390.0,
60435,no_voluntary_discards,0.0,0.0,0.0,400.0,
60436,no_voluntary_discards,0.0,0.0,0.001388888888888889,400.0,
60437,no_voluntary_discards,0.0,0.0,0.0,390.0,
60438,no_voluntary_discards,0.0,0.0,0.0,400.0,
60439,no_voluntary_discards,0.0,0.0,0.0,0.0,
60440,no_voluntary_discards,0.0,0.0,0.0,0.0,
60441,no_voluntary_discards,0.0,0.0,0.0,0.0,
60442,no_voluntary_discards,0.0,0.0,0.0,0.0,
60443,no_voluntary_discards,0.0,0.0,0.0,0.0,
60444,no_voluntary_discards,0.0,0.0,0.0,0.0,
60289,submitted,0.9768518518518519,0.0,0.7998842592592592,390.0,
60293,submitted,0.8888888888888888,0.0,0.9662037037037037,750.0,
76811,submitted,17769.833179012345,195.22222222222223,,150.0,371
62593,no_voluntary_discards,0.4638888888888889,0.0,0.6009259259259259,370.0,
62587,no_voluntary_discards,1.7916666666666667,0.0,1.7037037037037037,440.0,
62588,no_voluntary_discards,1.4268518518518518,0.0,1.6628472222222221,430.0,
62591,no_voluntary_discards,0.7962962962962963,0.0,0.8627314814814815,920.0,
62589,no_voluntary_discards,1.6564814814814814,0.0,1.6388888888888888,450.0,
62590,no_voluntary_discards,0.4,0.0,0.6137731481481481,920.0,
62582,no_voluntary_discards,0.812962962962963,0.0,0.8951388888888889,470.0,
62584,no_voluntary_discards,0.14444444444444443,0.0,0.21724537037037037,930.0,
62583,no_voluntary_discards,1.35,0.0,1.6600694444444444,460.0,
62586,no_voluntary_discards,0.044444444444444446,0.0,0.08877314814814814,930.0,
62585,no_voluntary_discards,0.39537037037037037,0.0,0.31689814814814815,940.0,
62581,no_voluntary_discards,1.337037037037037,0.0,1.2638888888888888,470.0,
62592,no_voluntary_discards,0.6787037037037037,0.0,0.6023148148148149,950.0,
62594,no_voluntary_discards,0.8398148148148148,0.0,0.6048611111111111,370.0,
62600,no_voluntary_discards,0.11481481481481481,0.0,0.15208333333333335,220.0,
62599,no_voluntary_discards,0.16666666666666666,0.0,0.12314814814814815,210.0,
62601,no_voluntary_discards,0.10555555555555556,0.0,0.09282407407407407,200.0,
62603,no_voluntary_discards,0.12777777777777777,0.0,0.15,740.0,
62602,no_voluntary_discards,0.2351851851851852,0.0,0.20891203703703703,720.0,
62604,no_voluntary_discards,0.16296296296296298,0.0,0.21203703703703702,730.0,
62595,no_voluntary_discards,1.037962962962963,0.0,1.0486111111111112,390.0,
62596,no_voluntary_discards,0.7083333333333334,0.0,0.5546296296296296,850.0,
62598,no_voluntary_discards,0.7416666666666667,0.0,0.8658564814814815,890.0,
62597,no_voluntary_discards,0.5527777777777778,0.0,0.7156250000000001,900.0,
62725,no_voluntary_discards,0.009259259259259259,0.0,0.03888888888888889,450.0,
62726,no_voluntary_discards,0.09351851851851851,0.0,0.13136574074074073,450.0,
62727,no_voluntary_discards,0.0,0.0,0.01678240740740741,460.0,
62728,no_voluntary_discards,0.0,0.0,0.0,920.0,
62731,no_voluntary_discards,0.027777777777777776,0.0,0.008796296296296297,390.0,
62733,no_voluntary_discards,0.025925925925925925,0.0,0.0,390.0,
62732,no_voluntary_discards,0.018518518518518517,0.0,0.008564814814814815,380.0,
62734,no_voluntary_discards,0.0,0.0,0.004398148148148148,880.0,
62729,no_voluntary_discards,0.0,0.0,0.0,920.0,
62730,no_voluntary_discards,0.0,0.0,0.0,920.0,
62737,no_voluntary_discards,0.0,0.0,0.003703703703703704,390.0,
62738,no_voluntary_discards,0.0,0.0,0.0030092592592592593,400.0,
64021,no_voluntary_discards,4.792708333333334,0.0,4.738888888888889,500.0,
64022,no_voluntary_discards,5.065625,0.0,5.391666666666667,500.0,
64023,no_voluntary_discards,5.493518518518519,0.0,5.138888888888889,500.0,
64024,no_voluntary_discards,4.020717592592592,0.0,4.020370370370371,950.0,
64025,no_voluntary_discards,4.078356481481482,0.0,4.400925925925926,940.0,
64026,no_voluntary_discards,3.587962962962963,0.0,3.4935185185185187,960.0,
64027,no_voluntary_discards,4.659027777777777,0.0,4.1537037037037035,500.0,
64028,no_voluntary_discards,4.853125,0.0,4.962037037037037,500.0,
64029,no_voluntary_discards,4.547916666666667,0.0,4.902777777777778,500.0,
64030,no_voluntary_discards,3.009259259259259,0.0,2.658333333333333,930.0,
64031,no_voluntary_discards,3.2375,0.0,3.199074074074074,920.0,
64032,no_voluntary_discards,3.345601851851852,0.0,3.189814814814815,930.0,
64033,no_voluntary_discards,1.7644675925925926,0.0,1.8018518518518518,500.0,
64034,no_voluntary_discards,1.717476851851852,0.0,1.724074074074074,500.0,
64035,no_voluntary_discards,1.614699074074074,0.0,1.7453703703703705,500.0,
64036,no_voluntary_discards,1.498726851851852,0.0,1.862037037037037,830.0,
64037,no_voluntary_discards,1.487962962962963,0.0,1.4092592592592592,810.0,
64038,no_voluntary_discards,1.6087962962962963,0.0,1.7842592592592592,820.0,
64039,no_voluntary_discards,0.06388888888888888,0.0,0.22407407407407406,0.0,
64040,no_voluntary_discards,0.09212962962962963,0.0,0.19444444444444445,0.0,
64041,no_voluntary_discards,0.05972222222222222,0.0,0.20925925925925926,0.0,
64042,no_voluntary_discards,0.06388888888888888,0.0,0.22407407407407406,0.0,
64043,no_voluntary_discards,0.09212962962962963,0.0,0.19444444444444445,0.0,
64044,no_voluntary_discards,0.05972222222222222,0.0,0.20925925925925926,0.0,
64165,no_voluntary_discards,2.0366898148148147,0.0,1.9592592592592593,500.0,
64166,no_voluntary_discards,1.9680555555555554,0.0,2.214814814814815,500.0,
62743,no_voluntary_discards,0.0,0.0,0.0,0.0,
64167,no_voluntary_discards,0.8317129629629629,0.0,0.7296296296296296,500.0,
62736,no_voluntary_discards,0.0,0.0,0.0,890.0,
64168,no_voluntary_discards,0.9125,0.0,0.8361111111111111,980.0,
62735,no_voluntary_discards,0.016666666666666666,0.0,0.004398148148148148,920.0,
62744,no_voluntary_discards,0.0,0.0,0.0,0.0,
62745,no_voluntary_discards,0.0,0.0,0.0,0.0,
64170,no_voluntary_discards,0.8233796296296296,0.0,0.7203703703703703,1000.0,
64169,no_voluntary_discards,0.8041666666666667,0.0,0.8916666666666667,990.0,
64171,no_voluntary_discards,0.6600694444444444,0.0,0.649074074074074,490.0,
64172,no_voluntary_discards,0.4826388888888889,0.0,0.6212962962962963,490.0,
64173,no_voluntary_discards,0.6679398148148148,0.0,0.6166666666666667,500.0,
64174,no_voluntary_discards,0.5170138888888889,0.0,0.412962962962963,980.0,
64175,no_voluntary_discards,0.3277777777777778,0.0,0.362962962962963,980.0,
64176,no_voluntary_discards,0.3418981481481482,0.0,0.31851851851851853,980.0,
64177,no_voluntary_discards,0.028125,0.0,0.03333333333333333,500.0,
62746,no_voluntary_discards,0.0,0.0,0.003472222222222222,740.0,
64178,no_voluntary_discards,0.01909722222222222,0.0,0.023148148148148147,490.0,
64179,no_voluntary_discards,0.034375,0.0,0.026851851851851852,500.0,
64180,no_voluntary_discards,0.03553240740740741,0.0,0.03148148148148148,770.0,
64181,no_voluntary_discards,0.02523148148148148,0.0,0.022222222222222223,760.0,
64182,no_voluntary_discards,0.025694444444444443,0.0,0.014814814814814815,750.0,
64183,no_voluntary_discards,0.0,0.0,0.009259259259259259,0.0,
64184,no_voluntary_discards,0.0,0.0,0.007407407407407408,0.0,
64185,no_voluntary_discards,0.0,0.0,0.0,0.0,
64186,no_voluntary_discards,0.0,0.0,0.009259259259259259,0.0,
64188,no_voluntary_discards,0.0,0.0,0.0,0.0,
64187,no_voluntary_discards,0.0,0.0,0.007407407407407408,0.0,
64309,no_voluntary_discards,3.468634259259259,0.0,2.876851851851852,460.0,
64310,no_voluntary_discards,5.127083333333333,0.0,5.099074074074074,460.0,
64311,no_voluntary_discards,3.8569444444444443,0.0,3.787037037037037,460.0,
64312,no_voluntary_discards,3.0349537037037035,0.0,2.9592592592592593,490.0,
64313,no_voluntary_discards,5.113773148148148,0.0,4.999074074074074,480.0,
64314,no_voluntary_discards,3.3342592592592593,0.0,3.4833333333333334,470.0,
64315,no_voluntary_discards,3.7122685185185187,0.0,3.612037037037037,430.0,
64316,no_voluntary_discards,2.3581018518518517,0.0,2.214814814814815,410.0,
64317,no_voluntary_discards,3.1069444444444443,0.0,2.689814814814815,420.0,
64318,no_voluntary_discards,3.7122685185185187,0.0,3.612037037037037,430.0,
62747,no_voluntary_discards,0.0,0.0,0.0016203703703703703,840.0,
64319,no_voluntary_discards,2.3581018518518517,0.0,2.214814814814815,410.0,
64320,no_voluntary_discards,3.1069444444444443,0.0,2.689814814814815,420.0,
64321,no_voluntary_discards,1.5795138888888889,0.0,1.6703703703703703,320.0,
64322,no_voluntary_discards,2.113541666666667,0.0,1.6805555555555556,310.0,
64323,no_voluntary_discards,1.724537037037037,0.0,1.4064814814814814,320.0,
64324,no_voluntary_discards,1.5795138888888889,0.0,1.6703703703703703,320.0,
64325,no_voluntary_discards,2.113541666666667,0.0,1.6805555555555556,310.0,
64326,no_voluntary_discards,1.724537037037037,0.0,1.4064814814814814,320.0,
64327,no_voluntary_discards,0.11712962962962963,0.0,0.07962962962962963,0.0,
64328,no_voluntary_discards,0.09375,0.0,0.1259259259259259,0.0,
64329,no_voluntary_discards,0.16446759259259258,0.0,0.24444444444444444,0.0,
64330,no_voluntary_discards,0.11712962962962963,0.0,0.07962962962962963,0.0,
64331,no_voluntary_discards,0.09375,0.0,0.1259259259259259,0.0,
64332,no_voluntary_discards,0.16446759259259258,0.0,0.24444444444444444,0.0,
64453,no_voluntary_discards,1.303125,0.0,1.5564814814814816,400.0,
64454,no_voluntary_discards,2.2128472222222224,0.0,2.1,440.0,
64455,no_voluntary_discards,1.8484953703703704,0.0,1.6305555555555555,410.0,
64456,no_voluntary_discards,1.303125,0.0,1.5564814814814816,400.0,
64457,no_voluntary_discards,2.2128472222222224,0.0,2.1,440.0,
64458,no_voluntary_discards,1.8484953703703704,0.0,1.6305555555555555,410.0,
64459,no_voluntary_discards,1.7172453703703705,0.0,1.7972222222222223,390.0,
64460,no_voluntary_discards,1.8233796296296296,0.0,1.538888888888889,380.0,
62748,no_voluntary_discards,0.0,0.0,0.0027777777777777775,810.0,
64461,no_voluntary_discards,1.6505787037037036,0.0,1.5916666666666666,390.0,
64462,no_voluntary_discards,1.7172453703703705,0.0,1.7972222222222223,390.0,
64463,no_voluntary_discards,1.8233796296296296,0.0,1.538888888888889,380.0,
64464,no_voluntary_discards,1.6505787037037036,0.0,1.5916666666666666,390.0,
64465,no_voluntary_discards,0.13796296296296295,0.0,0.2037037037037037,340.0,
64466,no_voluntary_discards,0.12569444444444444,0.0,0.04814814814814815,330.0,
64468,no_voluntary_discards,0.13796296296296295,0.0,0.2037037037037037,340.0,
64467,no_voluntary_discards,0.08877314814814816,0.0,0.18518518518518517,330.0,
64469,no_voluntary_discards,0.12569444444444444,0.0,0.04814814814814815,330.0,
64470,no_voluntary_discards,0.08877314814814816,0.0,0.18518518518518517,330.0,
64471,no_voluntary_discards,0.0,0.0,0.0,0.0,
64472,no_voluntary_discards,0.0,0.0,0.0,0.0,
64473,no_voluntary_discards,0.0,0.0,0.0,0.0,
64474,no_voluntary_discards,0.0,0.0,0.0,0.0,
64475,no_voluntary_discards,0.0,0.0,0.0,0.0,
64476,no_voluntary_discards,0.0,0.0,0.0,0.0,
64597,no_voluntary_discards,4.290162037037037,0.0,3.837962962962963,470.0,
64598,no_voluntary_discards,3.5525462962962964,0.0,3.265740740740741,450.0,
64599,no_voluntary_discards,3.414699074074074,0.0,3.265740740740741,450.0,
64600,no_voluntary_discards,4.291782407407408,0.0,3.737037037037037,470.0,
64601,no_voluntary_discards,3.502662037037037,0.0,3.1925925925925926,450.0,
64602,no_voluntary_discards,3.375115740740741,0.0,3.274074074074074,460.0,
64603,no_voluntary_discards,3.4519675925925926,0.0,3.225,410.0,
64604,no_voluntary_discards,3.6797453703703704,0.0,4.038888888888889,400.0,
64605,no_voluntary_discards,4.333217592592592,0.0,4.233333333333333,400.0,
64606,no_voluntary_discards,3.4519675925925926,0.0,3.225,410.0,
64607,no_voluntary_discards,3.6797453703703704,0.0,4.038888888888889,400.0,
64608,no_voluntary_discards,4.333217592592592,0.0,4.233333333333333,400.0,
64609,no_voluntary_discards,1.448726851851852,0.0,1.151851851851852,300.0,
64610,no_voluntary_discards,2.0193287037037035,0.0,2.3814814814814813,300.0,
64611,no_voluntary_discards,1.7763888888888888,0.0,1.5583333333333333,300.0,
64612,no_voluntary_discards,1.448726851851852,0.0,1.151851851851852,300.0,
64613,no_voluntary_discards,2.0193287037037035,0.0,2.3814814814814813,300.0,
64614,no_voluntary_discards,1.7763888888888888,0.0,1.5583333333333333,300.0,
64615,no_voluntary_discards,0.2019675925925926,0.0,0.18333333333333332,0.0,
64616,no_voluntary_discards,0.1398148148148148,0.0,0.13333333333333333,0.0,
64617,no_voluntary_discards,0.11585648148148149,0.0,0.1388888888888889,0.0,
64618,no_voluntary_discards,0.2019675925925926,0.0,0.18333333333333332,0.0,
64619,no_voluntary_discards,0.1398148148148148,0.0,0.13333333333333333,0.0,
64620,no_voluntary_discards,0.11585648148148149,0.0,0.1388888888888889,0.0,
64741,no_voluntary_discards,0.403125,0.0,0.4842592592592593,420.0,
64742,no_voluntary_discards,1.2162037037037037,0.0,1.1425925925925926,450.0,
64744,no_voluntary_discards,0.403125,0.0,0.4842592592592593,420.0,
64743,no_voluntary_discards,0.4587962962962963,0.0,0.5111111111111111,430.0,
64745,no_voluntary_discards,1.176388888888889,0.0,1.1287037037037038,460.0,
64746,no_voluntary_discards,0.4587962962962963,0.0,0.5111111111111111,430.0,
64747,no_voluntary_discards,0.5460648148148148,0.0,0.4842592592592593,380.0,
64748,no_voluntary_discards,0.9685185185185186,0.0,0.7805555555555556,350.0,
64749,no_voluntary_discards,0.6659722222222222,0.0,0.774074074074074,360.0,
64750,no_voluntary_discards,0.5460648148148148,0.0,0.4842592592592593,380.0,
64751,no_voluntary_discards,0.9685185185185186,0.0,0.7805555555555556,350.0,
64752,no_voluntary_discards,0.6659722222222222,0.0,0.774074074074074,360.0,
64753,no_voluntary_discards,0.024652777777777777,0.0,0.04259259259259259,380.0,
64754,no_voluntary_discards,0.024189814814814813,0.0,0.06296296296296296,380.0,
64755,no_voluntary_discards,0.036689814814814814,0.0,0.10185185185185185,380.0,
62739,no_voluntary_discards,0.0,0.0,0.004629629629629629,390.0,
64756,no_voluntary_discards,0.024652777777777777,0.0,0.04259259259259259,380.0,
64757,no_voluntary_discards,0.024189814814814813,0.0,0.06296296296296296,380.0,
64758,no_voluntary_discards,0.036689814814814814,0.0,0.10185185185185185,380.0,
64759,no_voluntary_discards,0.0,0.0,0.0,0.0,
64760,no_voluntary_discards,0.0,0.0,0.0,0.0,
64761,no_voluntary_discards,0.0,0.0,0.0,0.0,
64762,no_voluntary_discards,0.0,0.0,0.0,0.0,
64763,no_voluntary_discards,0.0,0.0,0.0,0.0,
64764,no_voluntary_discards,0.0,0.0,0.0,0.0,
62740,no_voluntary_discards,0.0,0.0,0.009722222222222222,800.0,
62741,no_voluntary_discards,0.0,0.0,0.010416666666666666,850.0,
64040,submitted,1.384837962962963,0.0,1.4055555555555554,500.0,
64885,no_voluntary_discards,5.222916666666666,0.0,5.050925925925926,450.0,
64891,no_voluntary_discards,3.6761574074074073,0.0,3.515740740740741,430.0,
64892,no_voluntary_discards,4.034143518518519,0.0,4.625,420.0,
64886,no_voluntary_discards,3.741550925925926,0.0,3.7712962962962964,460.0,
64887,no_voluntary_discards,5.713657407407407,0.0,6.174074074074074,440.0,
64888,no_voluntary_discards,2.9586805555555555,0.0,2.688888888888889,930.0,
64893,no_voluntary_discards,3.7034722222222225,0.0,3.437037037037037,430.0,
64889,no_voluntary_discards,4.0962962962962965,0.0,4.176851851851852,930.0,
64890,no_voluntary_discards,4.090856481481482,0.0,4.352777777777778,940.0,
64894,no_voluntary_discards,2.578240740740741,0.0,2.487037037037037,850.0,
62742,no_voluntary_discards,0.0,0.0,0.0060185185185185185,850.0,
64903,no_voluntary_discards,0.1633101851851852,0.0,0.19166666666666668,50.0,
64904,no_voluntary_discards,0.13136574074074073,0.0,0.058333333333333334,60.0,
64895,no_voluntary_discards,2.3685185185185187,0.0,2.27037037037037,850.0,
64897,no_voluntary_discards,1.7208333333333332,0.0,1.7064814814814815,340.0,
64898,no_voluntary_discards,1.9788194444444445,0.0,1.8222222222222222,340.0,
64900,no_voluntary_discards,1.5746527777777777,0.0,1.7935185185185185,640.0,
64899,no_voluntary_discards,1.9247685185185186,0.0,1.799074074074074,330.0,
64901,no_voluntary_discards,1.4711805555555555,0.0,1.3185185185185184,650.0,
64905,no_voluntary_discards,0.18113425925925927,0.0,0.26851851851851855,60.0,
64902,no_voluntary_discards,1.4252314814814815,0.0,1.2175925925925926,630.0,
64906,no_voluntary_discards,0.2607638888888889,0.0,0.29907407407407405,170.0,
64907,no_voluntary_discards,0.2755787037037037,0.0,0.25092592592592594,160.0,
64908,no_voluntary_discards,0.3074074074074074,0.0,0.3768518518518518,160.0,
64896,no_voluntary_discards,2.727662037037037,0.0,2.3851851851851853,870.0,
65029,no_voluntary_discards,1.7370370370370372,0.0,1.65,440.0,
65035,no_voluntary_discards,0.6956018518518519,0.0,0.7981481481481482,390.0,
65036,no_voluntary_discards,0.5956018518518519,0.0,0.5296296296296297,400.0,
65037,no_voluntary_discards,0.5601851851851852,0.0,0.512962962962963,410.0,
65038,no_voluntary_discards,0.21238425925925927,0.0,0.15185185185185185,850.0,
65030,no_voluntary_discards,1.7163194444444443,0.0,1.8018518518518518,460.0,
65032,no_voluntary_discards,0.7282407407407407,0.0,0.6268518518518519,920.0,
65039,no_voluntary_discards,0.2351851851851852,0.0,0.17592592592592593,850.0,
65031,no_voluntary_discards,0.6958333333333333,0.0,0.8342592592592593,460.0,
65034,no_voluntary_discards,0.577662037037037,0.0,0.587037037037037,930.0,
65033,no_voluntary_discards,0.3280092592592593,0.0,0.3148148148148148,920.0,
65047,no_voluntary_discards,0.0,0.0,0.0,0.0,
65048,no_voluntary_discards,0.0,0.0,0.0,0.0,
65049,no_voluntary_discards,0.0,0.0,0.0,0.0,
65050,no_voluntary_discards,0.0,0.0,0.0,140.0,
65041,no_voluntary_discards,0.04155092592592593,0.0,0.03611111111111111,380.0,
65040,no_voluntary_discards,0.2892361111111111,0.0,0.337037037037037,840.0,
65042,no_voluntary_discards,0.047685185185185185,0.0,0.06111111111111111,380.0,
65043,no_voluntary_discards,0.040625,0.0,0.03148148148148148,380.0,
65044,no_voluntary_discards,0.03194444444444444,0.0,0.0,630.0,
65046,no_voluntary_discards,0.04201388888888889,0.0,0.05185185185185185,630.0,
65045,no_voluntary_discards,0.04976851851851852,0.0,0.023148148148148147,630.0,
65052,no_voluntary_discards,0.0,0.0,0.0,130.0,
65051,no_voluntary_discards,0.0,0.0,0.0,130.0,
65173,no_voluntary_discards,6.455439814814815,0.0,6.264814814814815,440.0,
65174,no_voluntary_discards,6.863541666666666,0.0,6.757407407407407,440.0,
65175,no_voluntary_discards,4.994560185185185,0.0,5.124074074074074,440.0,
65180,no_voluntary_discards,5.19525462962963,0.0,5.712037037037037,390.0,
65179,no_voluntary_discards,5.576851851851852,0.0,5.91574074074074,390.0,
65182,no_voluntary_discards,4.744675925925926,0.0,4.824074074074074,390.0,
65176,no_voluntary_discards,5.855555555555556,0.0,5.363888888888889,440.0,
65181,no_voluntary_discards,4.359375,0.0,4.614814814814815,390.0,
65183,no_voluntary_discards,5.144097222222222,0.0,4.826851851851852,400.0,
65178,no_voluntary_discards,6.93599537037037,0.0,7.2444444444444445,450.0,
65177,no_voluntary_discards,4.782291666666667,0.0,4.900925925925926,460.0,
65185,no_voluntary_discards,2.63587962962963,0.0,3.028703703703704,270.0,
65191,no_voluntary_discards,0.22465277777777778,0.0,0.19444444444444445,0.0,
65192,no_voluntary_discards,0.1902777777777778,0.0,0.16111111111111112,0.0,
65193,no_voluntary_discards,0.16689814814814816,0.0,0.2037037037037037,0.0,
65184,no_voluntary_discards,4.177083333333333,0.0,3.7537037037037035,390.0,
65194,no_voluntary_discards,0.22465277777777778,0.0,0.19444444444444445,0.0,
65186,no_voluntary_discards,3.198263888888889,0.0,3.1694444444444443,280.0,
65187,no_voluntary_discards,2.8175925925925926,0.0,2.8092592592592593,280.0,
65189,no_voluntary_discards,2.561111111111111,0.0,2.5768518518518517,280.0,
65190,no_voluntary_discards,2.303587962962963,0.0,2.613888888888889,280.0,
65188,no_voluntary_discards,2.183449074074074,0.0,2.0824074074074073,270.0,
65195,no_voluntary_discards,0.1902777777777778,0.0,0.16111111111111112,0.0,
65196,no_voluntary_discards,0.16689814814814816,0.0,0.2037037037037037,0.0,
65317,no_voluntary_discards,1.8056712962962964,0.0,1.825,440.0,
65319,no_voluntary_discards,1.7415509259259259,0.0,1.5194444444444444,410.0,
65318,no_voluntary_discards,1.2174768518518517,0.0,1.288888888888889,420.0,
65320,no_voluntary_discards,1.4626157407407407,0.0,1.5509259259259258,440.0,
65323,no_voluntary_discards,0.9819444444444444,0.0,0.8027777777777778,390.0,
65325,no_voluntary_discards,1.1878472222222223,0.0,1.0314814814814814,390.0,
65324,no_voluntary_discards,1.4303240740740741,0.0,1.3101851851851851,400.0,
65326,no_voluntary_discards,0.7523148148148148,0.0,0.7814814814814814,390.0,
65321,no_voluntary_discards,0.15034722222222222,0.0,0.21574074074074073,400.0,
65322,no_voluntary_discards,0.6646990740740741,0.0,0.7240740740740741,440.0,
65327,no_voluntary_discards,0.5792824074074074,0.0,0.6972222222222222,390.0,
65335,no_voluntary_discards,0.0,0.0,0.0,0.0,
65336,no_voluntary_discards,0.0,0.0,0.0,0.0,
65329,no_voluntary_discards,0.07951388888888888,0.0,0.06111111111111111,370.0,
65330,no_voluntary_discards,0.07337962962962963,0.0,0.11851851851851852,380.0,
65337,no_voluntary_discards,0.0,0.0,0.0,0.0,
65338,no_voluntary_discards,0.0,0.0,0.0,0.0,
65461,no_voluntary_discards,4.291782407407408,0.0,3.737037037037037,470.0,
65462,no_voluntary_discards,3.502662037037037,0.0,3.1925925925925926,450.0,
65331,no_voluntary_discards,0.125,0.0,0.2037037037037037,380.0,
65463,no_voluntary_discards,3.375115740740741,0.0,3.274074074074074,460.0,
65464,no_voluntary_discards,4.291782407407408,0.0,3.737037037037037,470.0,
65465,no_voluntary_discards,3.502662037037037,0.0,3.1925925925925926,450.0,
65466,no_voluntary_discards,3.375115740740741,0.0,3.274074074074074,460.0,
65467,no_voluntary_discards,3.9123842592592593,0.0,3.7796296296296297,410.0,
65468,no_voluntary_discards,2.6774305555555555,0.0,2.533333333333333,410.0,
65328,no_voluntary_discards,0.7971064814814814,0.0,0.75,350.0,
65332,no_voluntary_discards,0.03912037037037037,0.0,0.06759259259259259,380.0,
65334,no_voluntary_discards,0.050347222222222224,0.0,0.05185185185185185,370.0,
65333,no_voluntary_discards,0.02858796296296296,0.0,0.049074074074074076,380.0,
65469,no_voluntary_discards,3.6637731481481484,0.0,3.6175925925925925,420.0,
65470,no_voluntary_discards,2.4920138888888888,0.0,2.47962962962963,540.0,
65471,no_voluntary_discards,2.7368055555555553,0.0,2.5185185185185186,550.0,
65472,no_voluntary_discards,2.3606481481481483,0.0,2.2601851851851853,520.0,
65473,no_voluntary_discards,1.4412037037037038,0.0,1.4074074074074074,320.0,
65474,no_voluntary_discards,1.5332175925925926,0.0,1.5675925925925926,320.0,
65475,no_voluntary_discards,1.6270833333333334,0.0,1.4601851851851853,320.0,
65476,no_voluntary_discards,1.358449074074074,0.0,1.1722222222222223,320.0,
65477,no_voluntary_discards,1.6255787037037037,0.0,1.4953703703703705,330.0,
65478,no_voluntary_discards,1.5489583333333334,0.0,1.412037037037037,330.0,
65479,no_voluntary_discards,0.1925925925925926,0.0,0.10277777777777777,0.0,
65480,no_voluntary_discards,0.1693287037037037,0.0,0.2777777777777778,0.0,
65481,no_voluntary_discards,0.13287037037037036,0.0,0.06851851851851852,0.0,
65482,no_voluntary_discards,0.1925925925925926,0.0,0.10277777777777777,0.0,
65483,no_voluntary_discards,0.1693287037037037,0.0,0.2777777777777778,0.0,
65484,no_voluntary_discards,0.13287037037037036,0.0,0.06851851851851852,0.0,
65605,no_voluntary_discards,0.30243055555555554,0.0,0.3296296296296296,420.0,
65606,no_voluntary_discards,0.33229166666666665,0.0,0.33055555555555555,450.0,
65339,no_voluntary_discards,0.0,0.0,0.0,0.0,
65607,no_voluntary_discards,0.8856481481481482,0.0,1.0583333333333333,460.0,
65608,no_voluntary_discards,0.42974537037037036,0.0,0.3527777777777778,430.0,
65340,no_voluntary_discards,0.0,0.0,0.0,0.0,
65609,no_voluntary_discards,0.23171296296296295,0.0,0.225,430.0,
65610,no_voluntary_discards,0.7950231481481482,0.0,0.9203703703703704,470.0,
65611,no_voluntary_discards,0.50625,0.0,0.5592592592592592,360.0,
65612,no_voluntary_discards,0.36979166666666663,0.0,0.35833333333333334,370.0,
65613,no_voluntary_discards,0.30775462962962963,0.0,0.18888888888888888,370.0,
65614,no_voluntary_discards,0.4722222222222222,0.0,0.5018518518518519,400.0,
65615,no_voluntary_discards,0.6378472222222222,0.0,0.6083333333333333,390.0,
65616,no_voluntary_discards,0.2672453703703704,0.0,0.34814814814814815,380.0,
65617,no_voluntary_discards,0.022453703703703705,0.0,0.017592592592592594,380.0,
65618,no_voluntary_discards,0.025810185185185186,0.0,0.009259259259259259,390.0,
65620,no_voluntary_discards,0.022453703703703705,0.0,0.017592592592592594,380.0,
65619,no_voluntary_discards,0.03263888888888889,0.0,0.025925925925925925,380.0,
65621,no_voluntary_discards,0.02210648148148148,0.0,0.03333333333333333,380.0,
65622,no_voluntary_discards,0.03263888888888889,0.0,0.025925925925925925,380.0,
65623,no_voluntary_discards,0.0,0.0,0.0,0.0,
65624,no_voluntary_discards,0.0,0.0,0.0,0.0,
65625,no_voluntary_discards,0.0,0.0,0.0,0.0,
65626,no_voluntary_discards,0.0,0.0,0.0,0.0,
65627,no_voluntary_discards,0.0,0.0,0.0,0.0,
65628,no_voluntary_discards,0.0,0.0,0.0,0.0,
64166,submitted,0.8304398148148149,0.0,0.9287037037037037,500.0,
65751,no_voluntary_discards,3.2333333333333334,0.0,3.810185185185185,490.0,
65757,no_voluntary_discards,2.6415509259259258,0.0,2.661111111111111,490.0,
65756,no_voluntary_discards,2.774189814814815,0.0,2.9944444444444445,490.0,
65749,no_voluntary_discards,4.325810185185185,0.0,4.450925925925926,500.0,
65755,no_voluntary_discards,3.3091435185185185,0.0,3.4472222222222224,500.0,
65750,no_voluntary_discards,3.357523148148148,0.0,3.734259259259259,500.0,
65759,no_voluntary_discards,2.3094907407407406,0.0,2.653703703703704,950.0,
65752,no_voluntary_discards,3.571527777777778,0.0,3.4564814814814815,1000.0,
65758,no_voluntary_discards,2.638078703703704,0.0,2.812962962962963,950.0,
65753,no_voluntary_discards,2.916898148148148,0.0,3.073148148148148,1000.0,
65754,no_voluntary_discards,3.423611111111111,0.0,3.012962962962963,1000.0,
65760,no_voluntary_discards,2.620138888888889,0.0,2.3703703703703702,950.0,
65767,no_voluntary_discards,0.13125,0.0,0.08333333333333333,110.0,
65769,no_voluntary_discards,0.20405092592592594,0.0,0.262037037037037,120.0,
65768,no_voluntary_discards,0.13136574074074076,0.0,0.06944444444444445,120.0,
65770,no_voluntary_discards,0.2518518518518519,0.0,0.1527777777777778,210.0,
65771,no_voluntary_discards,0.3099537037037037,0.0,0.13055555555555556,210.0,
65772,no_voluntary_discards,0.32939814814814816,0.0,0.35648148148148145,200.0,
65763,no_voluntary_discards,1.701851851851852,0.0,1.8425925925925926,420.0,
65762,no_voluntary_discards,1.8877314814814814,0.0,2.1777777777777776,430.0,
65761,no_voluntary_discards,1.652199074074074,0.0,1.6101851851851852,410.0,
65765,no_voluntary_discards,2.1949074074074075,0.0,2.1425925925925924,710.0,
65764,no_voluntary_discards,2.013541666666667,0.0,2.2111111111111112,720.0,
65766,no_voluntary_discards,1.9667824074074074,0.0,2.0462962962962963,740.0,
65894,no_voluntary_discards,0.26296296296296295,0.0,0.17962962962962964,500.0,
65893,no_voluntary_discards,0.3820601851851852,0.0,0.4101851851851852,500.0,1076
65895,no_voluntary_discards,1.035648148148148,0.0,0.9453703703703704,500.0,
65896,no_voluntary_discards,0.4230324074074074,0.0,0.40555555555555556,1000.0,1064
65897,no_voluntary_discards,0.465625,0.0,0.5351851851851852,1000.0,
65899,no_voluntary_discards,0.7980324074074074,0.0,0.8657407407407407,480.0,
65901,no_voluntary_discards,0.4648148148148148,0.0,0.48055555555555557,500.0,
65900,no_voluntary_discards,0.6052083333333333,0.0,0.5685185185185185,500.0,
65898,no_voluntary_discards,0.4159722222222222,0.0,0.4564814814814815,1000.0,
65903,no_voluntary_discards,0.24409722222222222,0.0,0.30185185185185187,960.0,
65902,no_voluntary_discards,0.17118055555555556,0.0,0.2175925925925926,960.0,
65904,no_voluntary_discards,0.1642361111111111,0.0,0.15648148148148147,970.0,
65911,no_voluntary_discards,0.0,0.0,0.0,90.0,
65912,no_voluntary_discards,0.0,0.0,0.0,100.0,
66037,no_voluntary_discards,6.561574074074074,0.0,6.140740740740741,480.0,
66038,no_voluntary_discards,6.514120370370371,0.0,6.342592592592593,460.0,
65913,no_voluntary_discards,0.0,0.0,0.0,80.0,
65914,no_voluntary_discards,0.0,0.0,0.0,250.0,
65915,no_voluntary_discards,0.0,0.0,0.0,260.0,
65916,no_voluntary_discards,0.0,0.0,0.0,270.0,
66039,no_voluntary_discards,5.436689814814815,0.0,5.247222222222222,490.0,
66041,no_voluntary_discards,6.049305555555556,0.0,5.625,620.0,
66040,no_voluntary_discards,6.0487268518518515,0.0,6.401851851851852,640.0,
66042,no_voluntary_discards,6.875694444444445,0.0,6.765740740740741,620.0,
66043,no_voluntary_discards,3.979398148148148,0.0,3.528703703703704,420.0,
66044,no_voluntary_discards,3.4806712962962965,0.0,3.6203703703703702,420.0,
66045,no_voluntary_discards,6.220023148148148,0.0,6.546296296296297,470.0,
66046,no_voluntary_discards,3.979398148148148,0.0,3.528703703703704,420.0,
66047,no_voluntary_discards,3.4806712962962965,0.0,3.6203703703703702,420.0,
66048,no_voluntary_discards,6.220023148148148,0.0,6.546296296296297,470.0,
66049,no_voluntary_discards,1.7271990740740741,0.0,1.5537037037037038,300.0,
65905,no_voluntary_discards,0.01990740740740741,0.0,0.012037037037037037,400.0,
66050,no_voluntary_discards,2.3430555555555554,0.0,2.0907407407407406,310.0,
66051,no_voluntary_discards,2.684375,0.0,2.6222222222222222,290.0,
66052,no_voluntary_discards,1.7271990740740741,0.0,1.5537037037037038,300.0,
66053,no_voluntary_discards,2.3430555555555554,0.0,2.0907407407407406,310.0,
65906,no_voluntary_discards,0.03981481481481482,0.0,0.02962962962962963,410.0,
66054,no_voluntary_discards,2.684375,0.0,2.6222222222222222,290.0,
65907,no_voluntary_discards,0.021875,0.0,0.011111111111111112,400.0,
66055,no_voluntary_discards,0.07199074074074074,0.0,0.06111111111111111,0.0,
66056,no_voluntary_discards,0.153125,0.0,0.16944444444444445,0.0,
66057,no_voluntary_discards,0.18229166666666666,0.0,0.18518518518518517,0.0,
66058,no_voluntary_discards,0.07199074074074074,0.0,0.06111111111111111,0.0,
66059,no_voluntary_discards,0.153125,0.0,0.16944444444444445,0.0,
66060,no_voluntary_discards,0.18229166666666666,0.0,0.18518518518518517,0.0,
66181,no_voluntary_discards,1.0296296296296297,0.0,0.9018518518518519,480.0,
66182,no_voluntary_discards,0.4189814814814815,0.0,0.5768518518518518,480.0,
66183,no_voluntary_discards,1.4189814814814814,0.0,1.3305555555555555,490.0,
65908,no_voluntary_discards,0.03761574074074074,0.0,0.04351851851851852,730.0,
66184,no_voluntary_discards,0.34467592592592594,0.0,0.4324074074074074,510.0,
66185,no_voluntary_discards,0.8107638888888888,0.0,0.7240740740740741,520.0,
66187,no_voluntary_discards,0.5520833333333334,0.0,0.5324074074074074,380.0,
66186,no_voluntary_discards,1.0619212962962963,0.0,1.0527777777777778,530.0,
65909,no_voluntary_discards,0.08472222222222223,0.0,0.0,750.0,
66188,no_voluntary_discards,0.5945601851851852,0.0,0.39444444444444443,350.0,
66189,no_voluntary_discards,0.9912037037037037,0.0,0.8796296296296297,420.0,
66190,no_voluntary_discards,0.5520833333333334,0.0,0.5324074074074074,380.0,
66191,no_voluntary_discards,0.5945601851851852,0.0,0.39444444444444443,350.0,
66192,no_voluntary_discards,0.9912037037037037,0.0,0.8796296296296297,420.0,
66193,no_voluntary_discards,0.0375,0.0,0.053703703703703705,380.0,
66194,no_voluntary_discards,0.032754629629629634,0.0,0.025925925925925925,380.0,
65910,no_voluntary_discards,0.04085648148148148,0.0,0.03611111111111111,740.0,
66195,no_voluntary_discards,0.038425925925925926,0.0,0.0,380.0,
66196,no_voluntary_discards,0.0375,0.0,0.053703703703703705,380.0,
66197,no_voluntary_discards,0.032754629629629634,0.0,0.025925925925925925,380.0,
66198,no_voluntary_discards,0.038425925925925926,0.0,0.0,380.0,
66199,no_voluntary_discards,0.0,0.0,0.0,0.0,
66200,no_voluntary_discards,0.0,0.0,0.0,0.0,
66202,no_voluntary_discards,0.0,0.0,0.0,0.0,
66201,no_voluntary_discards,0.0,0.0,0.0,0.0,
66203,no_voluntary_discards,0.0,0.0,0.0,0.0,
66204,no_voluntary_discards,0.0,0.0,0.0,0.0,
64453,submitted,0.5224537037037037,0.0,0.6666666666666666,500.0,
65039,submitted,0.4059027777777778,0.0,0.4777777777777778,990.0,
67484,no_voluntary_discards,1.6787037037037038,0.0,1.447337962962963,420.0,
67483,no_voluntary_discards,1.4675925925925926,0.0,1.941087962962963,430.0,
67488,no_voluntary_discards,1.9324074074074074,0.0,1.9212962962962963,440.0,
67486,no_voluntary_discards,3.324074074074074,0.0,3.1951388888888888,440.0,
67485,no_voluntary_discards,2.897222222222222,0.0,2.8688657407407407,440.0,
67487,no_voluntary_discards,0.9083333333333333,0.0,1.0891203703703705,400.0,
67480,no_voluntary_discards,0.9009259259259259,0.0,0.809375,450.0,
67479,no_voluntary_discards,0.6611111111111111,0.0,0.7646990740740741,450.0,
67481,no_voluntary_discards,4.088888888888889,0.0,4.389467592592593,450.0,
67482,no_voluntary_discards,3.5388888888888888,0.0,3.296875,460.0,
67477,no_voluntary_discards,4.582407407407407,0.0,4.3625,460.0,
67478,no_voluntary_discards,6.409259259259259,0.0,6.277662037037037,460.0,
67489,no_voluntary_discards,1.3972222222222221,0.0,1.3700231481481482,300.0,
67495,no_voluntary_discards,0.044444444444444446,0.0,0.1019675925925926,0.0,
67496,no_voluntary_discards,0.06111111111111111,0.0,0.03981481481481482,0.0,
67497,no_voluntary_discards,0.11203703703703703,0.0,0.09375,0.0,
67498,no_voluntary_discards,0.044444444444444446,0.0,0.1019675925925926,0.0,
67500,no_voluntary_discards,0.11203703703703703,0.0,0.09375,0.0,
67499,no_voluntary_discards,0.06111111111111111,0.0,0.03981481481481482,0.0,
67490,no_voluntary_discards,1.3787037037037038,0.0,1.5059027777777778,290.0,
67491,no_voluntary_discards,1.8564814814814814,0.0,2.2178240740740742,320.0,
67492,no_voluntary_discards,1.3972222222222221,0.0,1.3700231481481482,300.0,
67493,no_voluntary_discards,1.262037037037037,0.0,1.3780092592592592,290.0,
67494,no_voluntary_discards,1.7203703703703703,0.0,1.796875,300.0,
67622,no_voluntary_discards,0.020370370370370372,0.0,0.022569444444444444,460.0,
67621,no_voluntary_discards,0.0,0.0,0.0030092592592592593,430.0,
67623,no_voluntary_discards,0.0,0.0,0.013773148148148147,430.0,
67628,no_voluntary_discards,0.008333333333333333,0.0,0.0011574074074074073,420.0,
67627,no_voluntary_discards,0.0,0.0,0.0016203703703703703,370.0,
67624,no_voluntary_discards,0.009259259259259259,0.0,0.010416666666666668,440.0,
67625,no_voluntary_discards,0.04814814814814815,0.0,0.019097222222222224,470.0,
67626,no_voluntary_discards,0.06851851851851852,0.0,0.09965277777777778,450.0,
67629,no_voluntary_discards,0.0,0.0,0.0,410.0,
67630,no_voluntary_discards,0.0,0.0,0.0024305555555555556,390.0,
67631,no_voluntary_discards,0.0,0.0,0.0,390.0,
67632,no_voluntary_discards,0.0,0.0,0.0,450.0,
67639,no_voluntary_discards,0.0,0.0,0.0,0.0,
69781,no_voluntary_discards,0.0,0.0,0.04421296296296296,430.0,
67628,submitted,0.007407407407407408,0.0,0.012962962962962963,500.0,
67633,no_voluntary_discards,0.0,0.0,0.0,220.0,
69782,no_voluntary_discards,0.058333333333333334,0.0,0.016087962962962964,430.0,
69783,no_voluntary_discards,0.027777777777777776,0.0,0.04351851851851852,430.0,
69784,no_voluntary_discards,0.0,0.0,0.04421296296296296,430.0,
69785,no_voluntary_discards,0.058333333333333334,0.0,0.016087962962962964,430.0,
67634,no_voluntary_discards,0.0,0.0,0.0,330.0,
69786,no_voluntary_discards,0.027777777777777776,0.0,0.04351851851851852,430.0,
69787,no_voluntary_discards,0.0,0.0,0.058101851851851856,390.0,
69788,no_voluntary_discards,0.30925925925925923,0.0,0.26678240740740744,400.0,
67640,no_voluntary_discards,0.0,0.0,0.0,0.0,
69789,no_voluntary_discards,0.09074074074074075,0.0,0.09039351851851851,390.0,
69790,no_voluntary_discards,0.05740740740740741,0.0,0.035416666666666666,720.0,
67625,submitted,0.013888888888888888,0.0,0.02326388888888889,870.0,
69791,no_voluntary_discards,0.03888888888888889,0.0,0.013541666666666667,540.0,
69792,no_voluntary_discards,0.0,0.0,0.011226851851851852,500.0,
69793,no_voluntary_discards,0.11296296296296296,0.0,0.09293981481481481,340.0,
69794,no_voluntary_discards,0.013888888888888888,0.0,0.040625,340.0,
69795,no_voluntary_discards,0.425,0.0,0.2790509259259259,400.0,
69796,no_voluntary_discards,0.05925925925925926,0.0,0.09004629629629629,360.0,
69797,no_voluntary_discards,0.007407407407407408,0.0,0.026157407407407407,370.0,
69798,no_voluntary_discards,0.17222222222222222,0.0,0.2431712962962963,400.0,
69799,no_voluntary_discards,0.007407407407407408,0.0,0.031481481481481485,0.0,
69800,no_voluntary_discards,0.03611111111111111,0.0,0.04525462962962963,0.0,
69801,no_voluntary_discards,0.0824074074074074,0.0,0.03263888888888889,0.0,
67641,no_voluntary_discards,0.0,0.0,0.0,0.0,
69802,no_voluntary_discards,0.007407407407407408,0.0,0.031481481481481485,0.0,
69925,no_voluntary_discards,0.0,0.0,0.0,450.0,
69803,no_voluntary_discards,0.03611111111111111,0.0,0.04525462962962963,0.0,
69926,no_voluntary_discards,0.0,0.0,0.0,440.0,
69804,no_voluntary_discards,0.0824074074074074,0.0,0.03263888888888889,0.0,
69927,no_voluntary_discards,0.0,0.0,0.0,450.0,
69928,no_voluntary_discards,0.0,0.0,0.0,460.0,
69929,no_voluntary_discards,0.0,0.0,0.0,450.0,
67635,no_voluntary_discards,0.0,0.0,0.0,280.0,
69930,no_voluntary_discards,0.0,0.0,0.0,450.0,
69932,no_voluntary_discards,0.0,0.0,0.0,400.0,
69933,no_voluntary_discards,0.0,0.0,0.0,400.0,
69931,no_voluntary_discards,0.0,0.0,0.0,400.0,
67642,no_voluntary_discards,0.0,0.0,0.0,0.0,
69934,no_voluntary_discards,0.0,0.0,0.0,400.0,
69935,no_voluntary_discards,0.0,0.0,0.0,400.0,
69936,no_voluntary_discards,0.0,0.0,0.0,400.0,
69937,no_voluntary_discards,0.0,0.0,0.0,200.0,
69938,no_voluntary_discards,0.0,0.0,0.0,200.0,
69940,no_voluntary_discards,0.0,0.0,0.0,200.0,
69939,no_voluntary_discards,0.0,0.0,0.0,200.0,
69941,no_voluntary_discards,0.0,0.0,0.0,200.0,
69942,no_voluntary_discards,0.0,0.0,0.0,200.0,
67643,no_voluntary_discards,0.0,0.0,0.0,0.0,
69943,no_voluntary_discards,0.0,0.0,0.0,0.0,
69944,no_voluntary_discards,0.0,0.0,0.0,0.0,
69945,no_voluntary_discards,0.0,0.0,0.0,0.0,
69946,no_voluntary_discards,0.0,0.0,0.0,0.0,
69947,no_voluntary_discards,0.0,0.0,0.0,0.0,
67644,no_voluntary_discards,0.0,0.0,0.0,0.0,
69948,no_voluntary_discards,0.0,0.0,0.0,0.0,
67636,no_voluntary_discards,0.0,0.0,0.006944444444444444,310.0,
67637,no_voluntary_discards,0.0,0.0,0.0,300.0,
67638,no_voluntary_discards,0.0,0.0,0.0011574074074074073,280.0,
72097,no_voluntary_discards,0.3425925925925926,0.0,0.506712962962963,480.0,
72098,no_voluntary_discards,0.46296296296296297,0.0,0.49039351851851853,480.0,
72092,no_voluntary_discards,0.6398148148148148,0.0,0.7344907407407407,480.0,
72091,no_voluntary_discards,0.9388888888888889,0.0,1.010300925925926,480.0,
72093,no_voluntary_discards,0.6620370370370371,0.0,0.6461805555555555,490.0,
72094,no_voluntary_discards,0.3907407407407407,0.0,0.42141203703703706,1000.0,
72095,no_voluntary_discards,0.18981481481481483,0.0,0.2429398148148148,1000.0,
72089,no_voluntary_discards,0.2361111111111111,0.0,0.20497685185185185,1000.0,
72090,no_voluntary_discards,0.13240740740740742,0.0,0.08587962962962963,1000.0,1076
72087,no_voluntary_discards,0.06481481481481481,0.0,0.20081018518518517,470.0,
72086,no_voluntary_discards,0.10092592592592593,0.0,0.2831018518518519,500.0,
72096,no_voluntary_discards,0.4064814814814815,0.0,0.2967592592592593,1000.0,
72085,no_voluntary_discards,0.05740740740740741,0.0,0.1755787037037037,470.0,
72088,no_voluntary_discards,0.024074074074074074,0.0,0.049305555555555554,1000.0,
72103,no_voluntary_discards,0.02962962962962963,0.0,0.1355324074074074,330.0,
72104,no_voluntary_discards,0.06296296296296296,0.0,0.12222222222222222,340.0,
72105,no_voluntary_discards,0.17592592592592593,0.0,0.20173611111111112,340.0,
72106,no_voluntary_discards,0.1259259259259259,0.0,0.17881944444444445,840.0,
72107,no_voluntary_discards,0.1685185185185185,0.0,0.17326388888888888,800.0,
72108,no_voluntary_discards,0.0962962962962963,0.0,0.1821759259259259,830.0,
72099,no_voluntary_discards,0.812037037037037,0.0,0.8215277777777777,490.0,
72100,no_voluntary_discards,0.6972222222222222,0.0,0.579050925925926,950.0,
72102,no_voluntary_discards,0.6657407407407407,0.0,0.44363425925925926,940.0,
72101,no_voluntary_discards,0.3314814814814815,0.0,0.31689814814814815,930.0,
72230,no_voluntary_discards,0.0,0.0,0.000925925925925926,400.0,
72229,no_voluntary_discards,0.0,0.0,0.0,480.0,
72231,no_voluntary_discards,0.0,0.0,0.000925925925925926,400.0,
72232,no_voluntary_discards,0.0,0.0,0.0,1000.0,
72237,no_voluntary_discards,0.0,0.0,0.0,400.0,
72236,no_voluntary_discards,0.018518518518518517,0.0,0.0,400.0,
72235,no_voluntary_discards,0.0,0.0,0.0,390.0,
72238,no_voluntary_discards,0.0,0.0,0.0,950.0,
72233,no_voluntary_discards,0.0,0.0,0.0,1000.0,
72242,no_voluntary_discards,0.046296296296296294,0.0,0.0,400.0,
72241,no_voluntary_discards,0.0,0.0,0.0,400.0,
74389,no_voluntary_discards,0.0,0.0,0.22453703703703703,430.0,
74390,no_voluntary_discards,0.31296296296296294,0.0,0.15497685185185187,440.0,
72234,no_voluntary_discards,0.0,0.0,0.0,1000.0,
74391,no_voluntary_discards,0.29074074074074074,0.0,0.13055555555555556,460.0,
74392,no_voluntary_discards,0.3388888888888889,0.0,0.23506944444444444,570.0,
74393,no_voluntary_discards,0.21296296296296297,0.0,0.1329861111111111,580.0,
74395,no_voluntary_discards,2.5564814814814816,0.0,2.231712962962963,440.0,
74394,no_voluntary_discards,0.04537037037037037,0.0,0.17731481481481481,570.0,
74396,no_voluntary_discards,1.8898148148148148,0.0,1.9064814814814814,460.0,
74397,no_voluntary_discards,2.373148148148148,0.0,2.0578703703703702,430.0,
74398,no_voluntary_discards,2.5564814814814816,0.0,2.231712962962963,440.0,
74399,no_voluntary_discards,1.8898148148148148,0.0,1.9064814814814814,460.0,
74400,no_voluntary_discards,2.373148148148148,0.0,2.0578703703703702,430.0,
74401,no_voluntary_discards,1.2583333333333333,0.0,1.2584490740740741,300.0,
74402,no_voluntary_discards,1.5398148148148147,0.0,1.8148148148148149,320.0,
74403,no_voluntary_discards,0.8555555555555555,0.0,0.7659722222222223,310.0,
74404,no_voluntary_discards,1.2583333333333333,0.0,1.2584490740740741,300.0,
74405,no_voluntary_discards,1.5398148148148147,0.0,1.8148148148148149,320.0,
74406,no_voluntary_discards,0.8555555555555555,0.0,0.7659722222222223,310.0,
74407,no_voluntary_discards,0.08518518518518518,0.0,0.13194444444444445,0.0,
74408,no_voluntary_discards,0.11018518518518519,0.0,0.11180555555555556,0.0,
74409,no_voluntary_discards,0.08518518518518518,0.0,0.10289351851851852,0.0,
74410,no_voluntary_discards,0.08518518518518518,0.0,0.13194444444444445,0.0,
74411,no_voluntary_discards,0.11018518518518519,0.0,0.11180555555555556,0.0,
74412,no_voluntary_discards,0.08518518518518518,0.0,0.10289351851851852,0.0,
74533,no_voluntary_discards,0.0,0.0,0.0,480.0,
74534,no_voluntary_discards,0.0,0.0,0.0,470.0,
74535,no_voluntary_discards,0.0,0.0,0.004166666666666667,460.0,
74536,no_voluntary_discards,0.0,0.0,0.0,530.0,
74537,no_voluntary_discards,0.0,0.0,0.0,540.0,
72239,no_voluntary_discards,0.018518518518518517,0.0,0.0,640.0,
74538,no_voluntary_discards,0.0,0.0,0.0,530.0,
74539,no_voluntary_discards,0.0,0.0,0.0016203703703703703,360.0,
74540,no_voluntary_discards,0.0,0.0,0.004629629629629629,370.0,
74541,no_voluntary_discards,0.45092592592592595,0.0,0.4326388888888889,400.0,
74542,no_voluntary_discards,0.0,0.0,0.0016203703703703703,360.0,
74543,no_voluntary_discards,0.0,0.0,0.004629629629629629,370.0,
74544,no_voluntary_discards,0.45092592592592595,0.0,0.4326388888888889,400.0,
72240,no_voluntary_discards,0.0,0.0,0.0,720.0,
74545,no_voluntary_discards,0.0,0.0,0.000925925925925926,380.0,
74546,no_voluntary_discards,0.0,0.0,0.0,370.0,
74547,no_voluntary_discards,0.0,0.0,0.0,380.0,
74548,no_voluntary_discards,0.0,0.0,0.000925925925925926,380.0,
74549,no_voluntary_discards,0.0,0.0,0.0,370.0,
74550,no_voluntary_discards,0.0,0.0,0.0,380.0,
74551,no_voluntary_discards,0.0,0.0,0.0,0.0,
74552,no_voluntary_discards,0.0,0.0,0.0,0.0,
74553,no_voluntary_discards,0.0,0.0,0.0,0.0,
74554,no_voluntary_discards,0.0,0.0,0.0,0.0,
3877,no_voluntary_discards,4.271805555555556,0.0,,330.0,
3878,no_voluntary_discards,2.96125,0.0,,330.0,
74555,no_voluntary_discards,0.0,0.0,0.0,0.0,
74556,no_voluntary_discards,0.0,0.0,0.0,0.0,
3879,no_voluntary_discards,2.9359722222222224,0.0,,330.0,
3880,no_voluntary_discards,7.132083333333333,0.0,,310.0,
3881,no_voluntary_discards,7.637361111111112,0.0,,320.0,
3882,no_voluntary_discards,8.60375,0.0,,320.0,
3883,no_voluntary_discards,5.945694444444444,0.0,,290.0,
3884,no_voluntary_discards,4.8575,0.0,,290.0,
3885,no_voluntary_discards,6.068333333333333,0.0,,290.0,
3886,no_voluntary_discards,2.4111111111111114,0.0,,220.0,
3887,no_voluntary_discards,1.9491666666666667,0.0,,230.0,
3888,no_voluntary_discards,1.9740277777777777,0.0,,250.0,
4021,no_voluntary_discards,0.3552777777777778,0.0,,330.0,
4022,no_voluntary_discards,0.8831944444444444,0.0,,330.0,
4023,no_voluntary_discards,1.1133333333333333,0.0,,330.0,
4024,no_voluntary_discards,2.0495833333333335,0.0,,300.0,
4025,no_voluntary_discards,2.67375,0.0,,300.0,
4026,no_voluntary_discards,2.417361111111111,0.0,,310.0,
4027,no_voluntary_discards,1.8354166666666667,0.0,,250.0,
4028,no_voluntary_discards,1.5894444444444444,0.0,,250.0,
4029,no_voluntary_discards,1.2841666666666667,0.0,,260.0,
72247,no_voluntary_discards,0.0,0.0,0.0,310.0,
4030,no_voluntary_discards,0.0,0.0,,0.0,
4031,no_voluntary_discards,0.0,0.0,,0.0,
53041,no_voluntary_discards,18450.791666666668,202.66666666666666,,150.0,450
53042,no_voluntary_discards,17994.565432098767,197.66666666666666,,150.0,459
53043,no_voluntary_discards,18317.82283950617,201.22222222222223,,150.0,452
4032,no_voluntary_discards,0.0,0.0,,0.0,
53044,no_voluntary_discards,6.026851851851852,0.0,,270.0,
72248,no_voluntary_discards,0.0,0.0,0.0,270.0,
53045,no_voluntary_discards,4.866358024691358,0.0,,270.0,
53046,no_voluntary_discards,4.52391975308642,0.0,,280.0,
53047,no_voluntary_discards,6.026851851851852,0.0,,270.0,
53048,no_voluntary_discards,4.866358024691358,0.0,,270.0,
53049,no_voluntary_discards,4.52391975308642,0.0,,280.0,
53050,no_voluntary_discards,2076.9683641975307,22.77777777777778,,150.0,591
53051,no_voluntary_discards,1854.0524691358025,20.333333333333332,,150.0,601
53052,no_voluntary_discards,2077.1817901234567,22.77777777777778,,150.0,599
53053,no_voluntary_discards,4.1285493827160495,0.0,,240.0,
72249,no_voluntary_discards,0.0,0.0,0.0,320.0,
53054,no_voluntary_discards,3.326388888888889,0.0,,250.0,
53055,no_voluntary_discards,3.876697530864197,0.0,,240.0,
53056,no_voluntary_discards,4.1285493827160495,0.0,,240.0,
53057,no_voluntary_discards,3.326388888888889,0.0,,250.0,
53058,no_voluntary_discards,3.876697530864197,0.0,,240.0,
53059,no_voluntary_discards,1.816358024691358,0.0,,150.0,669
53061,no_voluntary_discards,1.4694444444444443,0.0,,150.0,672
53060,no_voluntary_discards,0.9862654320987654,0.0,,150.0,676
53062,no_voluntary_discards,1.7824074074074074,0.0,,210.0,
53063,no_voluntary_discards,0.870679012345679,0.0,,230.0,
53064,no_voluntary_discards,1.439351851851852,0.0,,210.0,
53065,no_voluntary_discards,1.7824074074074074,0.0,,210.0,
53066,no_voluntary_discards,0.870679012345679,0.0,,230.0,
53067,no_voluntary_discards,1.439351851851852,0.0,,210.0,
53068,no_voluntary_discards,0.02638888888888889,0.0,,0.0,
53069,no_voluntary_discards,0.026851851851851852,0.0,,0.0,
53070,no_voluntary_discards,0.03595679012345679,0.0,,0.0,
53071,no_voluntary_discards,0.02638888888888889,0.0,,0.0,
53072,no_voluntary_discards,0.026851851851851852,0.0,,0.0,
53073,no_voluntary_discards,0.03595679012345679,0.0,,0.0,
53074,no_voluntary_discards,0.02638888888888889,0.0,,0.0,
53075,no_voluntary_discards,0.026851851851851852,0.0,,0.0,
53076,no_voluntary_discards,0.03595679012345679,0.0,,0.0,
53185,no_voluntary_discards,14150.768672839506,155.44444444444446,,150.0,522
53186,no_voluntary_discards,14595.447530864198,160.33333333333334,,150.0,517
53187,no_voluntary_discards,14160.201851851853,155.55555555555554,,150.0,514
53188,no_voluntary_discards,0.7981481481481482,0.0,,280.0,
53189,no_voluntary_discards,1.5464506172839507,0.0,,260.0,
53190,no_voluntary_discards,1.6007716049382716,0.0,,250.0,
53191,no_voluntary_discards,0.7981481481481482,0.0,,280.0,
53192,no_voluntary_discards,1.5464506172839507,0.0,,260.0,
53193,no_voluntary_discards,1.6007716049382716,0.0,,250.0,
53194,no_voluntary_discards,0.2566358024691358,0.0,,150.0,506
53195,no_voluntary_discards,0.1513888888888889,0.0,,150.0,503
53196,no_voluntary_discards,0.291358024691358,0.0,,150.0,513
53197,no_voluntary_discards,0.6123456790123457,0.0,,180.0,
53198,no_voluntary_discards,0.3462962962962963,0.0,,180.0,
53199,no_voluntary_discards,0.6425925925925926,0.0,,180.0,
53200,no_voluntary_discards,0.6123456790123457,0.0,,180.0,
53201,no_voluntary_discards,0.3462962962962963,0.0,,180.0,
53202,no_voluntary_discards,0.6425925925925926,0.0,,180.0,
53203,no_voluntary_discards,0.0,0.0,,0.0,
53204,no_voluntary_discards,0.0,0.0,,0.0,
53205,no_voluntary_discards,0.0,0.0,,0.0,
72250,no_voluntary_discards,0.0,0.0,0.0,960.0,
53206,no_voluntary_discards,0.0,0.0,,0.0,
53207,no_voluntary_discards,0.0,0.0,,0.0,
53209,no_voluntary_discards,0.0,0.0,,0.0,
53208,no_voluntary_discards,0.0,0.0,,0.0,
53210,no_voluntary_discards,0.0,0.0,,0.0,
53211,no_voluntary_discards,0.0,0.0,,0.0,
53212,no_voluntary_discards,0.0,0.0,,0.0,
53213,no_voluntary_discards,0.0,0.0,,0.0,
53214,no_voluntary_discards,0.0,0.0,,0.0,
53215,no_voluntary_discards,0.0,0.0,,0.0,
53216,no_voluntary_discards,0.0,0.0,,0.0,
53217,no_voluntary_discards,0.0,0.0,,0.0,
53218,no_voluntary_discards,0.0,0.0,,0.0,
53219,no_voluntary_discards,0.0,0.0,,0.0,
53220,no_voluntary_discards,0.0,0.0,,0.0,
55633,no_voluntary_discards,18117.020833333332,199.0,18037.125520833335,150.0,459
55634,no_voluntary_discards,18116.644444444446,199.0,18583.676215277777,150.0,431
55635,no_voluntary_discards,18480.147222222222,203.0,18366.591145833332,150.0,449
55636,no_voluntary_discards,5.168055555555555,0.0,4.6975694444444445,300.0,
55637,no_voluntary_discards,5.243055555555555,0.0,5.183680555555555,300.0,
55638,no_voluntary_discards,2.8055555555555554,0.0,2.9015625,300.0,
55639,no_voluntary_discards,0.18333333333333332,0.0,0.15208333333333332,500.0,
55642,no_voluntary_discards,2369.6097222222224,26.0,2392.4178819444446,150.0,611
55640,no_voluntary_discards,0.7527777777777778,0.0,0.65,500.0,
55641,no_voluntary_discards,0.0,0.0,0.13524305555555555,500.0,715
55643,no_voluntary_discards,2187.2027777777776,24.0,1880.3711805555556,150.0,610
55644,no_voluntary_discards,2096.215277777778,23.0,2096.2355902777776,150.0,610
55645,no_voluntary_discards,0.8472222222222222,0.0,0.6901041666666667,300.0,
55646,no_voluntary_discards,0.675,0.0,0.6210069444444445,300.0,
55647,no_voluntary_discards,0.9083333333333333,0.0,0.6954861111111111,300.0,
55649,no_voluntary_discards,0.4597222222222222,0.0,0.46805555555555556,500.0,
55648,no_voluntary_discards,0.3486111111111111,0.0,0.40381944444444445,500.0,
55650,no_voluntary_discards,0.25416666666666665,0.0,0.3484375,500.0,
55651,no_voluntary_discards,0.8,0.0,0.7973958333333333,150.0,663
55652,no_voluntary_discards,0.5722222222222222,0.0,0.4293402777777778,150.0,684
55653,no_voluntary_discards,0.7152777777777778,0.0,0.6397569444444444,150.0,678
55654,no_voluntary_discards,0.39166666666666666,0.0,0.38229166666666664,300.0,
55655,no_voluntary_discards,0.1736111111111111,0.0,0.10798611111111112,300.0,
72251,no_voluntary_discards,0.0,0.0,0.000925925925925926,950.0,
55656,no_voluntary_discards,0.0875,0.0,0.2951388888888889,300.0,
55657,no_voluntary_discards,0.5111111111111111,0.0,0.2736111111111111,450.0,
55658,no_voluntary_discards,0.1736111111111111,0.0,0.10798611111111112,330.0,
55659,no_voluntary_discards,0.0875,0.0,0.2828125,370.0,
55660,no_voluntary_discards,0.016666666666666666,0.0,0.059375,0.0,
72252,no_voluntary_discards,0.0,0.0,0.000925925925925926,950.0,
55661,no_voluntary_discards,0.0,0.0,0.06510416666666667,0.0,
55662,no_voluntary_discards,0.0,0.0,0.11597222222222223,0.0,
55663,no_voluntary_discards,0.016666666666666666,0.0,0.059375,0.0,
55664,no_voluntary_discards,0.0,0.0,0.06510416666666667,0.0,
55665,no_voluntary_discards,0.0,0.0,0.11597222222222223,0.0,
55666,no_voluntary_discards,0.016666666666666666,0.0,0.059375,0.0,
55667,no_voluntary_discards,0.0,0.0,0.06510416666666667,0.0,
55668,no_voluntary_discards,0.0,0.0,0.11597222222222223,0.0,
55777,no_voluntary_discards,14200.405555555555,156.0,14132.231597222222,150.0,499
55778,no_voluntary_discards,14746.763888888889,162.0,14575.786284722222,150.0,512
55779,no_voluntary_discards,13836.918055555556,152.0,14121.225347222222,150.0,515
55780,no_voluntary_discards,0.0,0.0,0.0,300.0,
55781,no_voluntary_discards,0.0,0.0,0.008333333333333333,300.0,
55782,no_voluntary_discards,0.03888888888888889,0.0,0.005208333333333334,300.0,
55783,no_voluntary_discards,0.011111111111111112,0.0,0.008506944444444444,500.0,
55786,no_voluntary_discards,0.21805555555555556,0.0,0.2640625,150.0,483
55784,no_voluntary_discards,0.018055555555555554,0.0,0.013020833333333332,500.0,
55787,no_voluntary_discards,0.28055555555555556,0.0,0.37829861111111107,150.0,514
55785,no_voluntary_discards,0.0,0.0,0.01875,500.0,715
55788,no_voluntary_discards,0.32083333333333336,0.0,0.2817708333333333,150.0,496
55789,no_voluntary_discards,0.011111111111111112,0.0,0.014930555555555556,300.0,
55790,no_voluntary_discards,0.0,0.0,0.02361111111111111,300.0,638
55791,no_voluntary_discards,0.011111111111111112,0.0,0.017708333333333333,300.0,
55792,no_voluntary_discards,0.0,0.0,0.005902777777777778,500.0,
55794,no_voluntary_discards,0.0,0.0,0.004861111111111111,500.0,
55795,no_voluntary_discards,0.0,0.0,0.010069444444444443,0.0,
55793,no_voluntary_discards,0.011111111111111112,0.0,0.004166666666666667,490.0,
55796,no_voluntary_discards,0.0,0.0,0.010763888888888889,0.0,
55797,no_voluntary_discards,0.0,0.0,0.010416666666666666,0.0,
55798,no_voluntary_discards,0.0,0.0,0.010069444444444443,0.0,
55799,no_voluntary_discards,0.0,0.0,0.010763888888888889,0.0,
55800,no_voluntary_discards,0.0,0.0,0.010416666666666666,0.0,
55801,no_voluntary_discards,0.0,0.0,0.010069444444444443,0.0,
55802,no_voluntary_discards,0.0,0.0,0.010763888888888889,0.0,
55803,no_voluntary_discards,0.0,0.0,0.010416666666666666,0.0,
55804,no_voluntary_discards,0.0,0.0,0.001388888888888889,0.0,
55805,no_voluntary_discards,0.0,0.0,0.00798611111111111,0.0,
55806,no_voluntary_discards,0.0,0.0,0.0,0.0,
55807,no_voluntary_discards,0.0,0.0,0.001388888888888889,0.0,
57937,no_voluntary_discards,18299.058333333334,201.0,17935.089756944446,150.0,466
55808,no_voluntary_discards,0.0,0.0,0.00798611111111111,0.0,
57938,no_voluntary_discards,18389.279166666667,202.0,18502.597743055558,150.0,462
57939,no_voluntary_discards,18298.669444444444,201.0,17956.869444444445,150.0,456
55809,no_voluntary_discards,0.0,0.0,0.0,0.0,
55810,no_voluntary_discards,0.0,0.0,0.001388888888888889,0.0,
55812,no_voluntary_discards,0.0,0.0,0.0,0.0,
55811,no_voluntary_discards,0.0,0.0,0.00798611111111111,0.0,
57940,no_voluntary_discards,2.308333333333333,0.0,2.2022569444444446,300.0,
57941,no_voluntary_discards,0.625,0.0,0.9515625,300.0,
57942,no_voluntary_discards,1.1583333333333334,0.0,1.1668402777777778,300.0,
57943,no_voluntary_discards,0.21388888888888888,0.0,0.06892361111111112,310.0,
57944,no_voluntary_discards,0.08333333333333333,0.0,0.16267361111111112,320.0,
57946,no_voluntary_discards,2096.3791666666666,23.0,1971.5432291666666,150.0,560
57947,no_voluntary_discards,2005.0958333333333,22.0,2233.1090277777776,150.0,562
57948,no_voluntary_discards,1823.223611111111,20.0,2175.6803819444444,150.0,560
57945,no_voluntary_discards,0.02638888888888889,0.0,0.06059027777777778,320.0,
57949,no_voluntary_discards,0.23472222222222222,0.0,0.17326388888888888,240.0,
57950,no_voluntary_discards,0.17777777777777778,0.0,0.19201388888888887,240.0,
57951,no_voluntary_discards,0.2916666666666667,0.0,0.24184027777777778,240.0,
57952,no_voluntary_discards,0.23472222222222222,0.0,0.17326388888888888,240.0,
57953,no_voluntary_discards,0.17777777777777778,0.0,0.19201388888888887,240.0,
57954,no_voluntary_discards,0.34305555555555556,0.0,0.24496527777777777,240.0,
57955,no_voluntary_discards,0.44305555555555554,0.0,0.36875,140.0,
57956,no_voluntary_discards,0.9763888888888889,0.0,0.9211805555555556,150.0,719
57957,no_voluntary_discards,1.1194444444444445,0.0,0.8701388888888889,150.0,720
57958,no_voluntary_discards,0.20972222222222223,0.0,0.22743055555555555,160.0,
57959,no_voluntary_discards,0.8180555555555555,0.0,0.6663194444444445,160.0,
57960,no_voluntary_discards,0.6763888888888889,0.0,0.5684027777777778,160.0,
57961,no_voluntary_discards,0.20972222222222223,0.0,0.22743055555555555,160.0,
57962,no_voluntary_discards,0.8180555555555555,0.0,0.6663194444444445,160.0,
57963,no_voluntary_discards,0.6763888888888889,0.0,0.5684027777777778,160.0,
57964,no_voluntary_discards,0.030555555555555555,0.0,0.01892361111111111,0.0,
57965,no_voluntary_discards,0.011111111111111112,0.0,0.01423611111111111,0.0,
57966,no_voluntary_discards,0.011111111111111112,0.0,0.010416666666666668,0.0,
57967,no_voluntary_discards,0.030555555555555555,0.0,0.01892361111111111,0.0,
57968,no_voluntary_discards,0.011111111111111112,0.0,0.01423611111111111,0.0,
57969,no_voluntary_discards,0.011111111111111112,0.0,0.010416666666666668,0.0,
58081,no_voluntary_discards,14474.116666666667,159.0,14326.380902777777,150.0,467
58082,no_voluntary_discards,14109.755555555555,155.0,14121.061805555555,150.0,475
57970,no_voluntary_discards,0.030555555555555555,0.0,0.01892361111111111,0.0,
58083,no_voluntary_discards,13290.568055555555,146.0,13961.635069444445,150.0,464
57971,no_voluntary_discards,0.011111111111111112,0.0,0.01423611111111111,0.0,
72245,no_voluntary_discards,0.0,0.0,0.0,970.0,
57972,no_voluntary_discards,0.011111111111111112,0.0,0.010416666666666668,0.0,
58084,no_voluntary_discards,1.386111111111111,0.0,1.5295138888888888,260.0,
58085,no_voluntary_discards,0.6875,0.0,0.9249999999999999,250.0,
58087,no_voluntary_discards,1.386111111111111,0.0,1.5295138888888888,260.0,
58086,no_voluntary_discards,1.3736111111111111,0.0,1.3411458333333333,250.0,
58088,no_voluntary_discards,0.6875,0.0,0.9249999999999999,250.0,
58089,no_voluntary_discards,1.3736111111111111,0.0,1.3411458333333333,250.0,
58091,no_voluntary_discards,0.3680555555555556,0.0,0.4557291666666667,150.0,553
58090,no_voluntary_discards,0.33611111111111114,0.0,0.2795138888888889,150.0,556
58092,no_voluntary_discards,0.22083333333333333,0.0,0.17569444444444443,150.0,549
58093,no_voluntary_discards,0.725,0.0,0.5730902777777778,230.0,
72244,no_voluntary_discards,0.0,0.0,0.008796296296296297,1000.0,
58094,no_voluntary_discards,0.38333333333333336,0.0,0.45069444444444445,220.0,
58095,no_voluntary_discards,0.4708333333333333,0.0,0.4496527777777778,230.0,
58097,no_voluntary_discards,0.38333333333333336,0.0,0.45069444444444445,220.0,
58096,no_voluntary_discards,0.725,0.0,0.5730902777777778,230.0,
72243,no_voluntary_discards,0.0,0.0,0.0,400.0,
58098,no_voluntary_discards,0.4708333333333333,0.0,0.4496527777777778,230.0,
72246,no_voluntary_discards,0.0,0.0,0.0,1000.0,
58099,no_voluntary_discards,0.0,0.0,0.0,90.0,
58100,no_voluntary_discards,0.0,0.0,0.0,80.0,
58101,no_voluntary_discards,0.0,0.0,0.0,70.0,
58103,no_voluntary_discards,0.0,0.0,0.0,80.0,
58102,no_voluntary_discards,0.0,0.0,0.0,90.0,
58104,no_voluntary_discards,0.0,0.0,0.0,70.0,
58106,no_voluntary_discards,0.0,0.0,0.0,80.0,
58105,no_voluntary_discards,0.0,0.0,0.0,90.0,
58107,no_voluntary_discards,0.0,0.0,0.0,70.0,
58108,no_voluntary_discards,0.0,0.0,0.0,0.0,
58109,no_voluntary_discards,0.0,0.0,0.0,0.0,
58110,no_voluntary_discards,0.0,0.0,0.0,0.0,
58111,no_voluntary_discards,0.0,0.0,0.0,0.0,
58112,no_voluntary_discards,0.0,0.0,0.0,0.0,
58114,no_voluntary_discards,0.0,0.0,0.0,0.0,
58113,no_voluntary_discards,0.0,0.0,0.0,0.0,
58115,no_voluntary_discards,0.0,0.0,0.0,0.0,
58116,no_voluntary_discards,0.0,0.0,0.0,0.0,
60241,no_voluntary_discards,18663.227777777778,205.0,18071.643229166664,150.0,469
60242,no_voluntary_discards,18843.031944444443,207.0,18205.71423611111,150.0,431
60243,no_voluntary_discards,18843.36111111111,207.0,18297.323784722223,150.0,459
60244,no_voluntary_discards,3.2819444444444446,0.0,3.250347222222222,270.0,
60246,no_voluntary_discards,4.155555555555556,0.0,3.629513888888889,280.0,
60245,no_voluntary_discards,3.936111111111111,0.0,3.841666666666667,280.0,
60250,no_voluntary_discards,2824.6680555555554,31.0,2222.3815972222224,150.0,587
60251,no_voluntary_discards,1914.875,21.0,2028.4817708333333,150.0,578
60252,no_voluntary_discards,1732.3972222222221,19.0,1664.7340277777778,150.0,574
60247,no_voluntary_discards,0.0,0.0,0.001388888888888889,290.0,
60248,no_voluntary_discards,0.0875,0.0,0.022395833333333334,310.0,
60249,no_voluntary_discards,0.041666666666666664,0.0,0.06527777777777778,310.0,
60253,no_voluntary_discards,0.6013888888888889,0.0,0.5248263888888889,240.0,
60256,no_voluntary_discards,0.05694444444444444,0.0,0.18368055555555554,240.0,
60254,no_voluntary_discards,0.5680555555555555,0.0,0.7121527777777777,280.0,
60255,no_voluntary_discards,0.48055555555555557,0.0,0.528125,240.0,
60258,no_voluntary_discards,0.16666666666666666,0.0,0.3138888888888889,220.0,
60257,no_voluntary_discards,0.2708333333333333,0.0,0.29496527777777776,240.0,
60259,no_voluntary_discards,0.8444444444444444,0.0,0.9734375,150.0,694
60261,no_voluntary_discards,1.0708333333333333,0.0,1.3019097222222222,150.0,694
60260,no_voluntary_discards,0.5055555555555555,0.0,0.5713541666666667,150.0,705
60262,no_voluntary_discards,0.8347222222222223,0.0,0.6609375,200.0,
60265,no_voluntary_discards,0.14444444444444443,0.0,0.23784722222222224,160.0,
60263,no_voluntary_discards,0.22083333333333333,0.0,0.34600694444444446,180.0,
60264,no_voluntary_discards,0.6208333333333333,0.0,0.8201388888888889,200.0,
60266,no_voluntary_discards,0.6291666666666667,0.0,0.5515625,160.0,
60267,no_voluntary_discards,0.15833333333333333,0.0,0.3159722222222222,160.0,
60268,no_voluntary_discards,0.0,0.0,0.03142361111111111,0.0,
60269,no_voluntary_discards,0.027777777777777776,0.0,0.021006944444444446,0.0,
60387,no_voluntary_discards,14929.99861111111,164.0,14099.059375,150.0,489
60385,no_voluntary_discards,14200.99861111111,156.0,14326.116145833334,150.0,482
60386,no_voluntary_discards,15383.679166666667,169.0,14257.361979166666,150.0,478
60271,no_voluntary_discards,0.0,0.0,0.03142361111111111,0.0,
60270,no_voluntary_discards,0.02361111111111111,0.0,0.005034722222222222,0.0,
60274,no_voluntary_discards,0.0,0.0,0.014930555555555556,0.0,
60272,no_voluntary_discards,0.027777777777777776,0.0,0.021006944444444446,0.0,
60273,no_voluntary_discards,0.02361111111111111,0.0,0.005034722222222222,0.0,
60275,no_voluntary_discards,0.016666666666666666,0.0,0.034027777777777775,0.0,
60276,no_voluntary_discards,0.011111111111111112,0.0,0.009375,0.0,
60394,no_voluntary_discards,0.2125,0.0,0.40815972222222224,150.0,516
60396,no_voluntary_discards,0.2152777777777778,0.0,0.2713541666666667,150.0,498
60395,no_voluntary_discards,0.09166666666666666,0.0,0.2503472222222222,150.0,518
60388,no_voluntary_discards,0.0,0.0,0.0020833333333333333,240.0,
60389,no_voluntary_discards,0.0,0.0,0.0,250.0,
60390,no_voluntary_discards,0.0,0.0,0.0,240.0,
60391,no_voluntary_discards,0.0,0.0,0.0,240.0,
60392,no_voluntary_discards,0.0,0.0,0.0,240.0,
60393,no_voluntary_discards,0.0,0.0,0.0,240.0,
60397,no_voluntary_discards,0.0,0.0,0.0,200.0,
60399,no_voluntary_discards,0.0,0.0,0.0038194444444444448,200.0,
60398,no_voluntary_discards,0.0,0.0,0.0,200.0,
60400,no_voluntary_discards,0.0,0.0,0.0,200.0,
60403,no_voluntary_discards,0.0,0.0,0.0,0.0,
60401,no_voluntary_discards,0.0,0.0,0.0,200.0,
60402,no_voluntary_discards,0.0,0.0,0.0038194444444444448,200.0,
60404,no_voluntary_discards,0.0,0.0,0.0,0.0,
60405,no_voluntary_discards,0.0,0.0,0.0,0.0,
60406,no_voluntary_discards,0.0,0.0,0.0,0.0,
60407,no_voluntary_discards,0.0,0.0,0.0,0.0,
60408,no_voluntary_discards,0.0,0.0,0.0,0.0,
60409,no_voluntary_discards,0.0,0.0,0.0,0.0,
60410,no_voluntary_discards,0.0,0.0,0.0,0.0,
60411,no_voluntary_discards,0.0,0.0,0.0,0.0,
60412,no_voluntary_discards,0.0,0.0,0.0,0.0,
60413,no_voluntary_discards,0.0,0.0,0.0,0.0,
60414,no_voluntary_discards,0.0,0.0,0.0,0.0,
60416,no_voluntary_discards,0.0,0.0,0.0,0.0,
60415,no_voluntary_discards,0.0,0.0,0.0,0.0,
60417,no_voluntary_discards,0.0,0.0,0.0,0.0,
60418,no_voluntary_discards,0.0,0.0,0.0,0.0,
60419,no_voluntary_discards,0.0,0.0,0.0,0.0,
60420,no_voluntary_discards,0.0,0.0,0.0,0.0,
53072,submitted,0.3387345679012346,0.0,,270.0,
62547,no_voluntary_discards,18117.219444444443,199.0,18221.84878472222,150.0,467
62546,no_voluntary_discards,17751.86388888889,195.0,18028.05486111111,150.0,467
62545,no_voluntary_discards,18934.119444444445,208.0,18287.84097222222,150.0,460
62555,no_voluntary_discards,2278.2527777777777,25.0,2179.0921875,150.0,601
62556,no_voluntary_discards,1915.1,21.0,2269.425347222222,150.0,595
62557,no_voluntary_discards,1.8680555555555556,0.0,2.212673611111111,260.0,
62554,no_voluntary_discards,2279.4944444444445,25.0,2089.160763888889,150.0,590
62549,no_voluntary_discards,4.045833333333333,0.0,3.9713541666666665,270.0,
62548,no_voluntary_discards,3.8027777777777776,0.0,3.459548611111111,280.0,
62551,no_voluntary_discards,1.1152777777777778,0.0,0.9633680555555555,440.0,
62552,no_voluntary_discards,0.20972222222222223,0.0,0.2079861111111111,450.0,
62550,no_voluntary_discards,3.5125,0.0,3.311284722222222,280.0,
62553,no_voluntary_discards,0.6222222222222222,0.0,0.6654513888888889,440.0,
62558,no_voluntary_discards,1.9097222222222223,0.0,1.8855902777777778,260.0,
62572,no_voluntary_discards,0.07083333333333333,0.0,0.04774305555555555,0.0,
62563,no_voluntary_discards,1.023611111111111,0.0,1.065625,150.0,679
62564,no_voluntary_discards,1.1583333333333334,0.0,1.2251736111111111,150.0,684
62565,no_voluntary_discards,1.9402777777777778,0.0,1.8710069444444444,150.0,673
62566,no_voluntary_discards,0.8986111111111111,0.0,0.7529513888888889,250.0,
62568,no_voluntary_discards,1.4916666666666667,0.0,1.3508680555555554,250.0,
62569,no_voluntary_discards,0.29305555555555557,0.0,0.34652777777777777,350.0,
62567,no_voluntary_discards,0.8708333333333333,0.0,0.7369791666666666,260.0,
62573,no_voluntary_discards,0.011111111111111112,0.0,0.027083333333333334,0.0,
62571,no_voluntary_discards,0.6694444444444444,0.0,0.7520833333333333,360.0,
62570,no_voluntary_discards,0.49166666666666664,0.0,0.5227430555555556,350.0,
62559,no_voluntary_discards,2.3305555555555557,0.0,2.055034722222222,260.0,
62560,no_voluntary_discards,0.6736111111111112,0.0,0.9494791666666667,450.0,
62561,no_voluntary_discards,0.43333333333333335,0.0,0.45694444444444443,420.0,
62562,no_voluntary_discards,0.5597222222222222,0.0,0.49809027777777776,420.0,
62574,no_voluntary_discards,0.029166666666666667,0.0,0.012152777777777778,0.0,
62575,no_voluntary_discards,0.05277777777777778,0.0,0.03993055555555555,0.0,
62576,no_voluntary_discards,0.03888888888888889,0.0,0.05,0.0,
62577,no_voluntary_discards,0.041666666666666664,0.0,0.024479166666666666,0.0,
62578,no_voluntary_discards,0.03888888888888889,0.0,0.050347222222222224,170.0,
62579,no_voluntary_discards,0.016666666666666666,0.0,0.05815972222222222,190.0,
62580,no_voluntary_discards,0.03888888888888889,0.0,0.052256944444444446,200.0,
62689,no_voluntary_discards,13472.579166666666,148.0,14009.847569444444,150.0,525
62690,no_voluntary_discards,14746.34861111111,162.0,14201.622743055555,150.0,536
62691,no_voluntary_discards,14290.6625,157.0,13985.2421875,150.0,544
62698,no_voluntary_discards,0.20555555555555555,0.0,0.4166666666666667,150.0,515
62692,no_voluntary_discards,0.7888888888888889,0.0,0.8147569444444445,280.0,
62693,no_voluntary_discards,0.6347222222222222,0.0,0.553125,250.0,
62694,no_voluntary_discards,0.34444444444444444,0.0,0.2847222222222222,250.0,
62700,no_voluntary_discards,0.02361111111111111,0.0,0.19427083333333334,150.0,496
62699,no_voluntary_discards,0.19722222222222222,0.0,0.22916666666666666,150.0,500
62701,no_voluntary_discards,0.0,0.0,0.010416666666666666,200.0,
62702,no_voluntary_discards,0.027777777777777776,0.0,0.009375,190.0,
62695,no_voluntary_discards,0.0,0.0,0.001388888888888889,440.0,
62696,no_voluntary_discards,0.0,0.0,0.0,430.0,
62697,no_voluntary_discards,0.0,0.0,0.0020833333333333333,440.0,
62716,no_voluntary_discards,0.0,0.0,0.0,0.0,
62707,no_voluntary_discards,0.0,0.0,0.0,0.0,
62708,no_voluntary_discards,0.0,0.0,0.0,0.0,
62709,no_voluntary_discards,0.0,0.0,0.0,0.0,
62710,no_voluntary_discards,0.0,0.0,0.0,180.0,
62717,no_voluntary_discards,0.0,0.0,0.0,0.0,
62711,no_voluntary_discards,0.0,0.0,0.0,160.0,
62712,no_voluntary_discards,0.0,0.0,0.001388888888888889,190.0,
62714,no_voluntary_discards,0.0,0.0,0.0,400.0,
63985,no_voluntary_discards,17980.441666666666,197.5,17662.334722222222,150.0,450
62713,no_voluntary_discards,0.0,0.0,0.0,390.0,
63986,no_voluntary_discards,18105.30642361111,198.875,17753.033333333333,150.0,447
63987,no_voluntary_discards,18138.402256944442,199.25,18206.879166666666,150.0,465
63988,no_voluntary_discards,6.930555555555555,0.0,6.793055555555555,300.0,
63989,no_voluntary_discards,5.507986111111111,0.0,5.429166666666666,300.0,
63990,no_voluntary_discards,5.1559027777777775,0.0,6.129166666666666,300.0,
63991,no_voluntary_discards,3.902951388888889,0.0,4.197222222222222,490.0,
62715,no_voluntary_discards,0.0,0.0,0.003125,390.0,
63992,no_voluntary_discards,4.218923611111111,0.0,4.059722222222222,490.0,
63993,no_voluntary_discards,3.5496527777777778,0.0,4.316666666666666,490.0,
63994,no_voluntary_discards,2357.7940972222223,25.875,2004.9944444444445,150.0,611
63995,no_voluntary_discards,2040.7944444444445,22.375,1825.3444444444444,150.0,593
63996,no_voluntary_discards,2393.6302083333335,26.25,2370.7833333333333,150.0,589
63997,no_voluntary_discards,2.457638888888889,0.0,2.370833333333333,290.0,
63998,no_voluntary_discards,3.7272569444444446,0.0,4.131944444444445,300.0,
63999,no_voluntary_discards,2.8520833333333333,0.0,3.3069444444444445,290.0,
64000,no_voluntary_discards,2.1461805555555555,0.0,2.026388888888889,480.0,
64001,no_voluntary_discards,2.576388888888889,0.0,2.629166666666667,470.0,
64002,no_voluntary_discards,2.6512152777777778,0.0,2.9972222222222222,470.0,
64003,no_voluntary_discards,1.2770833333333333,0.0,0.9972222222222222,150.0,673
64004,no_voluntary_discards,1.0322916666666666,0.0,1.198611111111111,150.0,675
64005,no_voluntary_discards,0.8704861111111111,0.0,1.1819444444444445,150.0,677
64006,no_voluntary_discards,0.8769097222222222,0.0,1.1069444444444445,280.0,
64007,no_voluntary_discards,0.7440972222222222,0.0,0.7083333333333334,260.0,
64008,no_voluntary_discards,0.8449652777777777,0.0,0.8416666666666667,260.0,
64009,no_voluntary_discards,0.8706597222222222,0.0,0.8444444444444444,270.0,
64010,no_voluntary_discards,0.7036458333333333,0.0,0.6319444444444444,270.0,
64011,no_voluntary_discards,0.8859375,0.0,0.9319444444444445,270.0,
64012,no_voluntary_discards,0.03125,0.0,0.18888888888888888,0.0,
64013,no_voluntary_discards,0.01909722222222222,0.0,0.075,0.0,
64014,no_voluntary_discards,0.005902777777777778,0.0,0.09722222222222222,0.0,
64015,no_voluntary_discards,0.03125,0.0,0.18888888888888888,0.0,
64016,no_voluntary_discards,0.01909722222222222,0.0,0.075,0.0,
62703,no_voluntary_discards,0.011111111111111112,0.0,0.005555555555555556,200.0,
64017,no_voluntary_discards,0.005902777777777778,0.0,0.09722222222222222,0.0,
64018,no_voluntary_discards,0.03125,0.0,0.18888888888888888,0.0,
64019,no_voluntary_discards,0.01909722222222222,0.0,0.075,0.0,
64129,no_voluntary_discards,14348.022222222222,157.625,14017.934722222222,150.0,530
64020,no_voluntary_discards,0.005902777777777778,0.0,0.09722222222222222,0.0,
64130,no_voluntary_discards,14053.119097222223,154.375,14382.986111111111,150.0,455
64131,no_voluntary_discards,14110.37361111111,155.0,14747.336111111112,150.0,508
64132,no_voluntary_discards,1.1185763888888889,0.0,1.0125,300.0,
64133,no_voluntary_discards,0.6614583333333334,0.0,0.6069444444444444,300.0,
64134,no_voluntary_discards,1.0256944444444445,0.0,1.0222222222222221,300.0,
64135,no_voluntary_discards,0.8720486111111111,0.0,1.175,490.0,
62704,no_voluntary_discards,0.0,0.0,0.0,410.0,
64136,no_voluntary_discards,0.4920138888888889,0.0,0.5777777777777777,500.0,
64137,no_voluntary_discards,0.8782986111111111,0.0,0.7847222222222222,500.0,
64138,no_voluntary_discards,0.16649305555555555,0.0,0.19166666666666668,150.0,521
64139,no_voluntary_discards,0.2954861111111111,0.0,0.3111111111111111,150.0,496
64140,no_voluntary_discards,0.09913194444444444,0.0,0.09444444444444444,150.0,477
64141,no_voluntary_discards,0.13246527777777778,0.0,0.0763888888888889,300.0,
64143,no_voluntary_discards,0.13315972222222222,0.0,0.19027777777777777,300.0,
64142,no_voluntary_discards,0.12916666666666668,0.0,0.06944444444444445,300.0,
64144,no_voluntary_discards,0.10034722222222223,0.0,0.12222222222222222,490.0,
64145,no_voluntary_discards,0.14652777777777778,0.0,0.13194444444444445,490.0,
64146,no_voluntary_discards,0.14635416666666667,0.0,0.03888888888888889,490.0,
62718,no_voluntary_discards,0.0,0.0,0.0,0.0,
64148,no_voluntary_discards,0.0,0.0,0.013888888888888888,0.0,
62705,no_voluntary_discards,0.0,0.0,0.0,410.0,
64147,no_voluntary_discards,0.0,0.0,0.025,0.0,
64149,no_voluntary_discards,0.0,0.0,0.0,0.0,
64150,no_voluntary_discards,0.0,0.0,0.025,0.0,
64151,no_voluntary_discards,0.0,0.0,0.013888888888888888,0.0,
64152,no_voluntary_discards,0.0,0.0,0.0,0.0,
64153,no_voluntary_discards,0.0,0.0,0.025,0.0,
64155,no_voluntary_discards,0.0,0.0,0.0,0.0,
64154,no_voluntary_discards,0.0,0.0,0.013888888888888888,0.0,
64156,no_voluntary_discards,0.0,0.0,0.013888888888888888,0.0,
64157,no_voluntary_discards,0.0,0.0,0.0,0.0,
64158,no_voluntary_discards,0.0,0.0,0.0,0.0,
64159,no_voluntary_discards,0.0,0.0,0.013888888888888888,0.0,
64160,no_voluntary_discards,0.0,0.0,0.0,0.0,
64161,no_voluntary_discards,0.0,0.0,0.0,0.0,
64162,no_voluntary_discards,0.0,0.0,0.013888888888888888,0.0,
64273,no_voluntary_discards,17649.263541666667,193.875,17206.022222222222,150.0,451
64274,no_voluntary_discards,18093.8203125,198.75,17660.856944444444,150.0,453
64275,no_voluntary_discards,18309.53715277778,201.125,17843.319444444445,150.0,441
64163,no_voluntary_discards,0.0,0.0,0.0,0.0,
64276,no_voluntary_discards,4.168229166666666,0.0,4.026388888888889,290.0,
64277,no_voluntary_discards,5.021006944444444,0.0,5.270833333333333,300.0,
62719,no_voluntary_discards,0.0,0.0,0.0,0.0,
64164,no_voluntary_discards,0.0,0.0,0.0,0.0,
64278,no_voluntary_discards,2.5414930555555557,0.0,3.5388888888888888,290.0,
64280,no_voluntary_discards,4.395138888888889,0.0,4.4847222222222225,310.0,
64279,no_voluntary_discards,2.903298611111111,0.0,2.8680555555555554,320.0,
64281,no_voluntary_discards,2.388541666666667,0.0,2.8513888888888888,310.0,
62720,no_voluntary_discards,0.0,0.0,0.0,0.0,
64282,no_voluntary_discards,2324.908159722222,25.5,2370.429166666667,150.0,601
64284,no_voluntary_discards,2210.9899305555555,24.25,2187.6305555555555,150.0,593
64283,no_voluntary_discards,2619.4378472222224,28.75,2369.563888888889,150.0,613
64285,no_voluntary_discards,2.899652777777778,0.0,2.6458333333333335,280.0,
64286,no_voluntary_discards,1.6567708333333333,0.0,1.425,270.0,
64287,no_voluntary_discards,2.0644097222222224,0.0,1.5902777777777777,280.0,
64288,no_voluntary_discards,2.8993055555555554,0.0,2.6375,280.0,
64289,no_voluntary_discards,1.6567708333333333,0.0,1.425,270.0,
64290,no_voluntary_discards,2.269270833333333,0.0,2.0125,270.0,
64291,no_voluntary_discards,1.4081597222222222,0.0,1.1972222222222222,150.0,675
64292,no_voluntary_discards,1.6809027777777779,0.0,1.4597222222222221,150.0,679
64293,no_voluntary_discards,1.113888888888889,0.0,0.7916666666666666,150.0,679
64294,no_voluntary_discards,1.121875,0.0,1.1791666666666667,220.0,
64295,no_voluntary_discards,1.609375,0.0,1.2861111111111112,230.0,
64297,no_voluntary_discards,1.121875,0.0,1.1791666666666667,220.0,
64296,no_voluntary_discards,1.0920138888888888,0.0,0.7638888888888888,230.0,
64298,no_voluntary_discards,1.609375,0.0,1.2861111111111112,230.0,
64299,no_voluntary_discards,1.0920138888888888,0.0,0.7638888888888888,230.0,
64300,no_voluntary_discards,0.03263888888888889,0.0,0.022222222222222223,0.0,
64301,no_voluntary_discards,0.02378472222222222,0.0,0.027777777777777776,0.0,
64303,no_voluntary_discards,0.03263888888888889,0.0,0.022222222222222223,0.0,
64302,no_voluntary_discards,0.04513888888888889,0.0,0.06944444444444445,0.0,
64304,no_voluntary_discards,0.02378472222222222,0.0,0.027777777777777776,0.0,
64305,no_voluntary_discards,0.04513888888888889,0.0,0.06944444444444445,0.0,
64307,no_voluntary_discards,0.02378472222222222,0.0,0.027777777777777776,0.0,
64306,no_voluntary_discards,0.03263888888888889,0.0,0.022222222222222223,0.0,
64308,no_voluntary_discards,0.04513888888888889,0.0,0.06944444444444445,0.0,
64417,no_voluntary_discards,14428.568402777779,158.5,13927.545833333334,150.0,533
64418,no_voluntary_discards,14292.106770833334,157.0,14110.669444444444,150.0,516
64419,no_voluntary_discards,13858.548090277778,152.25,13926.81111111111,150.0,545
64420,no_voluntary_discards,0.7446180555555556,0.0,0.7916666666666666,280.0,
64421,no_voluntary_discards,1.3321180555555556,0.0,1.2277777777777779,270.0,
64423,no_voluntary_discards,0.7446180555555556,0.0,0.7916666666666666,280.0,
64422,no_voluntary_discards,0.6286458333333333,0.0,0.5388888888888889,270.0,
64424,no_voluntary_discards,1.3321180555555556,0.0,1.2277777777777779,270.0,
64425,no_voluntary_discards,0.6286458333333333,0.0,0.5388888888888889,270.0,
64427,no_voluntary_discards,0.24357638888888888,0.0,0.28888888888888886,150.0,515
64426,no_voluntary_discards,0.20260416666666667,0.0,0.18611111111111112,150.0,494
64428,no_voluntary_discards,0.3017361111111111,0.0,0.26805555555555555,150.0,522
64429,no_voluntary_discards,0.3675347222222222,0.0,0.28194444444444444,190.0,
62721,no_voluntary_discards,0.0,0.0,0.0,0.0,
62706,no_voluntary_discards,0.0,0.0,0.0,410.0,
64430,no_voluntary_discards,0.4439236111111111,0.0,0.46111111111111114,180.0,
64431,no_voluntary_discards,0.6913194444444445,0.0,0.4652777777777778,180.0,
64432,no_voluntary_discards,0.3675347222222222,0.0,0.28194444444444444,190.0,
64433,no_voluntary_discards,0.4439236111111111,0.0,0.46111111111111114,180.0,
64434,no_voluntary_discards,0.6913194444444445,0.0,0.4652777777777778,180.0,
64435,no_voluntary_discards,0.0,0.0,0.0,0.0,
64436,no_voluntary_discards,0.0,0.0,0.0,0.0,
64437,no_voluntary_discards,0.0,0.0,0.0,0.0,
64438,no_voluntary_discards,0.0,0.0,0.0,0.0,
64439,no_voluntary_discards,0.0,0.0,0.0,0.0,
64440,no_voluntary_discards,0.0,0.0,0.0,0.0,
64441,no_voluntary_discards,0.0,0.0,0.0,0.0,
64442,no_voluntary_discards,0.0,0.0,0.0,0.0,
64443,no_voluntary_discards,0.0,0.0,0.0,0.0,
64444,no_voluntary_discards,0.0,0.0,0.0,0.0,
64445,no_voluntary_discards,0.0,0.0,0.0,0.0,
64446,no_voluntary_discards,0.0,0.0,0.0,0.0,
64447,no_voluntary_discards,0.0,0.0,0.0,0.0,
64448,no_voluntary_discards,0.0,0.0,0.0,0.0,
62722,no_voluntary_discards,0.0,0.0,0.0,0.0,
64449,no_voluntary_discards,0.0,0.0,0.0,0.0,
64450,no_voluntary_discards,0.0,0.0,0.0,0.0,
62723,no_voluntary_discards,0.0,0.0,0.0,0.0,
62724,no_voluntary_discards,0.0,0.0,0.0,0.0,
64561,no_voluntary_discards,18003.073958333334,197.75,18571.86527777778,150.0,447
64562,no_voluntary_discards,18298.248784722222,201.0,18207.091666666667,150.0,453
64563,no_voluntary_discards,17752.80486111111,195.0,17115.193055555555,150.0,457
64451,no_voluntary_discards,0.0,0.0,0.0,0.0,
64452,no_voluntary_discards,0.0,0.0,0.0,0.0,
64564,no_voluntary_discards,6.542013888888889,0.0,6.723611111111111,270.0,
64566,no_voluntary_discards,4.8277777777777775,0.0,5.454166666666667,270.0,
64565,no_voluntary_discards,4.958333333333333,0.0,4.516666666666667,270.0,
64567,no_voluntary_discards,3.8902777777777775,0.0,3.297222222222222,290.0,
64568,no_voluntary_discards,3.6746527777777778,0.0,3.4097222222222223,310.0,
64570,no_voluntary_discards,2506.1697916666667,27.5,2005.2708333333333,150.0,602
64569,no_voluntary_discards,3.061111111111111,0.0,3.0,290.0,
64571,no_voluntary_discards,2335.4197916666667,25.625,2188.1722222222224,150.0,613
64572,no_voluntary_discards,2267.875347222222,24.875,2370.3125,150.0,589
64573,no_voluntary_discards,2.422222222222222,0.0,2.576388888888889,260.0,
64574,no_voluntary_discards,2.605729166666667,0.0,2.8958333333333335,250.0,
64576,no_voluntary_discards,2.7651041666666667,0.0,2.475,270.0,
64575,no_voluntary_discards,2.8852430555555557,0.0,2.654166666666667,260.0,
64577,no_voluntary_discards,2.774826388888889,0.0,3.1638888888888888,250.0,
64578,no_voluntary_discards,3.127083333333333,0.0,3.0944444444444446,260.0,
64579,no_voluntary_discards,1.367361111111111,0.0,1.2430555555555556,150.0,679
64580,no_voluntary_discards,0.9001736111111112,0.0,1.011111111111111,150.0,678
64581,no_voluntary_discards,1.4548611111111112,0.0,1.9791666666666667,150.0,670
64582,no_voluntary_discards,1.2842013888888888,0.0,1.1652777777777779,220.0,
64585,no_voluntary_discards,1.0331597222222222,0.0,0.9347222222222222,250.0,
64583,no_voluntary_discards,0.8446180555555555,0.0,0.7402777777777778,230.0,
64584,no_voluntary_discards,1.307638888888889,0.0,1.6736111111111112,240.0,
64586,no_voluntary_discards,1.3972222222222221,0.0,1.6097222222222223,230.0,
64587,no_voluntary_discards,1.278298611111111,0.0,0.9652777777777778,240.0,
64588,no_voluntary_discards,0.026041666666666664,0.0,0.05277777777777778,0.0,
64589,no_voluntary_discards,0.030555555555555555,0.0,0.019444444444444445,0.0,
64591,no_voluntary_discards,0.026041666666666664,0.0,0.05277777777777778,0.0,
64590,no_voluntary_discards,0.04131944444444444,0.0,0.013888888888888888,0.0,
64592,no_voluntary_discards,0.030555555555555555,0.0,0.019444444444444445,0.0,
64705,no_voluntary_discards,13767.898090277777,151.25,14473.031944444445,150.0,504
64593,no_voluntary_discards,0.04131944444444444,0.0,0.013888888888888888,0.0,
64706,no_voluntary_discards,14461.853993055556,158.875,14564.491666666667,150.0,524
64707,no_voluntary_discards,14006.571527777778,153.875,14655.03611111111,150.0,527
64594,no_voluntary_discards,0.028125,0.0,0.075,0.0,
64595,no_voluntary_discards,0.035416666666666666,0.0,0.013888888888888888,0.0,
64596,no_voluntary_discards,0.02361111111111111,0.0,0.022222222222222223,0.0,
64708,no_voluntary_discards,1.1940972222222221,0.0,1.3805555555555555,280.0,
64709,no_voluntary_discards,1.036111111111111,0.0,1.0125,260.0,
64710,no_voluntary_discards,0.6024305555555556,0.0,0.5319444444444444,250.0,
64714,no_voluntary_discards,0.18003472222222222,0.0,0.26944444444444443,150.0,491
64712,no_voluntary_discards,0.7197916666666667,0.0,0.6861111111111111,280.0,
64716,no_voluntary_discards,0.08107638888888889,0.0,0.15555555555555556,150.0,518
64715,no_voluntary_discards,0.1449652777777778,0.0,0.18611111111111112,150.0,528
64711,no_voluntary_discards,0.33958333333333335,0.0,0.39305555555555555,260.0,
64713,no_voluntary_discards,0.4921875,0.0,0.4875,260.0,
64717,no_voluntary_discards,0.11631944444444445,0.0,0.07777777777777778,200.0,
64718,no_voluntary_discards,0.24079861111111112,0.0,0.14722222222222223,190.0,
64719,no_voluntary_discards,0.11180555555555556,0.0,0.10416666666666667,200.0,
64720,no_voluntary_discards,0.11631944444444445,0.0,0.07777777777777778,200.0,
64721,no_voluntary_discards,0.24079861111111112,0.0,0.14722222222222223,190.0,
64722,no_voluntary_discards,0.11180555555555556,0.0,0.10416666666666667,200.0,
64723,no_voluntary_discards,0.0,0.0,0.0,0.0,
64724,no_voluntary_discards,0.0,0.0,0.0,0.0,
64725,no_voluntary_discards,0.0,0.0,0.0,0.0,
64726,no_voluntary_discards,0.0,0.0,0.0,0.0,
64727,no_voluntary_discards,0.0,0.0,0.0,0.0,
64730,no_voluntary_discards,0.0,0.0,0.0,0.0,
64729,no_voluntary_discards,0.0,0.0,0.0,0.0,
64728,no_voluntary_discards,0.0,0.0,0.0,0.0,
64731,no_voluntary_discards,0.0,0.0,0.0,0.0,
64732,no_voluntary_discards,0.0,0.0,0.0,0.0,
64733,no_voluntary_discards,0.0,0.0,0.0,0.0,
64734,no_voluntary_discards,0.0,0.0,0.0,0.0,
64735,no_voluntary_discards,0.0,0.0,0.0,0.0,
64736,no_voluntary_discards,0.0,0.0,0.0,0.0,
64737,no_voluntary_discards,0.0,0.0,0.0,0.0,
64738,no_voluntary_discards,0.0,0.0,0.0,0.0,
64739,no_voluntary_discards,0.0,0.0,0.0,0.0,
64740,no_voluntary_discards,0.0,0.0,0.0,0.0,
64849,no_voluntary_discards,18058.336631944443,198.375,17843.715277777777,150.0,444
64851,no_voluntary_discards,17945.632118055557,197.125,17570.656944444443,150.0,455
64850,no_voluntary_discards,17695.36701388889,194.375,17844.94027777778,150.0,454
64859,no_voluntary_discards,2540.2604166666665,27.875,3098.4222222222224,150.0,603
64858,no_voluntary_discards,1903.9244791666667,20.875,1733.8041666666666,150.0,594
64860,no_voluntary_discards,2403.7368055555557,26.375,2735.1819444444445,150.0,608
64861,no_voluntary_discards,2.7890625,0.0,2.9472222222222224,250.0,
64852,no_voluntary_discards,4.1506944444444445,0.0,3.9680555555555554,280.0,
64855,no_voluntary_discards,2.5395833333333333,0.0,2.1,440.0,
64854,no_voluntary_discards,4.579513888888889,0.0,5.072222222222222,290.0,
64853,no_voluntary_discards,5.928819444444445,0.0,5.886111111111111,280.0,
64856,no_voluntary_discards,3.0901041666666664,0.0,2.9819444444444443,430.0,
64857,no_voluntary_discards,2.2390625,0.0,2.3847222222222224,430.0,
64867,no_voluntary_discards,1.1232638888888888,0.0,1.1875,150.0,679
64868,no_voluntary_discards,1.348090277777778,0.0,1.4319444444444445,150.0,671
64869,no_voluntary_discards,1.370486111111111,0.0,1.2708333333333333,150.0,672
64870,no_voluntary_discards,1.0590277777777777,0.0,0.9458333333333333,240.0,
64871,no_voluntary_discards,1.2315972222222222,0.0,1.1694444444444445,230.0,
64873,no_voluntary_discards,1.1418402777777779,0.0,1.0277777777777777,290.0,
64874,no_voluntary_discards,1.1651041666666666,0.0,1.5208333333333333,290.0,
64872,no_voluntary_discards,1.2946180555555555,0.0,0.9819444444444444,240.0,
64862,no_voluntary_discards,2.3171875,0.0,2.2194444444444446,260.0,
64863,no_voluntary_discards,2.478645833333333,0.0,2.297222222222222,260.0,
64864,no_voluntary_discards,2.1095486111111112,0.0,1.7763888888888888,380.0,
64865,no_voluntary_discards,1.695138888888889,0.0,1.3763888888888889,380.0,
64866,no_voluntary_discards,1.7248263888888888,0.0,1.538888888888889,380.0,
64876,no_voluntary_discards,0.04097222222222222,0.0,0.022222222222222223,0.0,
64877,no_voluntary_discards,0.041493055555555554,0.0,0.043055555555555555,0.0,
64878,no_voluntary_discards,0.035590277777777776,0.0,0.075,0.0,
64879,no_voluntary_discards,0.04704861111111111,0.0,0.011111111111111112,0.0,
64880,no_voluntary_discards,0.041493055555555554,0.0,0.043055555555555555,0.0,
64881,no_voluntary_discards,0.035590277777777776,0.0,0.075,0.0,
64883,no_voluntary_discards,0.04461805555555556,0.0,0.07083333333333333,60.0,
64882,no_voluntary_discards,0.06649305555555556,0.0,0.011111111111111112,60.0,
64884,no_voluntary_discards,0.04722222222222222,0.0,0.058333333333333334,60.0,
64875,no_voluntary_discards,0.9217013888888889,0.0,1.3847222222222222,290.0,
64993,no_voluntary_discards,13814.12361111111,151.75,13746.922222222222,150.0,495
64994,no_voluntary_discards,14223.249652777778,156.25,14292.4875,150.0,544
64995,no_voluntary_discards,14064.240972222222,154.5,13656.316666666668,150.0,516
65002,no_voluntary_discards,0.22951388888888888,0.0,0.09166666666666666,150.0,521
65003,no_voluntary_discards,0.0767361111111111,0.0,0.12222222222222222,150.0,494
65004,no_voluntary_discards,0.14114583333333333,0.0,0.1597222222222222,150.0,497
64996,no_voluntary_discards,1.0447916666666668,0.0,0.9111111111111111,280.0,
64997,no_voluntary_discards,1.1329861111111112,0.0,1.175,270.0,
64998,no_voluntary_discards,1.5831597222222222,0.0,1.4277777777777778,270.0,
64999,no_voluntary_discards,0.5878472222222222,0.0,0.9694444444444444,420.0,
65000,no_voluntary_discards,0.475,0.0,0.43333333333333335,420.0,
65001,no_voluntary_discards,0.8869791666666667,0.0,0.9194444444444444,430.0,
65005,no_voluntary_discards,0.22465277777777778,0.0,0.29444444444444445,200.0,
65011,no_voluntary_discards,0.0,0.0,0.0,0.0,
65006,no_voluntary_discards,0.26024305555555555,0.0,0.3194444444444444,210.0,
65013,no_voluntary_discards,0.0,0.0,0.0,0.0,
65012,no_voluntary_discards,0.0,0.0,0.0,0.0,
65014,no_voluntary_discards,0.0,0.0,0.0,70.0,
65015,no_voluntary_discards,0.007291666666666667,0.0,0.0,80.0,
65016,no_voluntary_discards,0.0,0.0,0.0,70.0,
65017,no_voluntary_discards,0.004166666666666667,0.0,0.0,180.0,
65007,no_voluntary_discards,0.20885416666666667,0.0,0.26944444444444443,200.0,
65008,no_voluntary_discards,0.15659722222222222,0.0,0.16111111111111112,370.0,
65018,no_voluntary_discards,0.00798611111111111,0.0,0.0,180.0,
65009,no_voluntary_discards,0.11371527777777778,0.0,0.1,380.0,
65010,no_voluntary_discards,0.1293402777777778,0.0,0.20555555555555555,380.0,
65020,no_voluntary_discards,0.0,0.0,0.0,0.0,
65021,no_voluntary_discards,0.0,0.0,0.0,0.0,
65022,no_voluntary_discards,0.0,0.0,0.0,0.0,
65024,no_voluntary_discards,0.0,0.0,0.0,0.0,
65023,no_voluntary_discards,0.0,0.0,0.0,0.0,
65025,no_voluntary_discards,0.0,0.0,0.0,0.0,
65027,no_voluntary_discards,0.0,0.0,0.0,0.0,
65026,no_voluntary_discards,0.0,0.0,0.0,0.0,
65028,no_voluntary_discards,0.0,0.0,0.0,0.0,
65019,no_voluntary_discards,0.010069444444444445,0.0,0.011111111111111112,190.0,
65137,no_voluntary_discards,18490.84652777778,203.125,18571.22638888889,150.0,434
65138,no_voluntary_discards,18071.32795138889,198.5,17753.618055555555,150.0,438
65139,no_voluntary_discards,18354.63611111111,201.625,18570.868055555555,150.0,446
65140,no_voluntary_discards,7.119965277777778,0.0,7.373611111111111,280.0,
65146,no_voluntary_discards,2097.1402777777776,23.0,2461.625,150.0,599
65147,no_voluntary_discards,2085.7532986111114,22.875,2187.8069444444445,150.0,596
65141,no_voluntary_discards,6.298611111111111,0.0,6.190277777777778,280.0,
65148,no_voluntary_discards,2495.435763888889,27.375,2279.0625,150.0,591
65142,no_voluntary_discards,5.411631944444444,0.0,5.476388888888889,270.0,
65143,no_voluntary_discards,4.133333333333333,0.0,4.247222222222222,290.0,
65144,no_voluntary_discards,3.8114583333333334,0.0,4.111111111111111,290.0,
65145,no_voluntary_discards,4.224479166666667,0.0,3.801388888888889,290.0,
65149,no_voluntary_discards,3.207638888888889,0.0,3.4541666666666666,250.0,
65150,no_voluntary_discards,3.482291666666667,0.0,3.2583333333333333,250.0,
65151,no_voluntary_discards,3.5737847222222223,0.0,2.9680555555555554,240.0,
65155,no_voluntary_discards,1.2409722222222221,0.0,1.5013888888888889,150.0,675
65157,no_voluntary_discards,1.4239583333333332,0.0,1.6111111111111112,150.0,671
65156,no_voluntary_discards,1.6022569444444443,0.0,1.3333333333333333,150.0,677
65152,no_voluntary_discards,3.2413194444444446,0.0,2.951388888888889,250.0,
65158,no_voluntary_discards,1.4625,0.0,1.5958333333333334,210.0,
65160,no_voluntary_discards,2.0215277777777776,0.0,1.2847222222222223,210.0,
65159,no_voluntary_discards,1.214236111111111,0.0,1.613888888888889,210.0,
65161,no_voluntary_discards,1.4399305555555555,0.0,1.4430555555555555,220.0,
65162,no_voluntary_discards,1.2510416666666666,0.0,0.9958333333333333,220.0,
65153,no_voluntary_discards,3.282465277777778,0.0,3.4541666666666666,260.0,
65154,no_voluntary_discards,2.4022569444444444,0.0,1.9875,260.0,
65164,no_voluntary_discards,0.042881944444444445,0.0,0.03333333333333333,0.0,
65165,no_voluntary_discards,0.0296875,0.0,0.08055555555555556,0.0,
65166,no_voluntary_discards,0.05434027777777778,0.0,0.03333333333333333,0.0,
65167,no_voluntary_discards,0.036111111111111115,0.0,0.08611111111111111,0.0,
65168,no_voluntary_discards,0.022395833333333334,0.0,0.013888888888888888,0.0,
65169,no_voluntary_discards,0.015625,0.0,0.019444444444444445,0.0,
65170,no_voluntary_discards,0.036111111111111115,0.0,0.08611111111111111,0.0,
65171,no_voluntary_discards,0.022395833333333334,0.0,0.013888888888888888,0.0,
65163,no_voluntary_discards,1.8953125,0.0,1.2347222222222223,220.0,
65172,no_voluntary_discards,0.015625,0.0,0.019444444444444445,0.0,
65281,no_voluntary_discards,13847.330034722223,152.125,13744.977777777778,150.0,529
65282,no_voluntary_discards,13768.481597222222,151.25,14291.568055555555,150.0,521
65283,no_voluntary_discards,14268.582465277777,156.75,14109.56111111111,150.0,524
65290,no_voluntary_discards,0.10208333333333333,0.0,0.13194444444444445,150.0,479
65284,no_voluntary_discards,0.7243055555555555,0.0,0.8847222222222222,280.0,
65285,no_voluntary_discards,2.5368055555555555,0.0,2.425,260.0,
65286,no_voluntary_discards,1.8553819444444444,0.0,2.4055555555555554,280.0,
65291,no_voluntary_discards,0.24305555555555555,0.0,0.1986111111111111,150.0,518
65287,no_voluntary_discards,1.1732638888888889,0.0,1.0652777777777778,280.0,
65292,no_voluntary_discards,0.08107638888888889,0.0,0.10833333333333334,150.0,482
65288,no_voluntary_discards,0.5975694444444444,0.0,0.7791666666666667,290.0,
65289,no_voluntary_discards,1.339236111111111,0.0,1.3305555555555555,270.0,
65293,no_voluntary_discards,0.3732638888888889,0.0,0.39305555555555555,200.0,
65294,no_voluntary_discards,0.33142361111111107,0.0,0.3138888888888889,190.0,
65299,no_voluntary_discards,0.0,0.0,0.0,0.0,
65300,no_voluntary_discards,0.0,0.0,0.0,0.0,
65301,no_voluntary_discards,0.0,0.0,0.0,0.0,
65303,no_voluntary_discards,0.0,0.0,0.0,0.0,
65302,no_voluntary_discards,0.0,0.0,0.0,0.0,
65304,no_voluntary_discards,0.0,0.0,0.0,0.0,
65295,no_voluntary_discards,0.5036458333333333,0.0,0.5041666666666667,200.0,
65296,no_voluntary_discards,0.03767361111111111,0.0,0.041666666666666664,200.0,
65297,no_voluntary_discards,0.13194444444444445,0.0,0.1361111111111111,190.0,
65298,no_voluntary_discards,0.11024305555555555,0.0,0.044444444444444446,200.0,
65308,no_voluntary_discards,0.0,0.0,0.0,0.0,
65310,no_voluntary_discards,0.0,0.0,0.0,0.0,
65311,no_voluntary_discards,0.0,0.0,0.0,0.0,
65309,no_voluntary_discards,0.0,0.0,0.0,0.0,
65312,no_voluntary_discards,0.0,0.0,0.0,0.0,
65425,no_voluntary_discards,18058.336631944443,198.375,17843.715277777777,150.0,444
65313,no_voluntary_discards,0.0,0.0,0.0,0.0,
65428,no_voluntary_discards,3.182638888888889,0.0,3.6069444444444443,300.0,
65426,no_voluntary_discards,17695.36701388889,194.375,17844.94027777778,150.0,454
65427,no_voluntary_discards,17945.632118055557,197.125,17570.656944444443,150.0,455
65429,no_voluntary_discards,2.551388888888889,0.0,2.7819444444444446,290.0,
65314,no_voluntary_discards,0.0,0.0,0.0,0.0,
65430,no_voluntary_discards,3.868576388888889,0.0,3.973611111111111,300.0,695
65431,no_voluntary_discards,3.8902777777777775,0.0,3.297222222222222,290.0,
65305,no_voluntary_discards,0.0,0.0,0.0,0.0,
65432,no_voluntary_discards,3.6746527777777778,0.0,3.4097222222222223,310.0,
65433,no_voluntary_discards,3.061111111111111,0.0,3.0,290.0,
65315,no_voluntary_discards,0.0,0.0,0.0,0.0,
65306,no_voluntary_discards,0.0,0.0,0.0,0.0,
65316,no_voluntary_discards,0.0,0.0,0.0,0.0,
65307,no_voluntary_discards,0.0,0.0,0.0,0.0,
65434,no_voluntary_discards,1733.3513888888888,19.0,2006.5388888888888,150.0,594
65435,no_voluntary_discards,2585.818402777778,28.375,3008.9625,150.0,603
65437,no_voluntary_discards,2.921527777777778,0.0,2.5194444444444444,260.0,
65438,no_voluntary_discards,1.9977430555555555,0.0,1.7222222222222223,280.0,
65436,no_voluntary_discards,2483.3305555555557,27.25,2645.5583333333334,150.0,608
65439,no_voluntary_discards,2.551388888888889,0.0,2.2152777777777777,270.0,
65440,no_voluntary_discards,1.6651041666666666,0.0,1.7777777777777777,340.0,
65441,no_voluntary_discards,1.8171875,0.0,1.6861111111111111,350.0,
65443,no_voluntary_discards,1.0618055555555554,0.0,1.1375,150.0,679
65442,no_voluntary_discards,1.562326388888889,0.0,1.6652777777777779,340.0,
65444,no_voluntary_discards,1.4,0.0,2.0208333333333335,150.0,665
65445,no_voluntary_discards,1.347048611111111,0.0,1.2847222222222223,150.0,674
65446,no_voluntary_discards,0.9949652777777778,0.0,0.8402777777777778,260.0,
65447,no_voluntary_discards,1.0850694444444444,0.0,1.0583333333333333,260.0,
65448,no_voluntary_discards,1.1901041666666667,0.0,1.1291666666666667,250.0,
65449,no_voluntary_discards,1.0347222222222223,0.0,0.7902777777777777,270.0,
65450,no_voluntary_discards,1.0375,0.0,0.9611111111111111,260.0,
65451,no_voluntary_discards,1.167361111111111,0.0,1.0055555555555555,260.0,
65453,no_voluntary_discards,0.04027777777777777,0.0,0.025,0.0,
65452,no_voluntary_discards,0.03576388888888889,0.0,0.011111111111111112,0.0,
65454,no_voluntary_discards,0.04756944444444444,0.0,0.011111111111111112,0.0,
65455,no_voluntary_discards,0.03576388888888889,0.0,0.011111111111111112,0.0,
65456,no_voluntary_discards,0.04027777777777777,0.0,0.025,0.0,
65457,no_voluntary_discards,0.04756944444444444,0.0,0.011111111111111112,0.0,
65458,no_voluntary_discards,0.03576388888888889,0.0,0.011111111111111112,0.0,
65459,no_voluntary_discards,0.04027777777777777,0.0,0.025,0.0,
65460,no_voluntary_discards,0.04756944444444444,0.0,0.011111111111111112,0.0,
65569,no_voluntary_discards,13814.12361111111,151.75,13746.922222222222,150.0,495
65570,no_voluntary_discards,14223.249652777778,156.25,14292.4875,150.0,544
65573,no_voluntary_discards,0.2737847222222222,0.0,0.23333333333333334,260.0,
65572,no_voluntary_discards,0.3703125,0.0,0.3333333333333333,250.0,
65571,no_voluntary_discards,14064.240972222222,154.5,13656.316666666668,150.0,516
65574,no_voluntary_discards,0.9895833333333333,0.0,1.3569444444444445,300.0,
65575,no_voluntary_discards,0.29670138888888886,0.0,0.33055555555555555,270.0,
65576,no_voluntary_discards,0.24965277777777778,0.0,0.13194444444444445,260.0,
65577,no_voluntary_discards,0.8505208333333334,0.0,1.0583333333333333,310.0,
65578,no_voluntary_discards,0.05798611111111111,0.0,0.011111111111111112,150.0,500
65579,no_voluntary_discards,0.10208333333333333,0.0,0.15138888888888888,150.0,506
65580,no_voluntary_discards,0.04565972222222222,0.0,0.011111111111111112,150.0,470
65581,no_voluntary_discards,0.07152777777777777,0.0,0.0,200.0,
65582,no_voluntary_discards,0.10225694444444444,0.0,0.08472222222222223,190.0,
65585,no_voluntary_discards,0.08680555555555555,0.0,0.03611111111111111,200.0,
65587,no_voluntary_discards,0.0,0.0,0.0,0.0,
65586,no_voluntary_discards,0.07256944444444445,0.0,0.05555555555555555,200.0,
65583,no_voluntary_discards,0.05208333333333333,0.0,0.013888888888888888,200.0,
65584,no_voluntary_discards,0.06232638888888889,0.0,0.058333333333333334,200.0,
65588,no_voluntary_discards,0.0,0.0,0.0,0.0,
65589,no_voluntary_discards,0.0,0.0,0.0,0.0,
65590,no_voluntary_discards,0.0,0.0,0.0,0.0,
65591,no_voluntary_discards,0.0,0.0,0.0,0.0,
65592,no_voluntary_discards,0.0,0.0,0.0,0.0,
65593,no_voluntary_discards,0.0,0.0,0.0,0.0,
65594,no_voluntary_discards,0.0,0.0,0.0,0.0,
65595,no_voluntary_discards,0.0,0.0,0.0,0.0,
65596,no_voluntary_discards,0.0,0.0,0.0,0.0,
65597,no_voluntary_discards,0.0,0.0,0.0,0.0,
65598,no_voluntary_discards,0.0,0.0,0.0,0.0,
65599,no_voluntary_discards,0.0,0.0,0.0,0.0,
65600,no_voluntary_discards,0.0,0.0,0.0,0.0,
65601,no_voluntary_discards,0.0,0.0,0.0,0.0,
65602,no_voluntary_discards,0.0,0.0,0.0,0.0,
65603,no_voluntary_discards,0.0,0.0,0.0,0.0,
65604,no_voluntary_discards,0.0,0.0,0.0,0.0,
65713,no_voluntary_discards,18126.68159722222,199.125,18388.3125,150.0,440
65714,no_voluntary_discards,18332.51736111111,201.375,18298.381944444445,150.0,452
65715,no_voluntary_discards,18036.677430555555,198.125,17024.097222222223,150.0,455
65722,no_voluntary_discards,2051.7751736111113,22.5,2461.023611111111,150.0,590
65723,no_voluntary_discards,2460.5946180555557,27.0,2369.233333333333,150.0,599
65724,no_voluntary_discards,2665.1850694444443,29.25,2278.2458333333334,150.0,613
65716,no_voluntary_discards,3.0041666666666664,0.0,2.897222222222222,290.0,
65718,no_voluntary_discards,3.154513888888889,0.0,3.325,300.0,718
65717,no_voluntary_discards,3.865798611111111,0.0,3.8513888888888888,300.0,705
65719,no_voluntary_discards,2.1621527777777776,0.0,2.176388888888889,500.0,
65721,no_voluntary_discards,3.2159722222222222,0.0,3.2430555555555554,500.0,
65720,no_voluntary_discards,2.795486111111111,0.0,2.4069444444444446,500.0,
65727,no_voluntary_discards,2.029340277777778,0.0,1.9722222222222223,290.0,
65726,no_voluntary_discards,1.7911458333333334,0.0,1.6541666666666666,300.0,
65725,no_voluntary_discards,2.2973958333333333,0.0,2.2263888888888888,300.0,
65729,no_voluntary_discards,1.7631944444444445,0.0,1.7069444444444444,470.0,
65728,no_voluntary_discards,1.9607638888888888,0.0,2.0069444444444446,470.0,
65730,no_voluntary_discards,1.8732638888888888,0.0,1.9708333333333334,480.0,
65731,no_voluntary_discards,1.1546875,0.0,1.2458333333333333,150.0,677
65732,no_voluntary_discards,1.3473958333333333,0.0,1.1416666666666666,150.0,672
65733,no_voluntary_discards,1.3413194444444445,0.0,1.4527777777777777,150.0,665
65734,no_voluntary_discards,0.9394097222222222,0.0,0.9305555555555556,260.0,
65735,no_voluntary_discards,1.1623263888888888,0.0,1.3125,260.0,
65736,no_voluntary_discards,1.1859375,0.0,1.0555555555555556,260.0,
65738,no_voluntary_discards,0.921875,0.0,1.0277777777777777,350.0,
65737,no_voluntary_discards,1.3720486111111112,0.0,2.033333333333333,370.0,
65739,no_voluntary_discards,1.0684027777777778,0.0,1.3694444444444445,370.0,
65740,no_voluntary_discards,0.04097222222222222,0.0,0.022222222222222223,0.0,
65741,no_voluntary_discards,0.041493055555555554,0.0,0.043055555555555555,0.0,
65742,no_voluntary_discards,0.035590277777777776,0.0,0.075,0.0,
65743,no_voluntary_discards,0.04236111111111111,0.0,0.022222222222222223,0.0,
65744,no_voluntary_discards,0.035243055555555555,0.0,0.043055555555555555,0.0,
65745,no_voluntary_discards,0.035590277777777776,0.0,0.075,0.0,
65746,no_voluntary_discards,0.06805555555555555,0.0,0.07222222222222222,110.0,
65747,no_voluntary_discards,0.07465277777777778,0.0,0.05416666666666667,110.0,
65748,no_voluntary_discards,0.05572916666666666,0.0,0.20277777777777778,100.0,
65857,no_voluntary_discards,13813.519618055556,151.75,14382.15138888889,150.0,495
65858,no_voluntary_discards,14268.884548611111,156.75,14473.231944444444,150.0,544
65859,no_voluntary_discards,14462.155208333334,158.875,14382.655555555555,150.0,511
65866,no_voluntary_discards,0.5112847222222222,0.0,0.4444444444444444,150.0,516
65867,no_voluntary_discards,0.08420138888888888,0.0,0.0,150.0,512
65868,no_voluntary_discards,0.16145833333333334,0.0,0.175,150.0,498
65861,no_voluntary_discards,0.4565972222222222,0.0,0.35555555555555557,300.0,706
65860,no_voluntary_discards,0.2498263888888889,0.0,0.3527777777777778,300.0,
65862,no_voluntary_discards,0.5149305555555556,0.0,0.6444444444444445,300.0,
65863,no_voluntary_discards,0.3763888888888889,0.0,0.3611111111111111,500.0,
65865,no_voluntary_discards,0.37604166666666666,0.0,0.4027777777777778,500.0,
65864,no_voluntary_discards,0.4215277777777778,0.0,0.4930555555555556,500.0,
65871,no_voluntary_discards,0.22899305555555555,0.0,0.1486111111111111,300.0,
65869,no_voluntary_discards,0.2701388888888889,0.0,0.20416666666666666,300.0,
65870,no_voluntary_discards,0.30659722222222224,0.0,0.24861111111111112,300.0,
65875,no_voluntary_discards,0.0,0.0,0.0,0.0,
65876,no_voluntary_discards,0.0,0.0,0.0,0.0,
65877,no_voluntary_discards,0.0,0.0,0.0,0.0,
65878,no_voluntary_discards,0.0,0.0,0.0,190.0,
65879,no_voluntary_discards,0.007291666666666667,0.0,0.0,200.0,
65880,no_voluntary_discards,0.0,0.0,0.0,200.0,
65872,no_voluntary_discards,0.18975694444444444,0.0,0.17083333333333334,480.0,
65873,no_voluntary_discards,0.1310763888888889,0.0,0.09444444444444444,470.0,
65883,no_voluntary_discards,0.02395833333333333,0.0,0.011111111111111112,300.0,
65882,no_voluntary_discards,0.012847222222222223,0.0,0.0,290.0,
65881,no_voluntary_discards,0.007465277777777777,0.0,0.0,300.0,
65884,no_voluntary_discards,0.0,0.0,0.0,0.0,
65874,no_voluntary_discards,0.10833333333333334,0.0,0.08611111111111111,470.0,
65885,no_voluntary_discards,0.0,0.0,0.0,0.0,
66001,no_voluntary_discards,19458.3546875,213.75,20117.777777777777,150.0,456
66002,no_voluntary_discards,18786.450868055555,206.375,19207.140277777777,150.0,451
66003,no_voluntary_discards,18956.753993055558,208.25,18569.590277777777,150.0,450
66004,no_voluntary_discards,4.2625,0.0,4.161111111111111,280.0,
66005,no_voluntary_discards,5.423611111111111,0.0,5.055555555555555,300.0,
65886,no_voluntary_discards,0.0,0.0,0.0,0.0,
66006,no_voluntary_discards,3.3008680555555556,0.0,3.0555555555555554,290.0,
66007,no_voluntary_discards,5.9703125,0.0,5.326388888888889,320.0,
66008,no_voluntary_discards,2.5109375000000003,0.0,2.577777777777778,340.0,
66009,no_voluntary_discards,2.817013888888889,0.0,2.9402777777777778,330.0,
66010,no_voluntary_discards,3461.327951388889,38.0,3460.8597222222224,150.0,594
66011,no_voluntary_discards,3290.4520833333336,36.125,3916.615277777778,150.0,608
66012,no_voluntary_discards,3359.7664930555557,36.875,3826.525,150.0,590
66013,no_voluntary_discards,2.732291666666667,0.0,2.126388888888889,270.0,
66014,no_voluntary_discards,2.2975694444444446,0.0,2.8569444444444443,260.0,
65887,no_voluntary_discards,0.0,0.0,0.0,0.0,
66015,no_voluntary_discards,3.5947916666666666,0.0,3.8222222222222224,260.0,
66016,no_voluntary_discards,2.732291666666667,0.0,2.126388888888889,270.0,
66017,no_voluntary_discards,2.2975694444444446,0.0,2.8569444444444443,260.0,
66018,no_voluntary_discards,3.5947916666666666,0.0,3.8222222222222224,260.0,
66019,no_voluntary_discards,1.0479166666666666,0.0,0.7902777777777777,150.0,666
65888,no_voluntary_discards,0.0,0.0,0.0,0.0,
66020,no_voluntary_discards,1.1027777777777779,0.0,1.2097222222222221,150.0,668
65889,no_voluntary_discards,0.0,0.0,0.0,0.0,
66021,no_voluntary_discards,1.84375,0.0,1.5708333333333333,150.0,656
66022,no_voluntary_discards,0.9442708333333333,0.0,0.5791666666666667,250.0,
65890,no_voluntary_discards,0.0,0.0,0.0,80.0,
66023,no_voluntary_discards,1.1777777777777778,0.0,1.0541666666666667,240.0,
66024,no_voluntary_discards,1.6402777777777777,0.0,1.4569444444444444,240.0,
66025,no_voluntary_discards,0.9442708333333333,0.0,0.5791666666666667,250.0,
66026,no_voluntary_discards,1.1777777777777778,0.0,1.0541666666666667,240.0,
66027,no_voluntary_discards,1.6402777777777777,0.0,1.4569444444444444,240.0,
65891,no_voluntary_discards,0.0,0.0,0.0,90.0,
66028,no_voluntary_discards,0.020833333333333332,0.0,0.04722222222222222,0.0,
65892,no_voluntary_discards,0.0,0.0,0.0,70.0,
66029,no_voluntary_discards,0.0296875,0.0,0.027777777777777776,0.0,
66030,no_voluntary_discards,0.0453125,0.0,0.011111111111111112,0.0,
66031,no_voluntary_discards,0.020833333333333332,0.0,0.04722222222222222,0.0,
66033,no_voluntary_discards,0.0453125,0.0,0.011111111111111112,0.0,
66032,no_voluntary_discards,0.0296875,0.0,0.027777777777777776,0.0,
66034,no_voluntary_discards,0.020833333333333332,0.0,0.04722222222222222,0.0,
66035,no_voluntary_discards,0.0296875,0.0,0.027777777777777776,0.0,
66145,no_voluntary_discards,15144.223784722222,166.375,14928.094444444445,150.0,541
66146,no_voluntary_discards,15758.688020833333,173.125,15656.304166666667,150.0,413
66036,no_voluntary_discards,0.0453125,0.0,0.011111111111111112,0.0,
66147,no_voluntary_discards,16783.169270833332,184.375,16294.740277777777,150.0,413
66149,no_voluntary_discards,0.275,0.0,0.425,300.0,
66148,no_voluntary_discards,0.8454861111111112,0.0,0.7,300.0,
66150,no_voluntary_discards,1.1015625,0.0,1.2083333333333333,300.0,715
66151,no_voluntary_discards,0.8447916666666666,0.0,0.6444444444444445,290.0,
66152,no_voluntary_discards,0.26927083333333335,0.0,0.425,310.0,
66153,no_voluntary_discards,1.0446180555555555,0.0,1.1625,330.0,
66154,no_voluntary_discards,0.034027777777777775,0.0,0.05,150.0,486
66155,no_voluntary_discards,0.11875,0.0,0.16805555555555557,150.0,499
66156,no_voluntary_discards,0.06302083333333333,0.0,0.04583333333333333,150.0,494
66157,no_voluntary_discards,0.0921875,0.0,0.09305555555555556,210.0,
66158,no_voluntary_discards,0.08975694444444444,0.0,0.016666666666666666,190.0,
66159,no_voluntary_discards,0.08177083333333333,0.0,0.058333333333333334,230.0,
66160,no_voluntary_discards,0.0921875,0.0,0.09305555555555556,210.0,
66161,no_voluntary_discards,0.08975694444444444,0.0,0.016666666666666666,190.0,
66162,no_voluntary_discards,0.08177083333333333,0.0,0.058333333333333334,230.0,
66163,no_voluntary_discards,0.0,0.0,0.0,0.0,
66164,no_voluntary_discards,0.0,0.0,0.0,0.0,
66165,no_voluntary_discards,0.0,0.0,0.0,0.0,
66166,no_voluntary_discards,0.0,0.0,0.0,0.0,
66167,no_voluntary_discards,0.0,0.0,0.0,0.0,
66168,no_voluntary_discards,0.0,0.0,0.0,0.0,
66169,no_voluntary_discards,0.0,0.0,0.0,0.0,
66170,no_voluntary_discards,0.0,0.0,0.0,0.0,
66171,no_voluntary_discards,0.0,0.0,0.0,0.0,
66172,no_voluntary_discards,0.0,0.0,0.0,0.0,
66173,no_voluntary_discards,0.0,0.0,0.0,0.0,
66174,no_voluntary_discards,0.0,0.0,0.0,0.0,
66175,no_voluntary_discards,0.0,0.0,0.0,0.0,
66176,no_voluntary_discards,0.0,0.0,0.0,0.0,
66177,no_voluntary_discards,0.0,0.0,0.0,0.0,
66178,no_voluntary_discards,0.0,0.0,0.0,0.0,
66179,no_voluntary_discards,0.0,0.0,0.0,0.0,
66180,no_voluntary_discards,0.0,0.0,0.0,0.0,
64733,submitted,0.0,0.0,0.0,140.0,
67442,no_voluntary_discards,17661.702777777777,194.0,18457.750868055555,150.0,450
67443,no_voluntary_discards,18024.234722222223,198.0,18320.327777777777,150.0,455
67441,no_voluntary_discards,18571.806944444445,204.0,18526.3734375,150.0,443
67450,no_voluntary_discards,2186.6916666666666,24.0,2244.1789930555556,150.0,549
67451,no_voluntary_discards,2642.738888888889,29.0,2779.306597222222,150.0,550
65165,submitted,0.0453125,0.0,0.11388888888888889,100.0,
67446,no_voluntary_discards,3.2930555555555556,0.0,3.5203125,270.0,
67449,no_voluntary_discards,4.108333333333333,0.0,4.095659722222222,290.0,
67445,no_voluntary_discards,3.076388888888889,0.0,3.5430555555555556,280.0,
67447,no_voluntary_discards,0.85,0.0,0.677951388888889,290.0,
67448,no_voluntary_discards,2.173611111111111,0.0,2.2267361111111112,280.0,
67444,no_voluntary_discards,1.55,0.0,1.8918402777777779,290.0,
67452,no_voluntary_discards,2005.2027777777778,22.0,2585.863194444444,150.0,559
66171,submitted,0.09027777777777778,0.0,0.075,480.0,
67453,no_voluntary_discards,2.261111111111111,0.0,2.415277777777778,250.0,
67460,no_voluntary_discards,0.5347222222222222,0.0,0.6229166666666667,140.0,
67454,no_voluntary_discards,0.4375,0.0,0.4564236111111111,250.0,
67459,no_voluntary_discards,0.6041666666666666,0.0,0.6765625,150.0,
67455,no_voluntary_discards,1.2069444444444444,0.0,1.3067708333333334,250.0,
67461,no_voluntary_discards,0.9944444444444445,0.0,0.9869791666666667,150.0,703
67462,no_voluntary_discards,0.8527777777777777,0.0,0.6038194444444445,150.0,
67463,no_voluntary_discards,0.31666666666666665,0.0,0.35815972222222225,150.0,
67464,no_voluntary_discards,0.6847222222222222,0.0,0.5125,150.0,
67456,no_voluntary_discards,0.9875,0.0,1.0119791666666667,250.0,
67457,no_voluntary_discards,1.1152777777777778,0.0,0.8307291666666666,240.0,
67458,no_voluntary_discards,1.0430555555555556,0.0,0.9111111111111111,250.0,
67465,no_voluntary_discards,0.4986111111111111,0.0,0.5305555555555556,150.0,
67468,no_voluntary_discards,0.011111111111111112,0.0,0.006076388888888889,0.0,
67470,no_voluntary_discards,0.020833333333333332,0.0,0.011805555555555555,0.0,
67469,no_voluntary_discards,0.0125,0.0,0.018229166666666664,0.0,
67471,no_voluntary_discards,0.0,0.0,0.013020833333333334,0.0,
67472,no_voluntary_discards,0.0,0.0,0.014756944444444444,0.0,
67473,no_voluntary_discards,0.011111111111111112,0.0,0.02048611111111111,0.0,
67474,no_voluntary_discards,0.0,0.0,0.013020833333333334,0.0,
67475,no_voluntary_discards,0.0,0.0,0.014756944444444444,0.0,
67466,no_voluntary_discards,0.39166666666666666,0.0,0.3755208333333333,150.0,
67476,no_voluntary_discards,0.011111111111111112,0.0,0.02048611111111111,0.0,
67467,no_voluntary_discards,0.5458333333333333,0.0,0.5560763888888889,150.0,
67585,no_voluntary_discards,15109.947222222223,166.0,13949.441145833332,150.0,470
67586,no_voluntary_discards,13744.908333333333,151.0,13744.726215277778,150.0,442
67587,no_voluntary_discards,14199.627777777778,156.0,13869.658506944445,150.0,456
67594,no_voluntary_discards,91.02222222222223,1.0,113.86927083333333,150.0,548
67595,no_voluntary_discards,273.06666666666666,3.0,91.03628472222222,150.0,534
67596,no_voluntary_discards,0.04722222222222222,0.0,0.025,150.0,531
67588,no_voluntary_discards,0.0,0.0,0.0,280.0,
67589,no_voluntary_discards,0.0,0.0,0.0,280.0,
67591,no_voluntary_discards,0.0,0.0,0.005381944444444444,300.0,
67592,no_voluntary_discards,0.0,0.0,0.004166666666666667,300.0,
67590,no_voluntary_discards,0.0,0.0,0.0,270.0,
67593,no_voluntary_discards,0.0,0.0,0.0,310.0,
67597,no_voluntary_discards,0.0,0.0,0.0,250.0,
67588,submitted,0.0,0.0,0.001736111111111111,290.0,
67603,no_voluntary_discards,0.0,0.0,0.0,130.0,
67604,no_voluntary_discards,0.0,0.0,0.0,140.0,
67605,no_voluntary_discards,0.0,0.0,0.0,150.0,
67606,no_voluntary_discards,0.0,0.0,0.0,160.0,
67607,no_voluntary_discards,0.0,0.0,0.0,170.0,
67608,no_voluntary_discards,0.0,0.0,0.0,160.0,
67609,no_voluntary_discards,0.0,0.0,0.0,180.0,
67599,no_voluntary_discards,0.0,0.0,0.001388888888888889,250.0,
67598,no_voluntary_discards,0.0,0.0,0.0,250.0,
67600,no_voluntary_discards,0.0,0.0,0.0,270.0,
67601,no_voluntary_discards,0.0,0.0,0.006944444444444445,270.0,
67602,no_voluntary_discards,0.0,0.0,0.001388888888888889,270.0,
67610,no_voluntary_discards,0.0,0.0,0.0,190.0,
69745,no_voluntary_discards,18934.119444444445,208.0,18287.84097222222,150.0,460
69748,no_voluntary_discards,0.013888888888888888,0.0,0.10243055555555555,300.0,689
69749,no_voluntary_discards,0.10277777777777777,0.0,0.0734375,270.0,
67612,no_voluntary_discards,0.0,0.0,0.0,0.0,
69746,no_voluntary_discards,17751.86388888889,195.0,18028.05486111111,150.0,467
69747,no_voluntary_discards,18299.18472222222,201.0,18335.093229166665,150.0,474
69750,no_voluntary_discards,0.0,0.0,0.0,280.0,
69751,no_voluntary_discards,0.0,0.0,0.001388888888888889,290.0,
69752,no_voluntary_discards,0.0875,0.0,0.022395833333333334,310.0,
69753,no_voluntary_discards,0.041666666666666664,0.0,0.06527777777777778,310.0,
69757,no_voluntary_discards,0.0,0.0,0.07065972222222222,230.0,
69758,no_voluntary_discards,0.33611111111111114,0.0,0.26163194444444443,240.0,
69755,no_voluntary_discards,1368.2666666666667,15.0,1804.622048611111,150.0,612
69754,no_voluntary_discards,1915.2083333333333,21.0,1852.4355902777777,150.0,593
69759,no_voluntary_discards,0.1361111111111111,0.0,0.09461805555555555,230.0,
69756,no_voluntary_discards,1641.9986111111111,18.0,1987.9390625,150.0,595
69760,no_voluntary_discards,0.0,0.0,0.006597222222222222,320.0,
69761,no_voluntary_discards,0.058333333333333334,0.0,0.0203125,440.0,
69762,no_voluntary_discards,0.0,0.0,0.005902777777777778,300.0,
69763,no_voluntary_discards,0.30416666666666664,0.0,0.4078125,150.0,718
69764,no_voluntary_discards,0.21666666666666667,0.0,0.3428819444444445,150.0,
69765,no_voluntary_discards,0.4513888888888889,0.0,0.34652777777777777,150.0,717
69767,no_voluntary_discards,0.011111111111111112,0.0,0.0125,190.0,
69766,no_voluntary_discards,0.075,0.0,0.1076388888888889,190.0,
69768,no_voluntary_discards,0.23333333333333334,0.0,0.3293402777777778,220.0,
69770,no_voluntary_discards,0.011111111111111112,0.0,0.0125,190.0,
69769,no_voluntary_discards,0.075,0.0,0.1076388888888889,190.0,
67613,no_voluntary_discards,0.0,0.0,0.0,0.0,
69771,no_voluntary_discards,0.25833333333333336,0.0,0.35173611111111114,250.0,
69772,no_voluntary_discards,0.0,0.0,0.005902777777777778,0.0,
69773,no_voluntary_discards,0.0,0.0,0.0125,0.0,
69774,no_voluntary_discards,0.0125,0.0,0.006597222222222222,0.0,
69775,no_voluntary_discards,0.0,0.0,0.005902777777777778,0.0,
69776,no_voluntary_discards,0.0,0.0,0.0125,0.0,
67614,no_voluntary_discards,0.0,0.0,0.0,0.0,
67615,no_voluntary_discards,0.0,0.0,0.0,0.0,
69777,no_voluntary_discards,0.0125,0.0,0.006597222222222222,0.0,
67616,no_voluntary_discards,0.0,0.0,0.0,0.0,
69778,no_voluntary_discards,0.0,0.0,0.005902777777777778,0.0,
67611,no_voluntary_discards,0.0,0.0,0.0,180.0,
69779,no_voluntary_discards,0.0,0.0,0.0125,0.0,
69780,no_voluntary_discards,0.0125,0.0,0.006597222222222222,0.0,
67617,no_voluntary_discards,0.0,0.0,0.0,0.0,
69893,no_voluntary_discards,0.0,0.0,0.0,290.0,
67618,no_voluntary_discards,0.0,0.0,0.0,0.0,
69892,no_voluntary_discards,0.0,0.0,0.0,300.0,
69895,no_voluntary_discards,0.0,0.0,0.0,300.0,
69896,no_voluntary_discards,0.0,0.0,0.0,300.0,
69894,no_voluntary_discards,0.0,0.0,0.0,300.0,
69897,no_voluntary_discards,0.0,0.0,0.0,300.0,
69889,no_voluntary_discards,13472.579166666666,148.0,14009.847569444444,150.0,525
67619,no_voluntary_discards,0.0,0.0,0.0,0.0,
69898,no_voluntary_discards,182.04444444444445,2.0,216.17777777777778,150.0,544
67620,no_voluntary_discards,0.0,0.0,0.0,0.0,
69891,no_voluntary_discards,14290.6625,157.0,13985.2421875,150.0,544
69890,no_voluntary_discards,14746.34861111111,162.0,14201.622743055555,150.0,536
69899,no_voluntary_discards,0.18194444444444444,0.0,0.228125,150.0,540
69901,no_voluntary_discards,0.0,0.0,0.0,300.0,
69900,no_voluntary_discards,546.4055555555556,6.0,284.5364583333333,150.0,562
69902,no_voluntary_discards,0.0,0.0,0.0,300.0,
69903,no_voluntary_discards,0.0,0.0,0.0,300.0,
69904,no_voluntary_discards,0.0,0.0,0.0,300.0,
69905,no_voluntary_discards,0.0,0.0,0.0,300.0,
69906,no_voluntary_discards,0.0,0.0,0.0,300.0,
69907,no_voluntary_discards,0.0,0.0,0.0,150.0,
69908,no_voluntary_discards,0.0,0.0,0.0,100.0,
69909,no_voluntary_discards,0.0,0.0,0.0,90.0,
69910,no_voluntary_discards,0.0,0.0,0.0,150.0,
69911,no_voluntary_discards,0.0,0.0,0.0,100.0,
69912,no_voluntary_discards,0.0,0.0,0.0,90.0,
69913,no_voluntary_discards,0.0,0.0,0.0,150.0,
69914,no_voluntary_discards,0.0,0.0,0.0,100.0,
69915,no_voluntary_discards,0.0,0.0,0.0,90.0,
69916,no_voluntary_discards,0.0,0.0,0.0,0.0,
69917,no_voluntary_discards,0.0,0.0,0.0,0.0,
69918,no_voluntary_discards,0.0,0.0,0.0,0.0,
69919,no_voluntary_discards,0.0,0.0,0.0,0.0,
69920,no_voluntary_discards,0.0,0.0,0.0,0.0,
69921,no_voluntary_discards,0.0,0.0,0.0,0.0,
69922,no_voluntary_discards,0.0,0.0,0.0,0.0,
69923,no_voluntary_discards,0.0,0.0,0.0,0.0,
69924,no_voluntary_discards,0.0,0.0,0.0,0.0,
72050,no_voluntary_discards,17842.9375,196.0,18479.79409722222,150.0,446
72051,no_voluntary_discards,19025.466666666667,209.0,18537.207465277777,150.0,437
72049,no_voluntary_discards,19116.879166666666,210.0,18058.95625,150.0,451
69895,submitted,0.0,0.0,0.001388888888888889,470.0,
72058,no_voluntary_discards,3280.398611111111,36.0,2904.718229166667,150.0,584
72059,no_voluntary_discards,3006.3888888888887,33.0,2938.0645833333333,150.0,590
72060,no_voluntary_discards,2915.991666666667,32.0,2688.590277777778,150.0,581
72059,submitted,3280.179166666667,36.0,3189.3453125,150.0,588
72053,no_voluntary_discards,182.18333333333334,2.0,125.49236111111111,300.0,701
72054,no_voluntary_discards,0.06666666666666667,0.0,0.22413194444444445,300.0,
72052,no_voluntary_discards,364.125,4.0,216.37256944444445,300.0,700
72055,no_voluntary_discards,0.03611111111111111,0.0,0.15347222222222223,500.0,
72056,no_voluntary_discards,0.0,0.0,0.09322916666666667,500.0,
72057,no_voluntary_discards,546.2833333333333,6.0,375.76979166666666,500.0,688
72063,no_voluntary_discards,0.4847222222222222,0.0,0.45034722222222223,300.0,718
72062,no_voluntary_discards,0.6763888888888889,0.0,0.38506944444444446,300.0,
72061,no_voluntary_discards,0.3472222222222222,0.0,0.5626736111111111,300.0,693
72067,no_voluntary_discards,0.9694444444444444,0.0,1.1263888888888889,150.0,670
72064,no_voluntary_discards,0.4777777777777778,0.0,0.5505208333333333,500.0,
72068,no_voluntary_discards,0.8291666666666667,0.0,1.0718750000000001,150.0,670
72076,no_voluntary_discards,0.07083333333333333,0.0,0.04774305555555555,0.0,
72077,no_voluntary_discards,0.011111111111111112,0.0,0.027083333333333334,0.0,
72078,no_voluntary_discards,0.029166666666666667,0.0,0.012152777777777778,0.0,
72065,no_voluntary_discards,0.5361111111111111,0.0,0.43506944444444445,490.0,
72066,no_voluntary_discards,0.32083333333333336,0.0,0.3237847222222222,490.0,
72079,no_voluntary_discards,0.03611111111111111,0.0,0.036284722222222225,30.0,
72069,no_voluntary_discards,1.8180555555555555,0.0,1.68125,150.0,651
72080,no_voluntary_discards,0.011111111111111112,0.0,0.019791666666666666,30.0,
72070,no_voluntary_discards,0.35555555555555557,0.0,0.4447916666666667,300.0,674
72071,no_voluntary_discards,0.5791666666666667,0.0,0.6173611111111111,300.0,
72072,no_voluntary_discards,1.1625,0.0,0.8949652777777778,300.0,
72074,no_voluntary_discards,0.44027777777777777,0.0,0.3255208333333333,440.0,
72073,no_voluntary_discards,0.4375,0.0,0.3394097222222222,470.0,
72081,no_voluntary_discards,0.06111111111111111,0.0,0.04010416666666666,70.0,
72082,no_voluntary_discards,0.05416666666666667,0.0,0.049479166666666664,350.0,
72083,no_voluntary_discards,0.06666666666666667,0.0,0.11684027777777778,430.0,
72084,no_voluntary_discards,0.1736111111111111,0.0,0.13472222222222222,420.0,
72075,no_voluntary_discards,0.4736111111111111,0.0,0.4875,430.0,
72193,no_voluntary_discards,14292.609722222222,157.0,13871.535590277777,150.0,511
72194,no_voluntary_discards,14565.0125,160.0,13894.131423611112,150.0,521
72195,no_voluntary_discards,13926.702777777778,153.0,14302.314236111111,150.0,541
72203,no_voluntary_discards,0.1361111111111111,0.0,0.03142361111111111,150.0,509
72202,no_voluntary_discards,0.058333333333333334,0.0,0.08350694444444444,150.0,528
72204,no_voluntary_discards,0.31805555555555554,0.0,0.11232638888888889,150.0,503
72196,no_voluntary_discards,0.0,0.0,0.0,290.0,
72205,no_voluntary_discards,0.0,0.0,0.0,200.0,
72206,no_voluntary_discards,0.044444444444444446,0.0,0.0,200.0,
72197,no_voluntary_discards,0.0,0.0,0.001388888888888889,300.0,
72198,no_voluntary_discards,0.0,0.0,0.001388888888888889,300.0,
72200,no_voluntary_discards,0.0,0.0,0.0,500.0,
72199,no_voluntary_discards,0.0,0.0,0.0,500.0,
72201,no_voluntary_discards,0.0,0.0,0.0,500.0,
72207,no_voluntary_discards,0.0,0.0,0.0,200.0,
72208,no_voluntary_discards,0.0,0.0,0.0,230.0,
72209,no_voluntary_discards,0.027777777777777776,0.0,0.0038194444444444443,240.0,
72211,no_voluntary_discards,0.0,0.0,0.0,70.0,
72212,no_voluntary_discards,0.0,0.0,0.0,10.0,
72220,no_voluntary_discards,0.0,0.0,0.0,0.0,
72221,no_voluntary_discards,0.0,0.0,0.0,0.0,
72222,no_voluntary_discards,0.0,0.0,0.0,0.0,
72223,no_voluntary_discards,0.0,0.0,0.0,0.0,
74353,no_voluntary_discards,20025.054166666665,220.0,19877.356944444444,150.0,452
74354,no_voluntary_discards,19752.090277777777,217.0,19888.51840277778,150.0,475
74355,no_voluntary_discards,20025.641666666666,220.0,19706.621006944442,150.0,480
74355,submitted,20025.641666666666,220.0,19706.621006944442,150.0,480
74356,no_voluntary_discards,0.0,0.0,0.24913194444444445,280.0,
72213,no_voluntary_discards,0.0,0.0,0.0,150.0,
74357,no_voluntary_discards,0.55,0.0,0.16736111111111113,290.0,
72214,no_voluntary_discards,0.0,0.0,0.001736111111111111,300.0,
74358,no_voluntary_discards,0.2569444444444444,0.0,0.13645833333333335,290.0,
74359,no_voluntary_discards,0.11388888888888889,0.0,0.13211805555555556,320.0,
74360,no_voluntary_discards,0.175,0.0,0.04479166666666667,320.0,
72215,no_voluntary_discards,0.0,0.0,0.001388888888888889,300.0,690
74361,no_voluntary_discards,1.5527777777777778,0.0,1.7317708333333333,420.0,
74362,no_voluntary_discards,4552.618055555556,50.0,4222.516840277778,150.0,613
74363,no_voluntary_discards,4280.079166666666,47.0,4098.43125,150.0,582
74364,no_voluntary_discards,3551.663888888889,39.0,4155.006944444444,150.0,591
74365,no_voluntary_discards,0.8194444444444444,0.0,0.6902777777777778,280.0,
74366,no_voluntary_discards,1.2777777777777777,0.0,1.4942708333333332,280.0,
74368,no_voluntary_discards,0.7986111111111112,0.0,0.6769097222222222,280.0,
74367,no_voluntary_discards,1.2347222222222223,0.0,1.3241319444444444,280.0,
72224,no_voluntary_discards,0.0,0.0,0.0,0.0,
74369,no_voluntary_discards,1.3027777777777778,0.0,1.4828125,280.0,
74370,no_voluntary_discards,1.2277777777777779,0.0,1.1779513888888888,290.0,
74371,no_voluntary_discards,1.3305555555555555,0.0,1.31875,150.0,637
74373,no_voluntary_discards,1.4847222222222223,0.0,1.0984375,150.0,641
74372,no_voluntary_discards,1.7333333333333334,0.0,1.7677083333333334,150.0,642
72216,no_voluntary_discards,0.0,0.0,0.0,300.0,
72225,no_voluntary_discards,0.0,0.0,0.0,0.0,
74374,no_voluntary_discards,0.425,0.0,0.6711805555555556,270.0,
74375,no_voluntary_discards,0.7472222222222222,0.0,1.0421875,270.0,
74376,no_voluntary_discards,0.5861111111111111,0.0,0.4635416666666667,280.0,
74378,no_voluntary_discards,0.7472222222222222,0.0,1.0421875,270.0,
74377,no_voluntary_discards,0.425,0.0,0.6711805555555556,270.0,
74379,no_voluntary_discards,0.5430555555555555,0.0,0.4876736111111111,280.0,
72226,no_voluntary_discards,0.0,0.0,0.0,220.0,
74380,no_voluntary_discards,0.03888888888888889,0.0,0.03854166666666667,0.0,
74381,no_voluntary_discards,0.011111111111111112,0.0,0.016666666666666666,0.0,
74382,no_voluntary_discards,0.0,0.0,0.012499999999999999,0.0,
74383,no_voluntary_discards,0.03888888888888889,0.0,0.03854166666666667,0.0,
74385,no_voluntary_discards,0.0,0.0,0.012499999999999999,0.0,
74384,no_voluntary_discards,0.011111111111111112,0.0,0.016666666666666666,0.0,
74386,no_voluntary_discards,0.03888888888888889,0.0,0.03854166666666667,0.0,
74387,no_voluntary_discards,0.011111111111111112,0.0,0.016666666666666666,0.0,
74497,no_voluntary_discards,16020.541666666666,176.0,15883.8890625,150.0,433
74388,no_voluntary_discards,0.0,0.0,0.012499999999999999,0.0,
74498,no_voluntary_discards,15838.004166666668,174.0,15701.560416666667,150.0,433
74499,no_voluntary_discards,15656.273611111112,172.0,15861.162152777777,150.0,430
74501,no_voluntary_discards,0.0,0.0,0.0,280.0,
74500,no_voluntary_discards,0.0,0.0,0.0,280.0,
72217,no_voluntary_discards,0.0,0.0,0.0,420.0,
74502,no_voluntary_discards,0.0,0.0,0.00625,280.0,
74503,no_voluntary_discards,0.0,0.0,0.0,300.0,
72227,no_voluntary_discards,0.0,0.0,0.0,270.0,
74504,no_voluntary_discards,0.0,0.0,0.0,290.0,
74505,no_voluntary_discards,0.0,0.0,0.00625,280.0,
74506,no_voluntary_discards,0.025,0.0,0.03298611111111111,150.0,503
74507,no_voluntary_discards,0.0,0.0,0.025694444444444443,150.0,502
74508,no_voluntary_discards,0.06944444444444445,0.0,0.06840277777777777,150.0,453
74509,no_voluntary_discards,0.0,0.0,0.0024305555555555556,180.0,
74510,no_voluntary_discards,0.0,0.0,0.0,190.0,
74511,no_voluntary_discards,0.06388888888888888,0.0,0.04513888888888889,270.0,
74512,no_voluntary_discards,0.0,0.0,0.0024305555555555556,180.0,
74513,no_voluntary_discards,0.0,0.0,0.0,190.0,
74514,no_voluntary_discards,0.06388888888888888,0.0,0.04513888888888889,270.0,
74515,no_voluntary_discards,0.0,0.0,0.0,0.0,
74516,no_voluntary_discards,0.0,0.0,0.0,0.0,
74517,no_voluntary_discards,0.0,0.0,0.0,0.0,
72219,no_voluntary_discards,0.0,0.0,0.0,430.0,
74518,no_voluntary_discards,0.0,0.0,0.0,0.0,
74519,no_voluntary_discards,0.0,0.0,0.0,0.0,
74520,no_voluntary_discards,0.0,0.0,0.0,0.0,
74523,no_voluntary_discards,0.0,0.0,0.0,0.0,
74522,no_voluntary_discards,0.0,0.0,0.0,0.0,
74521,no_voluntary_discards,0.0,0.0,0.0,0.0,
74524,no_voluntary_discards,0.0,0.0,0.0,0.0,
74525,no_voluntary_discards,0.0,0.0,0.0,0.0,
72218,no_voluntary_discards,0.0,0.0,0.0,420.0,
74526,no_voluntary_discards,0.0,0.0,0.0,0.0,
74527,no_voluntary_discards,0.0,0.0,0.0,0.0,
76609,no_voluntary_discards,36985.40185185185,203.16666666666666,,0.0,151
76610,no_voluntary_discards,36510.06358024691,200.55555555555554,,0.0,151
76611,no_voluntary_discards,36550.508179012344,200.77777777777777,,0.0,151
74528,no_voluntary_discards,0.0,0.0,0.0,0.0,
74529,no_voluntary_discards,0.0,0.0,0.0,0.0,
76612,no_voluntary_discards,8032.316049382716,44.111111111111114,,150.0,281
74530,no_voluntary_discards,0.0,0.0,0.0,0.0,
76614,no_voluntary_discards,7537.135648148147,41.388888888888886,,150.0,277
76613,no_voluntary_discards,7274.253858024691,39.94444444444444,,150.0,281
76615,no_voluntary_discards,2.782253086419753,0.0,,240.0,
74531,no_voluntary_discards,0.0,0.0,0.0,0.0,
76621,no_voluntary_discards,8263.299691358025,45.388888888888886,,0.0,286
76616,no_voluntary_discards,3.2828703703703703,0.0,,230.0,
76617,no_voluntary_discards,2.9694444444444446,0.0,,230.0,
76622,no_voluntary_discards,7919.119907407407,43.5,,0.0,293
74532,no_voluntary_discards,0.0,0.0,0.0,0.0,
76623,no_voluntary_discards,8516.415277777778,46.77777777777778,,0.0,280
76624,no_voluntary_discards,1.3128086419753087,0.0,,150.0,307
76625,no_voluntary_discards,0.8356481481481481,0.0,,150.0,311
76626,no_voluntary_discards,1.3200617283950618,0.0,,150.0,300
76627,no_voluntary_discards,1.38070987654321,0.0,,210.0,
76629,no_voluntary_discards,1.3592592592592594,0.0,,220.0,
76628,no_voluntary_discards,0.7518518518518519,0.0,,240.0,
76634,no_voluntary_discards,0.025617283950617284,0.0,,0.0,
76633,no_voluntary_discards,0.07083333333333333,0.0,,0.0,
76635,no_voluntary_discards,0.03302469135802469,0.0,,0.0,
76636,no_voluntary_discards,0.07083333333333333,0.0,,0.0,
76637,no_voluntary_discards,0.025617283950617284,0.0,,0.0,
76638,no_voluntary_discards,0.03302469135802469,0.0,,0.0,
76639,no_voluntary_discards,0.07083333333333333,0.0,,0.0,
76640,no_voluntary_discards,0.025617283950617284,0.0,,0.0,
76641,no_voluntary_discards,0.03302469135802469,0.0,,0.0,
76645,no_voluntary_discards,0.004012345679012345,0.0,,0.0,
76645,submitted,0.004012345679012345,0.0,,0.0,
76646,no_voluntary_discards,0.004320987654320988,0.0,,0.0,
76647,no_voluntary_discards,0.006481481481481481,0.0,,0.0,
76648,no_voluntary_discards,0.004012345679012345,0.0,,0.0,
76649,no_voluntary_discards,0.004320987654320988,0.0,,0.0,
76650,no_voluntary_discards,0.006481481481481481,0.0,,0.0,
76651,no_voluntary_discards,0.004012345679012345,0.0,,0.0,
76753,no_voluntary_discards,29653.124228395063,162.88888888888889,,0.0,186
76754,no_voluntary_discards,29835.081172839506,163.88888888888889,,0.0,186
76652,no_voluntary_discards,0.004320987654320988,0.0,,0.0,
76755,no_voluntary_discards,29501.333024691357,162.05555555555554,,0.0,186
76653,no_voluntary_discards,0.006481481481481481,0.0,,0.0,
72228,no_voluntary_discards,0.0,0.0,0.0,310.0,
72210,no_voluntary_discards,0.0,0.0,0.0,500.0,
76756,no_voluntary_discards,2994.164351851852,16.444444444444443,,150.0,279
76757,no_voluntary_discards,2882.898611111111,15.833333333333334,,150.0,263
76758,no_voluntary_discards,2863.071604938272,15.722222222222221,,150.0,274
76759,no_voluntary_discards,0.7844135802469137,0.0,,250.0,
76760,no_voluntary_discards,0.916820987654321,0.0,,240.0,
76761,no_voluntary_discards,1.108179012345679,0.0,,250.0,
76765,no_voluntary_discards,0.0,0.0,,0.0,
76767,no_voluntary_discards,0.0,0.0,,0.0,
76766,no_voluntary_discards,0.0,0.0,,0.0,
76768,no_voluntary_discards,0.0,0.0,,0.0,
76769,no_voluntary_discards,0.0,0.0,,0.0,
76770,no_voluntary_discards,0.0,0.0,,0.0,
76771,no_voluntary_discards,0.0,0.0,,0.0,
76772,no_voluntary_discards,0.0,0.0,,0.0,
76773,no_voluntary_discards,0.0,0.0,,0.0,
76777,no_voluntary_discards,0.0,0.0,,0.0,
76778,no_voluntary_discards,0.0,0.0,,0.0,
76780,no_voluntary_discards,0.0,0.0,,0.0,
76779,no_voluntary_discards,0.0,0.0,,0.0,
76781,no_voluntary_discards,0.0,0.0,,0.0,
76782,no_voluntary_discards,0.0,0.0,,0.0,
76783,no_voluntary_discards,0.0,0.0,,0.0,
76784,no_voluntary_discards,0.0,0.0,,0.0,
76785,no_voluntary_discards,0.0,0.0,,0.0,
76789,no_voluntary_discards,0.0,0.0,,0.0,
76790,no_voluntary_discards,0.0,0.0,,0.0,
3853,no_voluntary_discards,4.2475000000000005,0.0,,160.0,
3854,no_voluntary_discards,2.995,0.0,,150.0,
3855,no_voluntary_discards,2.5877777777777777,0.0,,160.0,
76791,no_voluntary_discards,0.0,0.0,,0.0,
3856,no_voluntary_discards,4.2475000000000005,0.0,,160.0,
76792,no_voluntary_discards,0.0,0.0,,0.0,
3857,no_voluntary_discards,2.995,0.0,,150.0,
3858,no_voluntary_discards,2.5877777777777777,0.0,,160.0,
76795,no_voluntary_discards,0.0,0.0,,0.0,
76793,no_voluntary_discards,0.0,0.0,,0.0,
76794,no_voluntary_discards,0.0,0.0,,0.0,
3859,no_voluntary_discards,4.361388888888889,0.0,,140.0,
76797,no_voluntary_discards,0.0,0.0,,0.0,
76796,no_voluntary_discards,0.0,0.0,,0.0,
3860,no_voluntary_discards,5.5024999999999995,0.0,,140.0,
3861,no_voluntary_discards,6.631944444444445,0.0,,140.0,
3863,no_voluntary_discards,5.5024999999999995,0.0,,140.0,
3862,no_voluntary_discards,4.361388888888889,0.0,,140.0,
3864,no_voluntary_discards,6.631944444444445,0.0,,140.0,
3865,no_voluntary_discards,2.3825000000000003,0.0,,110.0,
3866,no_voluntary_discards,1.653888888888889,0.0,,110.0,
3867,no_voluntary_discards,2.7127777777777777,0.0,,100.0,
3868,no_voluntary_discards,2.3825000000000003,0.0,,110.0,
3869,no_voluntary_discards,1.653888888888889,0.0,,110.0,
3870,no_voluntary_discards,2.7127777777777777,0.0,,100.0,
3871,no_voluntary_discards,0.25083333333333335,0.0,,0.0,
3872,no_voluntary_discards,0.10833333333333334,0.0,,0.0,
3874,no_voluntary_discards,0.25083333333333335,0.0,,0.0,
3873,no_voluntary_discards,0.06305555555555556,0.0,,0.0,
3875,no_voluntary_discards,0.10833333333333334,0.0,,0.0,
3876,no_voluntary_discards,0.06305555555555556,0.0,,0.0,
3997,no_voluntary_discards,0.04388888888888889,0.0,,140.0,
3998,no_voluntary_discards,0.7224999999999999,0.0,,150.0,
4000,no_voluntary_discards,0.04388888888888889,0.0,,140.0,
4001,no_voluntary_discards,0.7224999999999999,0.0,,150.0,
3999,no_voluntary_discards,1.3744444444444444,0.0,,150.0,
4003,no_voluntary_discards,1.2166666666666668,0.0,,130.0,
4002,no_voluntary_discards,1.3744444444444444,0.0,,150.0,
4004,no_voluntary_discards,1.113611111111111,0.0,,120.0,
4005,no_voluntary_discards,0.9877777777777778,0.0,,120.0,
4006,no_voluntary_discards,1.2166666666666668,0.0,,130.0,
4007,no_voluntary_discards,1.113611111111111,0.0,,120.0,
4008,no_voluntary_discards,0.9877777777777778,0.0,,120.0,
4009,no_voluntary_discards,0.065,0.0,,120.0,
4010,no_voluntary_discards,0.058333333333333334,0.0,,120.0,
4011,no_voluntary_discards,0.07666666666666666,0.0,,120.0,
52993,no_voluntary_discards,32222.367901234564,177.0,,0.0,166
4012,no_voluntary_discards,0.065,0.0,,120.0,
52994,no_voluntary_discards,32869.15524691358,180.55555555555554,,0.0,174
4013,no_voluntary_discards,0.058333333333333334,0.0,,120.0,
52995,no_voluntary_discards,33030.9725308642,181.44444444444446,,0.0,172
4015,no_voluntary_discards,0.0,0.0,,0.0,
4014,no_voluntary_discards,0.07666666666666666,0.0,,120.0,
4016,no_voluntary_discards,0.0,0.0,,0.0,
4017,no_voluntary_discards,0.0,0.0,,0.0,
4018,no_voluntary_discards,0.0,0.0,,0.0,
4019,no_voluntary_discards,0.0,0.0,,0.0,
4020,no_voluntary_discards,0.0,0.0,,0.0,
52996,no_voluntary_discards,2.8385802469135806,0.0,,120.0,
52997,no_voluntary_discards,1.2864197530864196,0.0,,130.0,
52998,no_voluntary_discards,1.1228395061728396,0.0,,120.0,
52999,no_voluntary_discards,2.8385802469135806,0.0,,120.0,
53000,no_voluntary_discards,1.2864197530864196,0.0,,130.0,
53001,no_voluntary_discards,1.1228395061728396,0.0,,120.0,
53005,no_voluntary_discards,2023.1302469135803,11.11111111111111,,0.0,321
53007,no_voluntary_discards,1699.71512345679,9.333333333333334,,0.0,323
53006,no_voluntary_discards,1031.7175925925926,5.666666666666667,,0.0,333
53008,no_voluntary_discards,1.1632716049382716,0.0,,100.0,
53009,no_voluntary_discards,0.5549382716049382,0.0,,110.0,
53010,no_voluntary_discards,1.0629629629629629,0.0,,100.0,
53011,no_voluntary_discards,1.1632716049382716,0.0,,100.0,
53012,no_voluntary_discards,0.5549382716049382,0.0,,110.0,
53013,no_voluntary_discards,1.0629629629629629,0.0,,100.0,
53017,no_voluntary_discards,0.18055555555555555,0.0,,0.0,
53018,no_voluntary_discards,0.017901234567901235,0.0,,0.0,
53019,no_voluntary_discards,0.07777777777777778,0.0,,0.0,
53020,no_voluntary_discards,0.18055555555555555,0.0,,0.0,
53021,no_voluntary_discards,0.017901234567901235,0.0,,0.0,
53022,no_voluntary_discards,0.07777777777777778,0.0,,0.0,
53023,no_voluntary_discards,0.18055555555555555,0.0,,0.0,
53024,no_voluntary_discards,0.017901234567901235,0.0,,0.0,
53025,no_voluntary_discards,0.07777777777777778,0.0,,0.0,
53029,no_voluntary_discards,0.0024691358024691358,0.0,,0.0,
53030,no_voluntary_discards,0.0024691358024691358,0.0,,0.0,
53031,no_voluntary_discards,0.0,0.0,,0.0,
53032,no_voluntary_discards,0.0024691358024691358,0.0,,0.0,
53033,no_voluntary_discards,0.0024691358024691358,0.0,,0.0,
53137,no_voluntary_discards,24737.87561728395,135.88888888888889,,0.0,215
53138,no_voluntary_discards,24758.39814814815,136.0,,0.0,214
53034,no_voluntary_discards,0.0,0.0,,0.0,
53139,no_voluntary_discards,24373.76728395062,133.88888888888889,,0.0,217
53036,no_voluntary_discards,0.0024691358024691358,0.0,,0.0,
53035,no_voluntary_discards,0.0024691358024691358,0.0,,0.0,
53037,no_voluntary_discards,0.0,0.0,,0.0,
53140,no_voluntary_discards,0.2222222222222222,0.0,,80.0,
53141,no_voluntary_discards,0.2064814814814815,0.0,,90.0,
53142,no_voluntary_discards,0.43333333333333335,0.0,,100.0,
53143,no_voluntary_discards,0.2222222222222222,0.0,,80.0,
53144,no_voluntary_discards,0.2064814814814815,0.0,,90.0,
53149,no_voluntary_discards,0.0,0.0,,0.0,
53145,no_voluntary_discards,0.43333333333333335,0.0,,100.0,
53151,no_voluntary_discards,0.0,0.0,,0.0,
53150,no_voluntary_discards,0.0,0.0,,0.0,
53153,no_voluntary_discards,0.0,0.0,,0.0,
53152,no_voluntary_discards,0.0,0.0,,0.0,
53154,no_voluntary_discards,0.0,0.0,,0.0,
53155,no_voluntary_discards,0.0,0.0,,0.0,
53156,no_voluntary_discards,0.0,0.0,,0.0,
53157,no_voluntary_discards,0.0,0.0,,0.0,
53161,no_voluntary_discards,0.0,0.0,,0.0,
53162,no_voluntary_discards,0.0,0.0,,0.0,
53163,no_voluntary_discards,0.0,0.0,,0.0,
53164,no_voluntary_discards,0.0,0.0,,0.0,
53165,no_voluntary_discards,0.0,0.0,,0.0,
53166,no_voluntary_discards,0.0,0.0,,0.0,
53168,no_voluntary_discards,0.0,0.0,,0.0,
53169,no_voluntary_discards,0.0,0.0,,0.0,
53167,no_voluntary_discards,0.0,0.0,,0.0,
53173,no_voluntary_discards,0.0,0.0,,0.0,
53174,no_voluntary_discards,0.0,0.0,,0.0,
53175,no_voluntary_discards,0.0,0.0,,0.0,
53176,no_voluntary_discards,0.0,0.0,,0.0,
53177,no_voluntary_discards,0.0,0.0,,0.0,
53178,no_voluntary_discards,0.0,0.0,,0.0,
53179,no_voluntary_discards,0.0,0.0,,0.0,
53180,no_voluntary_discards,0.0,0.0,,0.0,
55585,no_voluntary_discards,32768.0,180.0,32108.15451388889,0.0,174
55586,no_voluntary_discards,32950.044444444444,181.0,32950.06631944444,0.0,173
55587,no_voluntary_discards,32039.82222222222,176.0,32267.473611111112,0.0,173
53181,no_voluntary_discards,0.0,0.0,,0.0,
55588,no_voluntary_discards,0.175,0.0,0.09618055555555556,150.0,
55589,no_voluntary_discards,0.15555555555555556,0.0,0.296875,150.0,
55590,no_voluntary_discards,0.0,0.0,0.03854166666666667,150.0,
55591,no_voluntary_discards,0.2638888888888889,0.0,0.16145833333333334,300.0,
55597,no_voluntary_discards,728.1777777777778,4.0,819.2892361111111,0.0,338
55592,no_voluntary_discards,0.125,0.0,0.18645833333333334,300.0,
55593,no_voluntary_discards,0.08333333333333333,0.0,0.121875,300.0,
55599,no_voluntary_discards,546.1333333333333,3.0,796.5194444444445,0.0,340
55598,no_voluntary_discards,546.1666666666666,3.0,682.7565972222222,0.0,338
55600,no_voluntary_discards,0.027777777777777776,0.0,0.17118055555555556,150.0,
55601,no_voluntary_discards,0.07777777777777778,0.0,0.18854166666666666,150.0,
55603,no_voluntary_discards,0.37777777777777777,0.0,0.12326388888888888,160.0,
55604,no_voluntary_discards,0.07777777777777778,0.0,0.18854166666666666,160.0,
55602,no_voluntary_discards,0.0,0.0,0.11875,150.0,
55605,no_voluntary_discards,0.0,0.0,0.11875,160.0,
55609,no_voluntary_discards,0.06666666666666667,0.0,0.09791666666666667,0.0,
55610,no_voluntary_discards,0.0,0.0,0.059027777777777776,0.0,
55612,no_voluntary_discards,0.06666666666666667,0.0,0.09791666666666667,0.0,
55611,no_voluntary_discards,0.0,0.0,0.0625,0.0,
55614,no_voluntary_discards,0.0,0.0,0.0625,0.0,
55615,no_voluntary_discards,0.06666666666666667,0.0,0.09791666666666667,0.0,
55616,no_voluntary_discards,0.0,0.0,0.059027777777777776,0.0,
55613,no_voluntary_discards,0.0,0.0,0.059027777777777776,0.0,
55617,no_voluntary_discards,0.0,0.0,0.0625,0.0,
55621,no_voluntary_discards,0.0,0.0,0.044444444444444446,0.0,
55623,no_voluntary_discards,0.0,0.0,0.04513888888888889,0.0,
55622,no_voluntary_discards,0.0,0.0,0.034027777777777775,0.0,
55624,no_voluntary_discards,0.0,0.0,0.044444444444444446,0.0,
55729,no_voluntary_discards,24393.955555555556,134.0,24485.02152777778,0.0,215
55730,no_voluntary_discards,24940.088888888888,137.0,24576.04375,0.0,215
55731,no_voluntary_discards,24393.955555555556,134.0,24371.265625,0.0,216
55625,no_voluntary_discards,0.0,0.0,0.034027777777777775,0.0,
55626,no_voluntary_discards,0.0,0.0,0.04513888888888889,0.0,
55627,no_voluntary_discards,0.0,0.0,0.044444444444444446,0.0,
55628,no_voluntary_discards,0.0,0.0,0.034027777777777775,0.0,
55629,no_voluntary_discards,0.0,0.0,0.04513888888888889,0.0,
55732,no_voluntary_discards,0.0,0.0,0.002777777777777778,150.0,
55733,no_voluntary_discards,0.0,0.0,0.00625,150.0,
55734,no_voluntary_discards,0.0,0.0,0.0,150.0,
55735,no_voluntary_discards,0.0,0.0,0.0,290.0,
55736,no_voluntary_discards,0.0,0.0,0.0,290.0,
55737,no_voluntary_discards,0.0,0.0,0.0,290.0,
55741,no_voluntary_discards,0.0,0.0,0.002777777777777778,0.0,
55742,no_voluntary_discards,0.0,0.0,0.002777777777777778,0.0,
55743,no_voluntary_discards,0.0,0.0,0.0,0.0,
55744,no_voluntary_discards,0.0,0.0,0.002777777777777778,0.0,
55745,no_voluntary_discards,0.0,0.0,0.002777777777777778,0.0,
55746,no_voluntary_discards,0.0,0.0,0.0,0.0,
55747,no_voluntary_discards,0.0,0.0,0.002777777777777778,0.0,
55748,no_voluntary_discards,0.0,0.0,0.002777777777777778,0.0,
55749,no_voluntary_discards,0.0,0.0,0.0,0.0,
55753,no_voluntary_discards,0.0,0.0,0.020138888888888887,0.0,
55754,no_voluntary_discards,0.0,0.0,0.008333333333333333,0.0,
55755,no_voluntary_discards,0.0,0.0,0.009027777777777777,0.0,
55756,no_voluntary_discards,0.0,0.0,0.020138888888888887,0.0,
55757,no_voluntary_discards,0.0,0.0,0.008333333333333333,0.0,
55758,no_voluntary_discards,0.0,0.0,0.009027777777777777,0.0,
55760,no_voluntary_discards,0.0,0.0,0.008333333333333333,0.0,
55759,no_voluntary_discards,0.0,0.0,0.020138888888888887,0.0,
55761,no_voluntary_discards,0.0,0.0,0.009027777777777777,0.0,
55765,no_voluntary_discards,0.0,0.0,0.002777777777777778,0.0,
57889,no_voluntary_discards,31493.86388888889,173.0,32085.379166666666,0.0,141
55766,no_voluntary_discards,0.0,0.0,0.005555555555555556,0.0,
57890,no_voluntary_discards,32768.26666666667,180.0,32608.890625,0.0,142
55767,no_voluntary_discards,0.0,0.0,0.0,0.0,
57891,no_voluntary_discards,32768.175,180.0,32449.444097222222,0.0,142
55768,no_voluntary_discards,0.0,0.0,0.002777777777777778,0.0,
55769,no_voluntary_discards,0.0,0.0,0.005555555555555556,0.0,
55770,no_voluntary_discards,0.0,0.0,0.0,0.0,
55771,no_voluntary_discards,0.0,0.0,0.002777777777777778,0.0,
55772,no_voluntary_discards,0.0,0.0,0.005555555555555556,0.0,
55773,no_voluntary_discards,0.0,0.0,0.0,0.0,
57892,no_voluntary_discards,0.0,0.0,0.01597222222222222,120.0,
57893,no_voluntary_discards,0.0,0.0,0.019097222222222224,120.0,
57894,no_voluntary_discards,0.05277777777777778,0.0,0.03888888888888889,120.0,
57895,no_voluntary_discards,0.0,0.0,0.01597222222222222,120.0,
57901,no_voluntary_discards,1820.7111111111112,10.0,1502.060763888889,0.0,279
57903,no_voluntary_discards,2002.7888888888888,11.0,1456.679861111111,0.0,284
57902,no_voluntary_discards,1092.3583333333333,6.0,1001.3354166666667,0.0,285
57896,no_voluntary_discards,0.0,0.0,0.019097222222222224,120.0,
57897,no_voluntary_discards,0.05277777777777778,0.0,0.03888888888888889,120.0,
57905,no_voluntary_discards,0.044444444444444446,0.0,0.04895833333333333,80.0,
57904,no_voluntary_discards,0.05,0.0,0.13506944444444444,80.0,
57906,no_voluntary_discards,0.2611111111111111,0.0,0.13854166666666667,80.0,
57907,no_voluntary_discards,0.05,0.0,0.13506944444444444,80.0,
57908,no_voluntary_discards,0.044444444444444446,0.0,0.04895833333333333,80.0,
57913,no_voluntary_discards,0.0,0.0,0.00798611111111111,0.0,
57914,no_voluntary_discards,0.06666666666666667,0.0,0.057986111111111106,0.0,
57915,no_voluntary_discards,0.0,0.0,0.030208333333333334,0.0,
57909,no_voluntary_discards,0.2611111111111111,0.0,0.13854166666666667,80.0,
57917,no_voluntary_discards,0.06666666666666667,0.0,0.057986111111111106,0.0,
57916,no_voluntary_discards,0.0,0.0,0.00798611111111111,0.0,
57918,no_voluntary_discards,0.0,0.0,0.030208333333333334,0.0,
57919,no_voluntary_discards,0.0,0.0,0.00798611111111111,0.0,
57920,no_voluntary_discards,0.06666666666666667,0.0,0.057986111111111106,0.0,
57921,no_voluntary_discards,0.0,0.0,0.030208333333333334,0.0,
57925,no_voluntary_discards,0.0,0.0,0.0,0.0,
57926,no_voluntary_discards,0.0,0.0,0.0,0.0,
57927,no_voluntary_discards,0.0,0.0,0.0,0.0,
57928,no_voluntary_discards,0.0,0.0,0.0,0.0,
57929,no_voluntary_discards,0.0,0.0,0.0,0.0,
57930,no_voluntary_discards,0.0,0.0,0.0,0.0,
58033,no_voluntary_discards,24211.911111111112,133.0,24462.324652777777,0.0,165
58034,no_voluntary_discards,24940.26388888889,137.0,24507.836805555555,0.0,161
57933,no_voluntary_discards,0.0,0.0,0.0,0.0,
57931,no_voluntary_discards,0.0,0.0,0.0,0.0,
57932,no_voluntary_discards,0.0,0.0,0.0,0.0,
58035,no_voluntary_discards,24029.866666666665,132.0,24052.6875,0.0,161
58036,no_voluntary_discards,0.14722222222222223,0.0,0.30173611111111115,110.0,
58037,no_voluntary_discards,0.06388888888888888,0.0,0.1986111111111111,110.0,
58038,no_voluntary_discards,0.40555555555555556,0.0,0.32256944444444446,110.0,
58039,no_voluntary_discards,0.14722222222222223,0.0,0.30173611111111115,110.0,
58041,no_voluntary_discards,0.40555555555555556,0.0,0.32256944444444446,110.0,
58040,no_voluntary_discards,0.06388888888888888,0.0,0.1986111111111111,110.0,
58045,no_voluntary_discards,0.0,0.0,0.0,0.0,332
58047,no_voluntary_discards,0.0,0.0,0.0,0.0,336
58046,no_voluntary_discards,0.0,0.0,0.0,0.0,330
58048,no_voluntary_discards,0.0,0.0,0.0,60.0,
58050,no_voluntary_discards,0.0,0.0,0.0,50.0,
58049,no_voluntary_discards,0.0,0.0,0.0,50.0,
58051,no_voluntary_discards,0.0,0.0,0.0,60.0,
58053,no_voluntary_discards,0.0,0.0,0.0,50.0,
58052,no_voluntary_discards,0.0,0.0,0.0,50.0,
58057,no_voluntary_discards,0.0,0.0,0.0,0.0,
58058,no_voluntary_discards,0.0,0.0,0.0,0.0,
58059,no_voluntary_discards,0.0,0.0,0.0,0.0,
58060,no_voluntary_discards,0.0,0.0,0.0,0.0,
58062,no_voluntary_discards,0.0,0.0,0.0,0.0,
58061,no_voluntary_discards,0.0,0.0,0.0,0.0,
58064,no_voluntary_discards,0.0,0.0,0.0,0.0,
58063,no_voluntary_discards,0.0,0.0,0.0,0.0,
58065,no_voluntary_discards,0.0,0.0,0.0,0.0,
58069,no_voluntary_discards,0.0,0.0,0.0,0.0,
58071,no_voluntary_discards,0.0,0.0,0.0,0.0,
58070,no_voluntary_discards,0.0,0.0,0.0,0.0,
60193,no_voluntary_discards,32585.955555555556,179.0,32836.38159722222,0.0,147
60194,no_voluntary_discards,33132.08888888889,182.0,32745.38472222222,0.0,155
60195,no_voluntary_discards,32586.594444444443,179.0,32677.187152777777,0.0,154
58072,no_voluntary_discards,0.0,0.0,0.0,0.0,
58073,no_voluntary_discards,0.0,0.0,0.0,0.0,
58074,no_voluntary_discards,0.0,0.0,0.0,0.0,
58075,no_voluntary_discards,0.0,0.0,0.0,0.0,
58076,no_voluntary_discards,0.0,0.0,0.0,0.0,
58077,no_voluntary_discards,0.0,0.0,0.0,0.0,
60205,no_voluntary_discards,2184.6222222222223,12.0,1388.3552083333334,0.0,312
60206,no_voluntary_discards,2367.072222222222,13.0,1934.726388888889,0.0,309
60207,no_voluntary_discards,910.4111111111112,5.0,1092.6274305555555,0.0,309
60196,no_voluntary_discards,0.8305555555555556,0.0,0.7284722222222222,120.0,
60197,no_voluntary_discards,0.7222222222222222,0.0,0.8420138888888888,110.0,
60198,no_voluntary_discards,1.2138888888888888,0.0,0.8854166666666666,110.0,
60199,no_voluntary_discards,0.7055555555555556,0.0,0.3145833333333333,120.0,
60200,no_voluntary_discards,0.06666666666666667,0.0,0.05590277777777778,120.0,
60201,no_voluntary_discards,0.7222222222222222,0.0,0.434375,120.0,
60208,no_voluntary_discards,0.39444444444444443,0.0,0.22916666666666666,110.0,
60217,no_voluntary_discards,0.1111111111111111,0.0,0.03125,0.0,
60218,no_voluntary_discards,0.05555555555555555,0.0,0.010763888888888889,0.0,
60219,no_voluntary_discards,0.16944444444444445,0.0,0.07326388888888889,0.0,
60209,no_voluntary_discards,0.4777777777777778,0.0,0.42916666666666664,100.0,
60210,no_voluntary_discards,0.08611111111111111,0.0,0.2642361111111111,100.0,
60212,no_voluntary_discards,0.4777777777777778,0.0,0.42916666666666664,100.0,
60211,no_voluntary_discards,0.39444444444444443,0.0,0.22916666666666666,110.0,
60213,no_voluntary_discards,0.08611111111111111,0.0,0.2642361111111111,100.0,
60229,no_voluntary_discards,0.0,0.0,0.0,0.0,
60230,no_voluntary_discards,0.0,0.0,0.0,0.0,
60231,no_voluntary_discards,0.0,0.0,0.0,0.0,
60220,no_voluntary_discards,0.1111111111111111,0.0,0.03125,0.0,
60221,no_voluntary_discards,0.05555555555555555,0.0,0.010763888888888889,0.0,
60222,no_voluntary_discards,0.16944444444444445,0.0,0.07326388888888889,0.0,
60223,no_voluntary_discards,0.1111111111111111,0.0,0.03125,0.0,
60224,no_voluntary_discards,0.05555555555555555,0.0,0.010763888888888889,0.0,
60225,no_voluntary_discards,0.16944444444444445,0.0,0.07326388888888889,0.0,
60337,no_voluntary_discards,23847.82222222222,131.0,24257.49548611111,0.0,199
60339,no_voluntary_discards,23847.82222222222,131.0,23984.421180555557,0.0,201
60338,no_voluntary_discards,24029.866666666665,132.0,24257.687847222223,0.0,193
60232,no_voluntary_discards,0.0,0.0,0.0,0.0,
60233,no_voluntary_discards,0.0,0.0,0.0,0.0,
60234,no_voluntary_discards,0.0,0.0,0.0,0.0,
60235,no_voluntary_discards,0.0,0.0,0.0,0.0,
60236,no_voluntary_discards,0.0,0.0,0.0,0.0,
60237,no_voluntary_discards,0.0,0.0,0.0,0.0,
60349,no_voluntary_discards,0.0,0.0,0.0,0.0,
60350,no_voluntary_discards,0.0,0.0,0.0,0.0,
60351,no_voluntary_discards,0.0,0.0,0.0,0.0,
60340,no_voluntary_discards,0.0,0.0,0.0,100.0,
60342,no_voluntary_discards,0.0,0.0,0.0,100.0,
60341,no_voluntary_discards,0.0,0.0,0.0,100.0,
60343,no_voluntary_discards,0.0,0.0,0.0,100.0,
60344,no_voluntary_discards,0.0,0.0,0.0,100.0,
60345,no_voluntary_discards,0.0,0.0,0.0,100.0,
60361,no_voluntary_discards,0.0,0.0,0.0,0.0,
60353,no_voluntary_discards,0.0,0.0,0.0,0.0,
60362,no_voluntary_discards,0.0,0.0,0.0,0.0,
60352,no_voluntary_discards,0.0,0.0,0.0,0.0,
60354,no_voluntary_discards,0.0,0.0,0.0,0.0,
60363,no_voluntary_discards,0.0,0.0,0.0,0.0,
60355,no_voluntary_discards,0.0,0.0,0.0,0.0,
60356,no_voluntary_discards,0.0,0.0,0.0,0.0,
60373,no_voluntary_discards,0.0,0.0,0.0,0.0,
60357,no_voluntary_discards,0.0,0.0,0.0,0.0,
60374,no_voluntary_discards,0.0,0.0,0.0,0.0,
60375,no_voluntary_discards,0.0,0.0,0.0,0.0,
60364,no_voluntary_discards,0.0,0.0,0.0,0.0,
60365,no_voluntary_discards,0.0,0.0,0.0,0.0,
60366,no_voluntary_discards,0.0,0.0,0.0,0.0,
60367,no_voluntary_discards,0.0,0.0,0.0,0.0,
60369,no_voluntary_discards,0.0,0.0,0.0,0.0,
60368,no_voluntary_discards,0.0,0.0,0.0,0.0,
60376,no_voluntary_discards,0.0,0.0,0.0,0.0,
60377,no_voluntary_discards,0.0,0.0,0.0,0.0,
60378,no_voluntary_discards,0.0,0.0,0.0,0.0,
60379,no_voluntary_discards,0.0,0.0,0.0,0.0,
60380,no_voluntary_discards,0.0,0.0,0.0,0.0,
57930,submitted,0.030555555555555555,0.0,0.006944444444444444,50.0,
60381,no_voluntary_discards,0.0,0.0,0.0,0.0,
57909,submitted,0.26666666666666666,0.0,0.2920138888888889,230.0,
60355,submitted,0.0,0.0,0.002777777777777778,210.0,
62498,no_voluntary_discards,31494.722222222223,173.0,32770.10590277778,0.0,165
62497,no_voluntary_discards,32585.955555555556,179.0,32586.33645833333,0.0,172
62499,no_voluntary_discards,32039.82222222222,176.0,31994.515972222223,0.0,176
62509,no_voluntary_discards,1821.8222222222223,10.0,1867.9902777777777,0.0,318
62510,no_voluntary_discards,2366.6277777777777,13.0,1570.7857638888888,0.0,327
62511,no_voluntary_discards,910.6166666666667,5.0,1502.7746527777779,0.0,324
62512,no_voluntary_discards,1.1611111111111112,0.0,1.1038194444444445,120.0,
62501,no_voluntary_discards,0.41944444444444445,0.0,1.0090277777777779,120.0,
62500,no_voluntary_discards,0.5,0.0,0.9069444444444444,130.0,
62502,no_voluntary_discards,1.1027777777777779,0.0,1.4131944444444444,120.0,
62505,no_voluntary_discards,0.08055555555555556,0.0,0.07916666666666666,260.0,
62504,no_voluntary_discards,0.9805555555555555,0.0,0.7743055555555556,230.0,
62503,no_voluntary_discards,0.10555555555555556,0.0,0.14444444444444446,250.0,
62513,no_voluntary_discards,0.2777777777777778,0.0,0.21354166666666666,120.0,
62521,no_voluntary_discards,0.05,0.0,0.035416666666666666,0.0,
62522,no_voluntary_discards,0.0,0.0,0.034027777777777775,0.0,
62523,no_voluntary_discards,0.08333333333333333,0.0,0.12013888888888889,0.0,
62533,no_voluntary_discards,0.0,0.0,0.002777777777777778,0.0,
62534,no_voluntary_discards,0.0,0.0,0.002777777777777778,0.0,
62535,no_voluntary_discards,0.0,0.0,0.0,0.0,
62536,no_voluntary_discards,0.022222222222222223,0.0,0.0,0.0,
62514,no_voluntary_discards,0.2111111111111111,0.0,0.2746527777777778,120.0,
62515,no_voluntary_discards,0.4666666666666667,0.0,0.4121527777777778,240.0,
62525,no_voluntary_discards,0.0,0.0,0.034027777777777775,0.0,
62524,no_voluntary_discards,0.05,0.0,0.035416666666666666,0.0,
62516,no_voluntary_discards,0.14166666666666666,0.0,0.27395833333333336,240.0,
62527,no_voluntary_discards,0.044444444444444446,0.0,0.10694444444444444,170.0,
62528,no_voluntary_discards,0.022222222222222223,0.0,0.0763888888888889,160.0,
62529,no_voluntary_discards,0.12777777777777777,0.0,0.050694444444444445,160.0,
62526,no_voluntary_discards,0.08333333333333333,0.0,0.12013888888888889,0.0,
62537,no_voluntary_discards,0.0,0.0,0.0,0.0,
62517,no_voluntary_discards,0.13333333333333333,0.0,0.22326388888888887,190.0,
62538,no_voluntary_discards,0.0,0.0,0.0,0.0,
62539,no_voluntary_discards,0.0,0.0,0.0,20.0,
62540,no_voluntary_discards,0.0,0.0,0.0,0.0,
62541,no_voluntary_discards,0.0,0.0,0.003472222222222222,0.0,
62653,no_voluntary_discards,0.0,0.0,0.0,0.0,
62654,no_voluntary_discards,0.0,0.0,0.0,0.0,
62656,no_voluntary_discards,0.0,0.0,0.0,40.0,
62655,no_voluntary_discards,0.0,0.0,0.0,0.0,
62657,no_voluntary_discards,0.022222222222222223,0.0,0.0,80.0,
62641,no_voluntary_discards,24758.044444444444,136.0,24712.647569444445,0.0,216
62643,no_voluntary_discards,24394.130555555555,134.0,24462.29097222222,0.0,217
62642,no_voluntary_discards,24211.911111111112,133.0,24621.645486111112,0.0,216
62646,no_voluntary_discards,0.0,0.0,0.024999999999999998,90.0,
62645,no_voluntary_discards,0.13333333333333333,0.0,0.07847222222222222,100.0,
62644,no_voluntary_discards,0.0,0.0,0.003472222222222222,90.0,
62647,no_voluntary_discards,0.0,0.0,0.0,240.0,
62648,no_voluntary_discards,0.0,0.0,0.0,230.0,
62649,no_voluntary_discards,0.0,0.0,0.0,240.0,
62665,no_voluntary_discards,0.0,0.0,0.0,0.0,
62666,no_voluntary_discards,0.0,0.0,0.0,0.0,
62668,no_voluntary_discards,0.0,0.0,0.0,0.0,
62667,no_voluntary_discards,0.0,0.0,0.0,0.0,
62677,no_voluntary_discards,0.0,0.0,0.0,0.0,
62678,no_voluntary_discards,0.0,0.0,0.0,0.0,
62658,no_voluntary_discards,0.0,0.0,0.0,80.0,
62679,no_voluntary_discards,0.0,0.0,0.0,0.0,
62680,no_voluntary_discards,0.0,0.0,0.0,0.0,
62681,no_voluntary_discards,0.0,0.0,0.0,0.0,
63937,no_voluntary_discards,32631.510416666668,179.25,32222.041666666668,0.0,172
63938,no_voluntary_discards,32040.019097222223,176.0,32950.044444444444,0.0,173
63939,no_voluntary_discards,32631.55416666667,179.25,31676.083333333332,0.0,174
63940,no_voluntary_discards,2.5652777777777778,0.0,2.6777777777777776,140.0,
63941,no_voluntary_discards,2.209027777777778,0.0,2.261111111111111,150.0,
63942,no_voluntary_discards,1.2229166666666667,0.0,1.1666666666666667,150.0,
62660,no_voluntary_discards,0.0,0.0,0.0,200.0,
63943,no_voluntary_discards,1.8538194444444445,0.0,1.7138888888888888,260.0,
62659,no_voluntary_discards,0.0,0.0,0.0,200.0,
62669,no_voluntary_discards,0.0,0.0,0.0,0.0,
62670,no_voluntary_discards,0.0,0.0,0.0,0.0,
63944,no_voluntary_discards,1.8447916666666666,0.0,2.4805555555555556,270.0,
63949,no_voluntary_discards,523.3923611111111,2.875,364.0888888888889,0.0,339
63945,no_voluntary_discards,1.3954861111111112,0.0,1.1805555555555556,260.0,
63950,no_voluntary_discards,2435.5534722222224,13.375,1457.588888888889,0.0,319
63951,no_voluntary_discards,2048.7447916666665,11.25,2731.3888888888887,0.0,319
62671,no_voluntary_discards,0.0,0.0,0.0,150.0,
63953,no_voluntary_discards,0.836111111111111,0.0,0.8833333333333333,130.0,
63952,no_voluntary_discards,0.26493055555555556,0.0,0.17222222222222222,120.0,
63954,no_voluntary_discards,0.9118055555555555,0.0,1.0666666666666667,120.0,
63955,no_voluntary_discards,0.26493055555555556,0.0,0.17222222222222222,120.0,
62661,no_voluntary_discards,0.0,0.0,0.0,200.0,
63956,no_voluntary_discards,0.79375,0.0,0.7166666666666667,150.0,
63957,no_voluntary_discards,0.940625,0.0,0.8888888888888888,130.0,
62673,no_voluntary_discards,0.0,0.0,0.00625,140.0,
63961,no_voluntary_discards,0.10069444444444445,0.0,0.2833333333333333,0.0,
62672,no_voluntary_discards,0.0,0.0,0.0,170.0,
63963,no_voluntary_discards,0.059722222222222225,0.0,0.24444444444444444,0.0,
63962,no_voluntary_discards,0.009722222222222222,0.0,0.06666666666666667,0.0,
63964,no_voluntary_discards,0.10069444444444445,0.0,0.2833333333333333,0.0,
63965,no_voluntary_discards,0.009722222222222222,0.0,0.06666666666666667,0.0,
63966,no_voluntary_discards,0.059722222222222225,0.0,0.24444444444444444,0.0,
63967,no_voluntary_discards,0.10069444444444445,0.0,0.2833333333333333,0.0,
63968,no_voluntary_discards,0.009722222222222222,0.0,0.06666666666666667,0.0,
63969,no_voluntary_discards,0.059722222222222225,0.0,0.24444444444444444,0.0,
63973,no_voluntary_discards,0.002777777777777778,0.0,0.1,0.0,
63974,no_voluntary_discards,0.0,0.0,0.044444444444444446,0.0,
63976,no_voluntary_discards,0.002777777777777778,0.0,0.1,0.0,
63975,no_voluntary_discards,0.0,0.0,0.07222222222222222,0.0,
63977,no_voluntary_discards,0.0,0.0,0.044444444444444446,0.0,
63978,no_voluntary_discards,0.0,0.0,0.07222222222222222,0.0,
63979,no_voluntary_discards,0.002777777777777778,0.0,0.1,0.0,
63980,no_voluntary_discards,0.0,0.0,0.044444444444444446,0.0,
64081,no_voluntary_discards,24120.95451388889,132.5,24030.041666666668,0.0,216
63981,no_voluntary_discards,0.0,0.0,0.07222222222222222,0.0,
64082,no_voluntary_discards,24280.309027777777,133.375,24393.955555555556,0.0,216
64083,no_voluntary_discards,24371.265625,133.875,24576.0,0.0,217
64084,no_voluntary_discards,0.109375,0.0,0.24166666666666667,150.0,
64085,no_voluntary_discards,0.29965277777777777,0.0,0.42777777777777776,150.0,
64086,no_voluntary_discards,0.17083333333333334,0.0,0.030555555555555555,150.0,
64087,no_voluntary_discards,0.04861111111111111,0.0,0.05,270.0,
64088,no_voluntary_discards,0.13020833333333334,0.0,0.13055555555555556,280.0,
64093,no_voluntary_discards,0.0,0.0,0.0,0.0,
64089,no_voluntary_discards,0.03159722222222222,0.0,0.06388888888888888,280.0,
64095,no_voluntary_discards,0.0,0.0,0.0,0.0,
64094,no_voluntary_discards,0.0,0.0,0.0,0.0,
62682,no_voluntary_discards,0.0,0.0,0.0,0.0,
64096,no_voluntary_discards,0.0,0.0,0.0,0.0,
64097,no_voluntary_discards,0.0,0.0,0.0,0.0,
64098,no_voluntary_discards,0.0,0.0,0.0,0.0,
64099,no_voluntary_discards,0.0,0.0,0.0,0.0,
64100,no_voluntary_discards,0.0,0.0,0.0,0.0,
64101,no_voluntary_discards,0.0,0.0,0.0,0.0,
64105,no_voluntary_discards,0.0,0.0,0.027777777777777776,0.0,
64106,no_voluntary_discards,0.0,0.0,0.027777777777777776,0.0,
64107,no_voluntary_discards,0.0,0.0,0.0,0.0,
64109,no_voluntary_discards,0.0,0.0,0.027777777777777776,0.0,
64108,no_voluntary_discards,0.0,0.0,0.027777777777777776,0.0,
64110,no_voluntary_discards,0.0,0.0,0.0,0.0,
64111,no_voluntary_discards,0.0,0.0,0.027777777777777776,0.0,
64112,no_voluntary_discards,0.0,0.0,0.027777777777777776,0.0,
64113,no_voluntary_discards,0.0,0.0,0.0,0.0,
64117,no_voluntary_discards,0.0,0.0,0.0,0.0,
64118,no_voluntary_discards,0.0,0.0,0.0,0.0,
64119,no_voluntary_discards,0.0,0.0,0.0,0.0,
64120,no_voluntary_discards,0.0,0.0,0.0,0.0,
64121,no_voluntary_discards,0.0,0.0,0.0,0.0,
64225,no_voluntary_discards,32517.71076388889,178.625,31493.68888888889,0.0,174
64122,no_voluntary_discards,0.0,0.0,0.0,0.0,
64226,no_voluntary_discards,32768.12013888889,180.0,33132.53055555555,0.0,171
64124,no_voluntary_discards,0.0,0.0,0.0,0.0,
64123,no_voluntary_discards,0.0,0.0,0.0,0.0,
64227,no_voluntary_discards,33541.84305555555,184.25,33678.24444444444,0.0,170
64125,no_voluntary_discards,0.0,0.0,0.0,0.0,
64229,no_voluntary_discards,2.403125,0.0,2.5694444444444446,130.0,
64228,no_voluntary_discards,1.7059027777777778,0.0,1.636111111111111,130.0,
64230,no_voluntary_discards,0.6975694444444445,0.0,0.45,130.0,
64231,no_voluntary_discards,1.6934027777777778,0.0,1.5472222222222223,130.0,
64232,no_voluntary_discards,2.407638888888889,0.0,2.4944444444444445,130.0,
64233,no_voluntary_discards,0.6614583333333334,0.0,0.6416666666666667,140.0,
64237,no_voluntary_discards,1251.8704861111112,6.875,1274.5388888888888,0.0,324
64239,no_voluntary_discards,1229.2847222222222,6.75,1092.5333333333333,0.0,328
64238,no_voluntary_discards,546.14375,3.0,546.2222222222222,0.0,335
64240,no_voluntary_discards,0.7826388888888889,0.0,1.1555555555555554,110.0,
64241,no_voluntary_discards,0.24305555555555555,0.0,0.2638888888888889,100.0,
64243,no_voluntary_discards,0.7826388888888889,0.0,1.1555555555555554,110.0,
64242,no_voluntary_discards,0.728125,0.0,0.5388888888888889,120.0,
64244,no_voluntary_discards,0.24305555555555555,0.0,0.2638888888888889,100.0,
64251,no_voluntary_discards,0.05277777777777778,0.0,0.0,0.0,
64249,no_voluntary_discards,0.04722222222222222,0.0,0.06111111111111111,0.0,
64245,no_voluntary_discards,0.728125,0.0,0.5388888888888889,120.0,
64250,no_voluntary_discards,0.07777777777777778,0.0,0.04722222222222222,0.0,
64253,no_voluntary_discards,0.07777777777777778,0.0,0.04722222222222222,0.0,
64252,no_voluntary_discards,0.04722222222222222,0.0,0.06111111111111111,0.0,
64254,no_voluntary_discards,0.05277777777777778,0.0,0.0,0.0,
64255,no_voluntary_discards,0.04722222222222222,0.0,0.06111111111111111,0.0,
64256,no_voluntary_discards,0.07777777777777778,0.0,0.04722222222222222,0.0,
64257,no_voluntary_discards,0.05277777777777778,0.0,0.0,0.0,
64261,no_voluntary_discards,0.008333333333333333,0.0,0.0,0.0,
64263,no_voluntary_discards,0.002777777777777778,0.0,0.0,0.0,
64262,no_voluntary_discards,0.002777777777777778,0.0,0.0,0.0,
64265,no_voluntary_discards,0.002777777777777778,0.0,0.0,0.0,
64264,no_voluntary_discards,0.008333333333333333,0.0,0.0,0.0,
64267,no_voluntary_discards,0.008333333333333333,0.0,0.0,0.0,
64266,no_voluntary_discards,0.002777777777777778,0.0,0.0,0.0,
64268,no_voluntary_discards,0.002777777777777778,0.0,0.0,0.0,
64369,no_voluntary_discards,24075.399652777778,132.25,23483.908333333333,0.0,216
64370,no_voluntary_discards,24507.82083333333,134.625,24576.0,0.0,216
64269,no_voluntary_discards,0.002777777777777778,0.0,0.0,0.0,
64371,no_voluntary_discards,24416.754861111112,134.125,24211.911111111112,0.0,216
64372,no_voluntary_discards,0.19270833333333334,0.0,0.15833333333333333,90.0,
64373,no_voluntary_discards,0.159375,0.0,0.24444444444444444,90.0,
64374,no_voluntary_discards,0.1326388888888889,0.0,0.06666666666666667,90.0,
64375,no_voluntary_discards,0.19270833333333334,0.0,0.15833333333333333,90.0,
64376,no_voluntary_discards,0.159375,0.0,0.24444444444444444,90.0,
64377,no_voluntary_discards,0.1326388888888889,0.0,0.06666666666666667,90.0,
64381,no_voluntary_discards,0.0,0.0,0.0,0.0,
62683,no_voluntary_discards,0.0,0.0,0.0,0.0,
64382,no_voluntary_discards,0.0,0.0,0.0,0.0,
64383,no_voluntary_discards,0.0,0.0,0.0,0.0,
64384,no_voluntary_discards,0.0,0.0,0.0,0.0,
64385,no_voluntary_discards,0.0,0.0,0.0,0.0,
62684,no_voluntary_discards,0.0,0.0,0.0,0.0,
64386,no_voluntary_discards,0.0,0.0,0.0,0.0,
64387,no_voluntary_discards,0.0,0.0,0.0,0.0,
64393,no_voluntary_discards,0.0,0.0,0.0,0.0,
64394,no_voluntary_discards,0.0,0.0,0.0,0.0,
64388,no_voluntary_discards,0.0,0.0,0.0,0.0,
64389,no_voluntary_discards,0.0,0.0,0.0,0.0,
64395,no_voluntary_discards,0.0,0.0,0.0,0.0,
64396,no_voluntary_discards,0.0,0.0,0.0,0.0,
64397,no_voluntary_discards,0.0,0.0,0.0,0.0,
64398,no_voluntary_discards,0.0,0.0,0.0,0.0,
64399,no_voluntary_discards,0.0,0.0,0.0,0.0,
64400,no_voluntary_discards,0.0,0.0,0.0,0.0,
64401,no_voluntary_discards,0.0,0.0,0.0,0.0,
64513,no_voluntary_discards,32608.73298611111,179.125,32222.041666666668,0.0,173
64405,no_voluntary_discards,0.0,0.0,0.0,0.0,
64406,no_voluntary_discards,0.0,0.0,0.0,0.0,
64514,no_voluntary_discards,32836.28854166667,180.375,33132.26388888889,0.0,172
64407,no_voluntary_discards,0.0,0.0,0.0,0.0,
64408,no_voluntary_discards,0.0,0.0,0.0,0.0,
64409,no_voluntary_discards,0.0,0.0,0.0,0.0,
64515,no_voluntary_discards,32790.86493055556,180.125,33132.08888888889,0.0,172
64410,no_voluntary_discards,0.0,0.0,0.0,0.0,
64411,no_voluntary_discards,0.0,0.0,0.0,0.0,
64412,no_voluntary_discards,0.0,0.0,0.0,0.0,
64413,no_voluntary_discards,0.0,0.0,0.0,0.0,
64516,no_voluntary_discards,2.4472222222222224,0.0,2.1222222222222222,120.0,
64525,submitted,1934.6972222222223,10.625,2367.05,0.0,328
64526,no_voluntary_discards,659.9475694444444,3.625,1274.3111111111111,0.0,337
64525,no_voluntary_discards,1934.6972222222223,10.625,2367.05,0.0,328
64527,no_voluntary_discards,682.7975694444444,3.75,910.6,0.0,335
64517,no_voluntary_discards,2.610763888888889,0.0,2.6222222222222222,120.0,
62685,no_voluntary_discards,0.0,0.0,0.0,0.0,
64518,no_voluntary_discards,2.388541666666667,0.0,3.013888888888889,120.0,
64519,no_voluntary_discards,1.4628472222222222,0.0,1.7722222222222221,130.0,
64520,no_voluntary_discards,2.194444444444444,0.0,2.1083333333333334,130.0,
64521,no_voluntary_discards,2.0701388888888888,0.0,2.452777777777778,130.0,
64528,no_voluntary_discards,0.8083333333333333,0.0,0.9194444444444444,110.0,
64529,no_voluntary_discards,0.33194444444444443,0.0,0.21388888888888888,100.0,
64530,no_voluntary_discards,0.5416666666666666,0.0,0.10555555555555556,90.0,
64538,no_voluntary_discards,0.020833333333333332,0.0,0.044444444444444446,0.0,
64537,no_voluntary_discards,0.06527777777777778,0.0,0.12222222222222222,0.0,
64531,no_voluntary_discards,0.8527777777777777,0.0,0.6555555555555556,130.0,
64539,no_voluntary_discards,0.07847222222222222,0.0,0.06111111111111111,0.0,
64532,no_voluntary_discards,0.33125,0.0,0.21388888888888888,110.0,
64533,no_voluntary_discards,0.5416666666666666,0.0,0.10555555555555556,90.0,
64540,no_voluntary_discards,0.06527777777777778,0.0,0.12222222222222222,0.0,
64542,no_voluntary_discards,0.07847222222222222,0.0,0.06111111111111111,0.0,
64541,no_voluntary_discards,0.020833333333333332,0.0,0.044444444444444446,0.0,
64543,no_voluntary_discards,0.06527777777777778,0.0,0.12222222222222222,0.0,
64544,no_voluntary_discards,0.020833333333333332,0.0,0.044444444444444446,0.0,
64549,no_voluntary_discards,0.015277777777777777,0.0,0.0,0.0,
64545,no_voluntary_discards,0.07847222222222222,0.0,0.06111111111111111,0.0,
64550,no_voluntary_discards,0.0,0.0,0.0,0.0,
64551,no_voluntary_discards,0.003472222222222222,0.0,0.0,0.0,
64552,no_voluntary_discards,0.015277777777777777,0.0,0.0,0.0,
64657,no_voluntary_discards,24530.48888888889,134.75,24212.26111111111,0.0,216
64659,no_voluntary_discards,24371.287500000002,133.875,24576.0,0.0,217
64553,no_voluntary_discards,0.0,0.0,0.0,0.0,
64658,no_voluntary_discards,24257.531597222223,133.25,24758.044444444444,0.0,215
64554,no_voluntary_discards,0.003472222222222222,0.0,0.0,0.0,
64556,no_voluntary_discards,0.0,0.0,0.0,0.0,
64555,no_voluntary_discards,0.015277777777777777,0.0,0.0,0.0,
64557,no_voluntary_discards,0.003472222222222222,0.0,0.0,0.0,
64660,no_voluntary_discards,0.07291666666666667,0.0,0.2,100.0,
64661,no_voluntary_discards,0.17222222222222222,0.0,0.18888888888888888,100.0,
64662,no_voluntary_discards,0.115625,0.0,0.1,100.0,
64663,no_voluntary_discards,0.07291666666666667,0.0,0.2,100.0,
64669,no_voluntary_discards,0.0,0.0,0.0,0.0,
64670,no_voluntary_discards,0.0,0.0,0.0,0.0,
64671,no_voluntary_discards,0.0,0.0,0.0,0.0,
64664,no_voluntary_discards,0.09340277777777778,0.0,0.18611111111111112,100.0,
64665,no_voluntary_discards,0.115625,0.0,0.1,100.0,
64672,no_voluntary_discards,0.0,0.0,0.0,0.0,
64673,no_voluntary_discards,0.0,0.0,0.0,0.0,
64674,no_voluntary_discards,0.0,0.0,0.0,0.0,
64675,no_voluntary_discards,0.0,0.0,0.0,0.0,
64681,no_voluntary_discards,0.0,0.0,0.0,0.0,
64683,no_voluntary_discards,0.0,0.0,0.0,0.0,
64682,no_voluntary_discards,0.0,0.0,0.0,0.0,
64676,no_voluntary_discards,0.0,0.0,0.0,0.0,
64677,no_voluntary_discards,0.0,0.0,0.0,0.0,
64685,no_voluntary_discards,0.0,0.0,0.0,0.0,
64684,no_voluntary_discards,0.0,0.0,0.0,0.0,
64687,no_voluntary_discards,0.0,0.0,0.0,0.0,
64686,no_voluntary_discards,0.0,0.0,0.0,0.0,
64693,no_voluntary_discards,0.0,0.0,0.0,0.0,
64694,no_voluntary_discards,0.0,0.0,0.0,0.0,
64688,no_voluntary_discards,0.0,0.0,0.0,0.0,
64695,no_voluntary_discards,0.0,0.0,0.0,0.0,
64689,no_voluntary_discards,0.0,0.0,0.0,0.0,
64696,no_voluntary_discards,0.0,0.0,0.0,0.0,
64697,no_voluntary_discards,0.0,0.0,0.0,0.0,
64698,no_voluntary_discards,0.0,0.0,0.0,0.0,
64699,no_voluntary_discards,0.0,0.0,0.0,0.0,
64700,no_voluntary_discards,0.0,0.0,0.0,0.0,
64701,no_voluntary_discards,0.0,0.0,0.0,0.0,
64801,no_voluntary_discards,32904.53333333333,180.75,32585.955555555556,0.0,173
64802,no_voluntary_discards,32199.66076388889,176.875,32223.655555555557,0.0,170
64803,no_voluntary_discards,32244.73159722222,177.125,32404.26388888889,0.0,174
64814,no_voluntary_discards,1115.2041666666667,6.125,1457.0805555555555,0.0,334
64813,no_voluntary_discards,1661.9961805555556,9.125,2186.9583333333335,0.0,319
64815,no_voluntary_discards,1593.2527777777777,8.75,910.6611111111112,0.0,330
64816,no_voluntary_discards,1.3565972222222222,0.0,1.55,110.0,
64807,no_voluntary_discards,1.9489583333333333,0.0,1.7083333333333333,230.0,
64806,no_voluntary_discards,2.629513888888889,0.0,2.8555555555555556,130.0,
64804,no_voluntary_discards,0.9979166666666667,0.0,0.6972222222222222,120.0,
64805,no_voluntary_discards,2.553125,0.0,2.3472222222222223,110.0,
64809,no_voluntary_discards,2.3256944444444443,0.0,2.738888888888889,230.0,
64808,no_voluntary_discards,1.9701388888888889,0.0,2.25,230.0,
64825,no_voluntary_discards,0.05,0.0,0.07777777777777778,0.0,
64826,no_voluntary_discards,0.0375,0.0,0.0,0.0,
64817,no_voluntary_discards,0.6541666666666667,0.0,0.6222222222222222,120.0,
64818,no_voluntary_discards,0.9284722222222223,0.0,0.05555555555555555,120.0,
64819,no_voluntary_discards,1.14375,0.0,1.4194444444444445,190.0,
64828,no_voluntary_discards,0.05,0.0,0.07777777777777778,0.0,
64827,no_voluntary_discards,0.058333333333333334,0.0,0.0,0.0,
64829,no_voluntary_discards,0.0375,0.0,0.0,0.0,
64831,no_voluntary_discards,0.2625,0.0,0.18888888888888888,80.0,
64830,no_voluntary_discards,0.058333333333333334,0.0,0.0,0.0,
64820,no_voluntary_discards,1.0534722222222221,0.0,1.2055555555555555,180.0,
64832,no_voluntary_discards,0.24340277777777777,0.0,0.38055555555555554,80.0,
64837,no_voluntary_discards,0.005555555555555556,0.0,0.022222222222222223,0.0,
64821,no_voluntary_discards,0.9211805555555556,0.0,1.5722222222222222,180.0,
64838,no_voluntary_discards,0.0,0.0,0.0,0.0,
64839,no_voluntary_discards,0.0,0.0,0.0,0.0,
64840,no_voluntary_discards,0.002777777777777778,0.0,0.0,0.0,
64833,no_voluntary_discards,0.23368055555555556,0.0,0.21666666666666667,80.0,
64841,no_voluntary_discards,0.0,0.0,0.0,0.0,
64842,no_voluntary_discards,0.0,0.0,0.0,0.0,
64843,no_voluntary_discards,0.002777777777777778,0.0,0.0,0.0,
64844,no_voluntary_discards,0.0,0.0,0.0,0.0,
64845,no_voluntary_discards,0.0,0.0,0.0,0.0,
64946,no_voluntary_discards,24780.909375,136.125,24940.088888888888,0.0,215
64945,no_voluntary_discards,24621.55486111111,135.25,24029.866666666665,0.0,216
64947,no_voluntary_discards,24303.020833333336,133.5,24940.088888888888,0.0,214
64957,no_voluntary_discards,0.0,0.0,0.0,0.0,
64958,no_voluntary_discards,0.0,0.0,0.0,0.0,
64959,no_voluntary_discards,0.0,0.0,0.0,0.0,
64960,no_voluntary_discards,0.0,0.0,0.0,40.0,
64948,no_voluntary_discards,0.08576388888888889,0.0,0.06111111111111111,90.0,
64949,no_voluntary_discards,0.06319444444444444,0.0,0.12777777777777777,90.0,
64950,no_voluntary_discards,0.2503472222222222,0.0,0.12777777777777777,90.0,
64951,no_voluntary_discards,0.08472222222222223,0.0,0.19166666666666668,220.0,
64952,no_voluntary_discards,0.19861111111111113,0.0,0.1111111111111111,220.0,
64953,no_voluntary_discards,0.22951388888888888,0.0,0.14166666666666666,220.0,
64969,no_voluntary_discards,0.0,0.0,0.0,0.0,
64970,no_voluntary_discards,0.0,0.0,0.0,0.0,
64971,no_voluntary_discards,0.0,0.0,0.0,0.0,
64961,no_voluntary_discards,0.0,0.0,0.0,40.0,
64962,no_voluntary_discards,0.0,0.0,0.0,30.0,
64964,no_voluntary_discards,0.05243055555555556,0.0,0.05,170.0,
64972,no_voluntary_discards,0.0,0.0,0.0,0.0,
64963,no_voluntary_discards,0.050347222222222224,0.0,0.0,170.0,
64981,no_voluntary_discards,0.0,0.0,0.0,0.0,
64965,no_voluntary_discards,0.050694444444444445,0.0,0.04722222222222222,170.0,
64973,no_voluntary_discards,0.0,0.0,0.0,0.0,
64974,no_voluntary_discards,0.0,0.0,0.0,0.0,
64975,no_voluntary_discards,0.0,0.0,0.0,70.0,
64976,no_voluntary_discards,0.0,0.0,0.0,70.0,
64977,no_voluntary_discards,0.0,0.0,0.0,70.0,
64982,no_voluntary_discards,0.0,0.0,0.0,0.0,
64983,no_voluntary_discards,0.0,0.0,0.0,0.0,
64984,no_voluntary_discards,0.0,0.0,0.0,0.0,
64985,no_voluntary_discards,0.0,0.0,0.0,0.0,
64986,no_voluntary_discards,0.0,0.0,0.0,0.0,
64988,no_voluntary_discards,0.0,0.0,0.0,0.0,
64987,no_voluntary_discards,0.0,0.0,0.0,0.0,
64989,no_voluntary_discards,0.0,0.0,0.0,0.0,
65089,no_voluntary_discards,32677.235416666666,179.5,32768.175,0.0,168
65090,no_voluntary_discards,32472.31840277778,178.375,32768.083333333336,0.0,173
65091,no_voluntary_discards,32404.549652777776,178.0,32768.57777777778,0.0,168
65101,no_voluntary_discards,1911.9003472222223,10.5,2367.0055555555555,0.0,324
65103,no_voluntary_discards,910.5611111111111,5.0,546.3944444444444,0.0,324
65102,no_voluntary_discards,1411.1288194444444,7.75,1820.6222222222223,0.0,326
65092,no_voluntary_discards,2.7465277777777777,0.0,3.0055555555555555,120.0,
65093,no_voluntary_discards,1.9517361111111111,0.0,2.8944444444444444,130.0,
65094,no_voluntary_discards,2.712152777777778,0.0,2.672222222222222,120.0,
65095,no_voluntary_discards,0.9715277777777778,0.0,0.625,130.0,
65097,no_voluntary_discards,1.9722222222222223,0.0,1.95,130.0,
65096,no_voluntary_discards,1.526388888888889,0.0,1.8805555555555555,130.0,
65104,no_voluntary_discards,0.8006944444444444,0.0,0.45555555555555555,110.0,
65105,no_voluntary_discards,0.40347222222222223,0.0,0.33611111111111114,110.0,
65106,no_voluntary_discards,0.4770833333333333,0.0,1.075,90.0,
65113,no_voluntary_discards,0.05451388888888889,0.0,0.022222222222222223,0.0,
65114,no_voluntary_discards,0.07222222222222222,0.0,0.08888888888888889,0.0,
65115,no_voluntary_discards,0.11631944444444445,0.0,0.19444444444444445,0.0,
65107,no_voluntary_discards,0.6861111111111111,0.0,1.2416666666666667,100.0,
65116,no_voluntary_discards,0.07569444444444444,0.0,0.07777777777777778,0.0,
65109,no_voluntary_discards,0.7836805555555556,0.0,0.9305555555555556,100.0,
65117,no_voluntary_discards,0.09305555555555556,0.0,0.24444444444444444,0.0,
65108,no_voluntary_discards,0.4625,0.0,0.55,120.0,
65118,no_voluntary_discards,0.07951388888888888,0.0,0.07222222222222222,0.0,
65125,no_voluntary_discards,0.0,0.0,0.0,0.0,
65119,no_voluntary_discards,0.07569444444444444,0.0,0.07777777777777778,0.0,
65120,no_voluntary_discards,0.065625,0.0,0.0,0.0,
65126,no_voluntary_discards,0.002777777777777778,0.0,0.0,0.0,
65121,no_voluntary_discards,0.07951388888888888,0.0,0.07222222222222222,0.0,
65127,no_voluntary_discards,0.002777777777777778,0.0,0.0,0.0,
65128,no_voluntary_discards,0.0,0.0,0.0,0.0,
65129,no_voluntary_discards,0.005555555555555556,0.0,0.0,0.0,
65130,no_voluntary_discards,0.0,0.0,0.0,0.0,
65131,no_voluntary_discards,0.002777777777777778,0.0,0.0,0.0,
65132,no_voluntary_discards,0.005555555555555556,0.0,0.0,0.0,
65133,no_voluntary_discards,0.0,0.0,0.0,0.0,
65233,no_voluntary_discards,24712.533333333333,135.75,24758.044444444444,0.0,215
65234,no_voluntary_discards,24303.064583333333,133.5,24758.044444444444,0.0,215
65235,no_voluntary_discards,24371.265625,133.875,24576.0,0.0,217
65245,no_voluntary_discards,0.0,0.0,0.0,0.0,
65246,no_voluntary_discards,0.0,0.0,0.0,0.0,
65247,no_voluntary_discards,0.0,0.0,0.0,0.0,
65236,no_voluntary_discards,0.38402777777777775,0.0,0.2833333333333333,100.0,
65237,no_voluntary_discards,0.16354166666666667,0.0,0.17222222222222222,100.0,
65238,no_voluntary_discards,0.3034722222222222,0.0,0.46111111111111114,100.0,
65239,no_voluntary_discards,0.13506944444444444,0.0,0.1111111111111111,100.0,
65240,no_voluntary_discards,0.13159722222222223,0.0,0.05555555555555555,100.0,
65241,no_voluntary_discards,0.11736111111111111,0.0,0.07777777777777778,100.0,
65248,no_voluntary_discards,0.0,0.0,0.0,0.0,
65250,no_voluntary_discards,0.0,0.0,0.0,0.0,
65257,no_voluntary_discards,0.0,0.0,0.0,0.0,
65249,no_voluntary_discards,0.0,0.0,0.0,0.0,
65258,no_voluntary_discards,0.0,0.0,0.0,0.0,
65259,no_voluntary_discards,0.0,0.0,0.0,0.0,
65251,no_voluntary_discards,0.0,0.0,0.0,0.0,
65252,no_voluntary_discards,0.0,0.0,0.0,0.0,
65253,no_voluntary_discards,0.0,0.0,0.0,0.0,
65261,no_voluntary_discards,0.0,0.0,0.0,0.0,
65260,no_voluntary_discards,0.0,0.0,0.0,0.0,
65262,no_voluntary_discards,0.0,0.0,0.0,0.0,
65269,no_voluntary_discards,0.0,0.0,0.0,0.0,
65270,no_voluntary_discards,0.0,0.0,0.0,0.0,
65271,no_voluntary_discards,0.0,0.0,0.0,0.0,
65377,no_voluntary_discards,32904.53333333333,180.75,32585.955555555556,0.0,173
65378,no_voluntary_discards,32199.66076388889,176.875,32223.655555555557,0.0,170
65379,no_voluntary_discards,32244.73159722222,177.125,32404.26388888889,0.0,174
65272,no_voluntary_discards,0.0,0.0,0.0,0.0,
65263,no_voluntary_discards,0.0,0.0,0.0,0.0,
65273,no_voluntary_discards,0.0,0.0,0.0,0.0,
65380,no_voluntary_discards,1.459375,0.0,1.3222222222222222,140.0,
65381,no_voluntary_discards,2.229513888888889,0.0,2.2944444444444443,140.0,
65274,no_voluntary_discards,0.0,0.0,0.0,0.0,
65382,no_voluntary_discards,1.2975694444444446,0.0,1.4527777777777777,150.0,
65264,no_voluntary_discards,0.0,0.0,0.0,0.0,
65265,no_voluntary_discards,0.0,0.0,0.0,0.0,
65383,no_voluntary_discards,1.459375,0.0,1.3222222222222222,140.0,
65384,no_voluntary_discards,2.229513888888889,0.0,2.2944444444444443,140.0,
65385,no_voluntary_discards,1.2975694444444446,0.0,1.4527777777777777,150.0,
65275,no_voluntary_discards,0.0,0.0,0.0,0.0,
65392,no_voluntary_discards,0.3680555555555556,0.0,0.34444444444444444,130.0,
65389,no_voluntary_discards,1935.0430555555556,10.625,1824.8222222222223,0.0,317
65390,no_voluntary_discards,705.5881944444444,3.875,912.9833333333333,0.0,334
65276,no_voluntary_discards,0.0,0.0,0.0,0.0,
65393,no_voluntary_discards,0.5857638888888889,0.0,0.46111111111111114,150.0,
65391,no_voluntary_discards,1092.6038194444445,6.0,1277.1305555555555,0.0,330
65394,no_voluntary_discards,0.4434027777777778,0.0,0.4527777777777778,130.0,
65395,no_voluntary_discards,0.3680555555555556,0.0,0.34444444444444444,130.0,
65396,no_voluntary_discards,0.5857638888888889,0.0,0.46111111111111114,150.0,
65277,no_voluntary_discards,0.0,0.0,0.0,0.0,
65397,no_voluntary_discards,0.4434027777777778,0.0,0.4527777777777778,130.0,
65401,no_voluntary_discards,0.035416666666666666,0.0,0.0,0.0,
65402,no_voluntary_discards,0.05416666666666667,0.0,0.09444444444444444,0.0,
65403,no_voluntary_discards,0.060069444444444446,0.0,0.07777777777777778,0.0,
65404,no_voluntary_discards,0.02847222222222222,0.0,0.0,0.0,
65405,no_voluntary_discards,0.06319444444444444,0.0,0.08333333333333333,0.0,
65408,no_voluntary_discards,0.06319444444444444,0.0,0.08333333333333333,0.0,
65407,no_voluntary_discards,0.02847222222222222,0.0,0.0,0.0,
65406,no_voluntary_discards,0.05277777777777778,0.0,0.0,0.0,
65409,no_voluntary_discards,0.05277777777777778,0.0,0.0,0.0,
65413,no_voluntary_discards,0.0,0.0,0.0,0.0,
65414,no_voluntary_discards,0.003472222222222222,0.0,0.0,0.0,
65415,no_voluntary_discards,0.00625,0.0,0.0,0.0,
65415,submitted,0.00625,0.0,0.0,0.0,
65416,no_voluntary_discards,0.0,0.0,0.0,0.0,
65417,no_voluntary_discards,0.003472222222222222,0.0,0.0,0.0,
65521,no_voluntary_discards,24621.55486111111,135.25,24029.866666666665,0.0,216
65418,no_voluntary_discards,0.00625,0.0,0.0,0.0,
65420,no_voluntary_discards,0.003472222222222222,0.0,0.0,0.0,
65419,no_voluntary_discards,0.0,0.0,0.0,0.0,
65421,no_voluntary_discards,0.00625,0.0,0.0,0.0,
65522,no_voluntary_discards,24780.909375,136.125,24940.088888888888,0.0,215
65523,no_voluntary_discards,24303.020833333336,133.5,24940.088888888888,0.0,214
65524,no_voluntary_discards,0.01597222222222222,0.0,0.027777777777777776,90.0,
65525,no_voluntary_discards,0.01423611111111111,0.0,0.022222222222222223,100.0,
65526,no_voluntary_discards,0.23715277777777777,0.0,0.12777777777777777,100.0,
65527,no_voluntary_discards,0.035416666666666666,0.0,0.0,100.0,
65528,no_voluntary_discards,0.009722222222222222,0.0,0.0,100.0,
65529,no_voluntary_discards,0.24340277777777777,0.0,0.2111111111111111,110.0,
65536,no_voluntary_discards,0.0,0.0,0.0,0.0,
65537,no_voluntary_discards,0.0,0.0,0.0,0.0,
65538,no_voluntary_discards,0.0,0.0,0.0,0.0,
65533,no_voluntary_discards,0.0,0.0,0.0,0.0,
65534,no_voluntary_discards,0.0,0.0,0.0,0.0,
65539,no_voluntary_discards,0.0,0.0,0.0,0.0,
65540,no_voluntary_discards,0.0,0.0,0.0,0.0,
65535,no_voluntary_discards,0.0,0.0,0.0,0.0,
65541,no_voluntary_discards,0.0,0.0,0.0,0.0,
65545,no_voluntary_discards,0.0,0.0,0.0,0.0,
65546,no_voluntary_discards,0.0,0.0,0.0,0.0,
65547,no_voluntary_discards,0.0,0.0,0.0,0.0,
65548,no_voluntary_discards,0.0,0.0,0.0,0.0,
65549,no_voluntary_discards,0.0,0.0,0.0,0.0,
65550,no_voluntary_discards,0.0,0.0,0.0,0.0,
65551,no_voluntary_discards,0.0,0.0,0.0,0.0,
65553,no_voluntary_discards,0.0,0.0,0.0,0.0,
65552,no_voluntary_discards,0.0,0.0,0.0,0.0,
65558,no_voluntary_discards,0.0,0.0,0.0,0.0,
65557,no_voluntary_discards,0.0,0.0,0.0,0.0,
65559,no_voluntary_discards,0.0,0.0,0.0,0.0,
65665,no_voluntary_discards,32904.53333333333,180.75,32585.955555555556,0.0,173
65666,no_voluntary_discards,32563.574305555558,178.875,33314.569444444445,0.0,170
65667,no_voluntary_discards,32495.130208333336,178.5,32404.08611111111,0.0,174
65560,no_voluntary_discards,0.0,0.0,0.0,0.0,
65561,no_voluntary_discards,0.0,0.0,0.0,0.0,
65562,no_voluntary_discards,0.0,0.0,0.0,0.0,
65563,no_voluntary_discards,0.0,0.0,0.0,0.0,
65564,no_voluntary_discards,0.0,0.0,0.0,0.0,
65565,no_voluntary_discards,0.0,0.0,0.0,0.0,
65677,no_voluntary_discards,1957.7888888888888,10.75,1821.0416666666667,0.0,321
65678,no_voluntary_discards,1433.7697916666666,7.875,1274.388888888889,0.0,333
65679,no_voluntary_discards,1411.3722222222223,7.75,1456.5833333333333,0.0,330
65681,no_voluntary_discards,0.47118055555555555,0.0,0.6,140.0,
65680,no_voluntary_discards,0.6628472222222223,0.0,0.21944444444444444,140.0,
65682,no_voluntary_discards,0.5,0.0,0.044444444444444446,140.0,
65685,no_voluntary_discards,0.9701388888888889,0.0,1.0361111111111112,260.0,
65684,no_voluntary_discards,0.40729166666666666,0.0,0.3388888888888889,220.0,
65689,no_voluntary_discards,0.05,0.0,0.07777777777777778,0.0,
65683,no_voluntary_discards,0.6965277777777777,0.0,0.8555555555555555,260.0,
65691,no_voluntary_discards,0.058333333333333334,0.0,0.0,0.0,
65690,no_voluntary_discards,0.0375,0.0,0.0,0.0,
65668,no_voluntary_discards,1.0725694444444445,0.0,1.3194444444444444,140.0,
65669,no_voluntary_discards,2.1381944444444443,0.0,2.1555555555555554,150.0,
65670,no_voluntary_discards,1.6097222222222223,0.0,1.7833333333333334,150.0,
65671,no_voluntary_discards,1.4871527777777778,0.0,1.2777777777777777,300.0,
65701,no_voluntary_discards,0.005555555555555556,0.0,0.022222222222222223,0.0,
65672,no_voluntary_discards,1.8694444444444445,0.0,1.6472222222222221,300.0,
65673,no_voluntary_discards,1.3777777777777778,0.0,1.6222222222222222,300.0,
65702,no_voluntary_discards,0.0,0.0,0.0,0.0,
65703,no_voluntary_discards,0.0,0.0,0.0,0.0,
65692,no_voluntary_discards,0.16145833333333334,0.0,0.2611111111111111,70.0,
65693,no_voluntary_discards,0.17569444444444446,0.0,0.08611111111111111,60.0,
65694,no_voluntary_discards,0.14548611111111112,0.0,0.05,70.0,
65704,no_voluntary_discards,0.005555555555555556,0.0,0.022222222222222223,0.0,
65705,no_voluntary_discards,0.0,0.0,0.0,0.0,
65695,no_voluntary_discards,0.3333333333333333,0.0,0.37222222222222223,140.0,
65706,no_voluntary_discards,0.0,0.0,0.0,0.0,
65696,no_voluntary_discards,0.4784722222222222,0.0,0.5305555555555556,150.0,
65697,no_voluntary_discards,0.5354166666666667,0.0,0.25,140.0,
65707,no_voluntary_discards,0.005555555555555556,0.0,0.022222222222222223,0.0,
65709,no_voluntary_discards,0.0,0.0,0.0,0.0,
65708,no_voluntary_discards,0.0,0.0,0.0,0.0,
65809,no_voluntary_discards,24621.55486111111,135.25,24029.866666666665,0.0,216
65810,no_voluntary_discards,24780.909375,136.125,24940.088888888888,0.0,215
65811,no_voluntary_discards,24303.020833333336,133.5,24940.088888888888,0.0,214
65821,no_voluntary_discards,0.0,0.0,0.0,0.0,
65823,no_voluntary_discards,0.0,0.0,0.0,0.0,
65822,no_voluntary_discards,0.0,0.0,0.0,0.0,
65824,no_voluntary_discards,0.0,0.0,0.0,0.0,
65825,no_voluntary_discards,0.0,0.0,0.0,0.0,
65826,no_voluntary_discards,0.0,0.0,0.0,0.0,
65833,no_voluntary_discards,0.0,0.0,0.0,0.0,
65828,no_voluntary_discards,0.0,0.0,0.0,0.0,
65834,no_voluntary_discards,0.0,0.0,0.0,0.0,
65827,no_voluntary_discards,0.0,0.0,0.0,0.0,
65829,no_voluntary_discards,0.0,0.0,0.0,0.0,
65835,no_voluntary_discards,0.0,0.0,0.0,0.0,
65814,no_voluntary_discards,0.33229166666666665,0.0,0.1638888888888889,150.0,
65812,no_voluntary_discards,0.24340277777777777,0.0,0.20833333333333334,150.0,350
65813,no_voluntary_discards,0.17048611111111112,0.0,0.06944444444444445,150.0,
65817,no_voluntary_discards,0.07604166666666666,0.0,0.05,300.0,
65815,no_voluntary_discards,0.11909722222222222,0.0,0.041666666666666664,300.0,
65846,no_voluntary_discards,0.0,0.0,0.0,0.0,
65845,no_voluntary_discards,0.0,0.0,0.0,0.0,
65816,no_voluntary_discards,0.1076388888888889,0.0,0.075,300.0,
65847,no_voluntary_discards,0.0,0.0,0.0,0.0,
65836,no_voluntary_discards,0.0,0.0,0.0,0.0,
65838,no_voluntary_discards,0.0,0.0,0.0,0.0,
65837,no_voluntary_discards,0.0,0.0,0.0,0.0,
65953,no_voluntary_discards,32972.865625,181.125,32768.175,0.0,172
65839,no_voluntary_discards,0.0,0.0,0.0,180.0,
65954,no_voluntary_discards,32950.08819444444,181.0,32950.21944444445,0.0,173
65840,no_voluntary_discards,0.00625,0.0,0.0,180.0,
65955,no_voluntary_discards,32494.998958333334,178.5,32586.130555555555,0.0,174
65956,no_voluntary_discards,1.145138888888889,0.0,1.4277777777777778,140.0,
65957,no_voluntary_discards,1.6538194444444445,0.0,1.1972222222222222,130.0,
65848,no_voluntary_discards,0.0,0.0,0.0,0.0,
65958,no_voluntary_discards,1.4052083333333334,0.0,1.1,130.0,
65959,no_voluntary_discards,3.5100694444444445,0.0,3.338888888888889,170.0,
65850,no_voluntary_discards,0.0,0.0,0.0,0.0,
65849,no_voluntary_discards,0.0,0.0,0.0,0.0,
65851,no_voluntary_discards,0.0,0.0,0.0,0.0,
65960,no_voluntary_discards,3.585763888888889,0.0,3.263888888888889,170.0,
65961,no_voluntary_discards,3.5215277777777776,0.0,3.3833333333333333,160.0,
65965,no_voluntary_discards,1570.6194444444445,8.625,1820.9833333333333,0.0,328
65966,no_voluntary_discards,1001.4763888888889,5.5,910.8027777777778,0.0,332
65967,no_voluntary_discards,2048.9704861111113,11.25,1457.5583333333334,0.0,312
65968,no_voluntary_discards,0.8829861111111111,0.0,0.6805555555555556,130.0,
65852,no_voluntary_discards,0.0,0.0,0.0,0.0,
65969,no_voluntary_discards,0.5722222222222222,0.0,0.5027777777777778,110.0,
65853,no_voluntary_discards,0.0,0.0,0.0,0.0,
65841,no_voluntary_discards,0.006944444444444444,0.0,0.0,180.0,
65970,no_voluntary_discards,1.4045138888888888,0.0,2.013888888888889,120.0,
65971,no_voluntary_discards,0.8829861111111111,0.0,0.6805555555555556,130.0,
65977,no_voluntary_discards,0.034722222222222224,0.0,0.0,0.0,
65973,no_voluntary_discards,1.4045138888888888,0.0,2.013888888888889,120.0,
65972,no_voluntary_discards,0.5722222222222222,0.0,0.5027777777777778,110.0,
65978,no_voluntary_discards,0.02638888888888889,0.0,0.022222222222222223,0.0,
65979,no_voluntary_discards,0.15416666666666667,0.0,0.16666666666666666,0.0,
65980,no_voluntary_discards,0.034722222222222224,0.0,0.0,0.0,
65981,no_voluntary_discards,0.02638888888888889,0.0,0.022222222222222223,0.0,
65982,no_voluntary_discards,0.15416666666666667,0.0,0.16666666666666666,0.0,
65983,no_voluntary_discards,0.034722222222222224,0.0,0.0,0.0,
65984,no_voluntary_discards,0.02638888888888889,0.0,0.022222222222222223,0.0,
65989,no_voluntary_discards,0.002777777777777778,0.0,0.0,0.0,
65985,no_voluntary_discards,0.15416666666666667,0.0,0.16666666666666666,0.0,
65990,no_voluntary_discards,0.003472222222222222,0.0,0.0,0.0,
65991,no_voluntary_discards,0.005555555555555556,0.0,0.022222222222222223,0.0,
65992,no_voluntary_discards,0.002777777777777778,0.0,0.0,0.0,
65993,no_voluntary_discards,0.003472222222222222,0.0,0.0,0.0,
65994,no_voluntary_discards,0.005555555555555556,0.0,0.022222222222222223,0.0,
65995,no_voluntary_discards,0.002777777777777778,0.0,0.0,0.0,
65996,no_voluntary_discards,0.003472222222222222,0.0,0.0,0.0,
65997,no_voluntary_discards,0.005555555555555556,0.0,0.022222222222222223,0.0,
66097,no_voluntary_discards,24166.421875,132.75,24030.041666666668,0.0,216
66098,no_voluntary_discards,24485.043402777777,134.5,24940.088888888888,0.0,215
66099,no_voluntary_discards,24394.021180555555,134.0,24030.041666666668,0.0,217
66100,no_voluntary_discards,0.06527777777777778,0.0,0.03888888888888889,100.0,
66102,no_voluntary_discards,0.10763888888888888,0.0,0.24166666666666667,100.0,
66101,no_voluntary_discards,0.011805555555555555,0.0,0.030555555555555555,100.0,
66103,no_voluntary_discards,0.43819444444444444,0.0,0.38333333333333336,150.0,
66104,no_voluntary_discards,0.23819444444444446,0.0,0.14444444444444443,130.0,
66109,no_voluntary_discards,0.0,0.0,0.0,0.0,
66105,no_voluntary_discards,0.671875,0.0,0.5166666666666667,170.0,
66110,no_voluntary_discards,0.0,0.0,0.0,0.0,
66112,no_voluntary_discards,0.0,0.0,0.0,0.0,
66111,no_voluntary_discards,0.0,0.0,0.0,0.0,
66113,no_voluntary_discards,0.0,0.0,0.0,0.0,
66115,no_voluntary_discards,0.0,0.0,0.0,0.0,
66114,no_voluntary_discards,0.0,0.0,0.0,0.0,
66116,no_voluntary_discards,0.0,0.0,0.0,0.0,
66117,no_voluntary_discards,0.0,0.0,0.0,0.0,
66121,no_voluntary_discards,0.0,0.0,0.0,0.0,
66122,no_voluntary_discards,0.0,0.0,0.0,0.0,
66123,no_voluntary_discards,0.0,0.0,0.0,0.0,
66124,no_voluntary_discards,0.0,0.0,0.0,0.0,
66125,no_voluntary_discards,0.0,0.0,0.0,0.0,
66126,no_voluntary_discards,0.0,0.0,0.0,0.0,
66127,no_voluntary_discards,0.0,0.0,0.0,0.0,
66128,no_voluntary_discards,0.0,0.0,0.0,0.0,
66129,no_voluntary_discards,0.0,0.0,0.0,0.0,
66133,no_voluntary_discards,0.0,0.0,0.0,0.0,
66134,no_voluntary_discards,0.0,0.0,0.0,0.0,
66135,no_voluntary_discards,0.0,0.0,0.0,0.0,
66136,no_voluntary_discards,0.0,0.0,0.0,0.0,
66137,no_voluntary_discards,0.0,0.0,0.0,0.0,
66138,no_voluntary_discards,0.0,0.0,0.0,0.0,
66139,no_voluntary_discards,0.0,0.0,0.0,0.0,
66140,no_voluntary_discards,0.0,0.0,0.0,0.0,
66141,no_voluntary_discards,0.0,0.0,0.0,0.0,
64540,submitted,0.44375,0.0,0.5638888888888889,110.0,
67395,no_voluntary_discards,32404.30277777778,178.0,33359.9625,0.0,143
67393,no_voluntary_discards,32768.0,180.0,32836.38784722222,0.0,148
67394,no_voluntary_discards,32404.102777777778,178.0,32677.088194444445,0.0,147
67405,no_voluntary_discards,1820.5222222222221,10.0,1593.1072916666667,0.0,280
67406,no_voluntary_discards,2002.9277777777777,11.0,1502.0836805555555,0.0,281
64986,submitted,0.0,0.0,0.0,140.0,
67396,no_voluntary_discards,0.8055555555555556,0.0,0.7871527777777778,130.0,
67397,no_voluntary_discards,0.35,0.0,0.22465277777777778,120.0,
67400,no_voluntary_discards,0.07222222222222222,0.0,0.058333333333333334,110.0,
67399,no_voluntary_discards,0.0,0.0,0.0,120.0,
67401,no_voluntary_discards,0.5611111111111111,0.0,0.48680555555555555,110.0,
67398,no_voluntary_discards,1.0944444444444446,0.0,1.05625,120.0,
65969,submitted,2.0572916666666665,0.0,1.9055555555555554,150.0,342
67407,no_voluntary_discards,2731.525,15.0,2390.671875,0.0,276
67409,no_voluntary_discards,0.3472222222222222,0.0,0.21458333333333332,70.0,
67408,no_voluntary_discards,1.6194444444444445,0.0,1.3413194444444445,100.0,
67418,no_voluntary_discards,0.0,0.0,0.002777777777777778,0.0,
67417,no_voluntary_discards,0.06111111111111111,0.0,0.049305555555555554,0.0,
67419,no_voluntary_discards,0.022222222222222223,0.0,0.03784722222222222,0.0,
67410,no_voluntary_discards,0.2611111111111111,0.0,0.30694444444444446,70.0,
67411,no_voluntary_discards,0.0,0.0,0.08020833333333333,70.0,
67420,no_voluntary_discards,0.1,0.0,0.10034722222222223,0.0,
67421,no_voluntary_discards,0.027777777777777776,0.0,0.012152777777777778,0.0,
67422,no_voluntary_discards,0.075,0.0,0.07048611111111111,0.0,
67429,no_voluntary_discards,0.022222222222222223,0.0,0.00625,0.0,
67430,no_voluntary_discards,0.0,0.0,0.0,0.0,
67431,no_voluntary_discards,0.0,0.0,0.005555555555555556,0.0,
67432,no_voluntary_discards,0.0,0.0,0.0,0.0,
67423,no_voluntary_discards,0.03888888888888889,0.0,0.06215277777777778,0.0,
67433,no_voluntary_discards,0.022222222222222223,0.0,0.002777777777777778,0.0,
67434,no_voluntary_discards,0.0,0.0,0.0076388888888888895,0.0,
67435,no_voluntary_discards,0.0,0.0,0.0,0.0,
67436,no_voluntary_discards,0.0,0.0,0.005208333333333334,0.0,
67412,no_voluntary_discards,0.17222222222222222,0.0,0.1388888888888889,70.0,
67424,no_voluntary_discards,0.044444444444444446,0.0,0.049305555555555554,0.0,
67413,no_voluntary_discards,0.20555555555555555,0.0,0.22881944444444444,70.0,
67425,no_voluntary_discards,0.0,0.0,0.02361111111111111,0.0,
67437,no_voluntary_discards,0.0,0.0,0.0,0.0,
67537,no_voluntary_discards,23665.958333333332,130.0,24758.126041666666,0.0,172
67538,no_voluntary_discards,23847.82222222222,131.0,24507.852083333335,0.0,171
67549,no_voluntary_discards,0.0,0.0,0.0,0.0,332
67550,no_voluntary_discards,0.0,0.0,0.0,0.0,336
67551,no_voluntary_discards,0.0,0.0,0.0,0.0,334
67539,no_voluntary_discards,23847.82222222222,131.0,24530.54236111111,0.0,173
67552,no_voluntary_discards,0.0,0.0,0.0,80.0,
67540,no_voluntary_discards,0.0,0.0,0.0,90.0,
67541,no_voluntary_discards,0.0,0.0,0.0,100.0,
67561,no_voluntary_discards,0.0,0.0,0.0,0.0,
67544,no_voluntary_discards,0.0,0.0,0.0,90.0,
67543,no_voluntary_discards,0.0,0.0,0.0,110.0,
67542,no_voluntary_discards,0.0,0.0,0.0,100.0,
67545,no_voluntary_discards,0.0,0.0,0.0,130.0,
67562,no_voluntary_discards,0.0,0.0,0.0,0.0,
67553,no_voluntary_discards,0.0,0.0,0.0,80.0,
67554,no_voluntary_discards,0.0,0.0,0.0,70.0,
67573,no_voluntary_discards,0.0,0.0,0.0,0.0,
67555,no_voluntary_discards,0.0,0.0,0.0,90.0,
67556,no_voluntary_discards,0.0,0.0,0.0,90.0,
67557,no_voluntary_discards,0.0,0.0,0.0,90.0,
67563,no_voluntary_discards,0.0,0.0,0.0,0.0,
67564,no_voluntary_discards,0.0,0.0,0.0,0.0,
67565,no_voluntary_discards,0.0,0.0,0.0,0.0,
67566,no_voluntary_discards,0.0,0.0,0.0,0.0,
67568,no_voluntary_discards,0.0,0.0,0.0,0.0,
67567,no_voluntary_discards,0.0,0.0,0.0,0.0,
69697,no_voluntary_discards,32585.955555555556,179.0,32586.33645833333,0.0,172
69698,no_voluntary_discards,31494.722222222223,173.0,32770.10590277778,0.0,165
69700,no_voluntary_discards,0.0,0.0,0.0,120.0,
67574,no_voluntary_discards,0.0,0.0,0.0,0.0,
65829,submitted,0.0,0.0,0.0,290.0,
67569,no_voluntary_discards,0.0,0.0,0.0,0.0,
69699,no_voluntary_discards,32039.82222222222,176.0,31994.515972222223,0.0,176
69701,no_voluntary_discards,0.0,0.0,0.0,120.0,
67575,no_voluntary_discards,0.0,0.0,0.0,0.0,
69702,no_voluntary_discards,0.08333333333333333,0.0,0.05347222222222223,120.0,
69703,no_voluntary_discards,0.0,0.0,0.0,120.0,
69705,no_voluntary_discards,0.08333333333333333,0.0,0.05347222222222223,120.0,
69704,no_voluntary_discards,0.0,0.0,0.0,120.0,
69712,no_voluntary_discards,0.0,0.0,0.003472222222222222,130.0,
69713,no_voluntary_discards,0.0,0.0,0.003472222222222222,100.0,
69714,no_voluntary_discards,0.0,0.0,0.002777777777777778,100.0,
69715,no_voluntary_discards,0.0,0.0,0.003472222222222222,130.0,
69716,no_voluntary_discards,0.0,0.0,0.003472222222222222,100.0,
69709,no_voluntary_discards,1456.9333333333334,8.0,1097.1229166666667,0.0,320
69710,no_voluntary_discards,728.4027777777778,4.0,913.0861111111111,0.0,329
69711,no_voluntary_discards,910.6333333333333,5.0,936.5236111111111,0.0,328
69721,no_voluntary_discards,0.0,0.0,0.010763888888888889,0.0,
69722,no_voluntary_discards,0.0,0.0,0.02013888888888889,0.0,
69717,no_voluntary_discards,0.0,0.0,0.002777777777777778,100.0,
69723,no_voluntary_discards,0.0,0.0,0.02291666666666667,0.0,
69723,submitted,0.0,0.0,0.02291666666666667,0.0,
69724,no_voluntary_discards,0.0,0.0,0.0,0.0,
69725,no_voluntary_discards,0.0,0.0,0.0,0.0,
69726,no_voluntary_discards,0.0,0.0,0.012152777777777776,0.0,
69733,no_voluntary_discards,0.0,0.0,0.0,0.0,
69734,no_voluntary_discards,0.0,0.0,0.0,0.0,
69728,no_voluntary_discards,0.0,0.0,0.0,0.0,
69727,no_voluntary_discards,0.0,0.0,0.0,0.0,
67576,no_voluntary_discards,0.0,0.0,0.0,0.0,
69729,no_voluntary_discards,0.0,0.0,0.012152777777777776,0.0,
67577,no_voluntary_discards,0.0,0.0,0.0,0.0,
67578,no_voluntary_discards,0.0,0.0,0.0,0.0,
69735,no_voluntary_discards,0.0,0.0,0.0,0.0,
67579,no_voluntary_discards,0.0,0.0,0.0,0.0,
67580,no_voluntary_discards,0.0,0.0,0.0,0.0,
69736,no_voluntary_discards,0.0,0.0,0.0,0.0,
69738,no_voluntary_discards,0.0,0.0,0.0,0.0,
69737,no_voluntary_discards,0.0,0.0,0.0,0.0,
69739,no_voluntary_discards,0.0,0.0,0.0,0.0,
69741,no_voluntary_discards,0.0,0.0,0.0,0.0,
69740,no_voluntary_discards,0.0,0.0,0.0,0.0,
69844,no_voluntary_discards,0.0,0.0,0.0,150.0,
69845,no_voluntary_discards,0.0,0.0,0.0,150.0,
69846,no_voluntary_discards,0.0,0.0,0.0,150.0,
69841,no_voluntary_discards,24758.044444444444,136.0,24712.647569444445,0.0,216
69842,no_voluntary_discards,24211.911111111112,133.0,24621.645486111112,0.0,216
69847,no_voluntary_discards,0.0,0.0,0.0,150.0,
69843,no_voluntary_discards,24394.130555555555,134.0,24462.29097222222,0.0,217
69848,no_voluntary_discards,0.0,0.0,0.0,150.0,
69849,no_voluntary_discards,0.0,0.0,0.0,150.0,
69856,no_voluntary_discards,0.0,0.0,0.0,90.0,
69858,no_voluntary_discards,0.0,0.0,0.0,90.0,
69857,no_voluntary_discards,0.0,0.0,0.0,90.0,
69865,no_voluntary_discards,0.0,0.0,0.0,0.0,
69859,no_voluntary_discards,0.0,0.0,0.0,90.0,
69866,no_voluntary_discards,0.0,0.0,0.0,0.0,
69860,no_voluntary_discards,0.0,0.0,0.0,90.0,
69861,no_voluntary_discards,0.0,0.0,0.0,90.0,
69867,no_voluntary_discards,0.0,0.0,0.0,0.0,
69868,no_voluntary_discards,0.0,0.0,0.0,0.0,
69869,no_voluntary_discards,0.0,0.0,0.0,0.0,
69871,no_voluntary_discards,0.0,0.0,0.0,0.0,
69870,no_voluntary_discards,0.0,0.0,0.0,0.0,
69877,no_voluntary_discards,0.0,0.0,0.0,0.0,
69878,no_voluntary_discards,0.0,0.0,0.0,0.0,
69872,no_voluntary_discards,0.0,0.0,0.0,0.0,
69873,no_voluntary_discards,0.0,0.0,0.0,0.0,
69854,no_voluntary_discards,0.0,0.0,0.0,0.0,
69853,no_voluntary_discards,0.0,0.0,0.0,0.0,
69879,no_voluntary_discards,0.0,0.0,0.0,0.0,
69855,no_voluntary_discards,0.0,0.0,0.0,0.0,
72001,no_voluntary_discards,32403.994444444445,178.0,32950.16180555555,0.0,173
72002,no_voluntary_discards,33132.58611111111,182.0,33110.254166666666,0.0,165
72003,no_voluntary_discards,32950.044444444444,181.0,32517.82013888889,0.0,173
69880,no_voluntary_discards,0.0,0.0,0.0,0.0,
72013,no_voluntary_discards,1639.4,9.0,1480.3354166666668,0.0,312
67581,no_voluntary_discards,0.0,0.0,0.0,0.0,
69881,no_voluntary_discards,0.0,0.0,0.0,0.0,
72014,no_voluntary_discards,2184.825,12.0,1775.4048611111111,0.0,326
69882,no_voluntary_discards,0.0,0.0,0.0,0.0,
69883,no_voluntary_discards,0.0,0.0,0.0,0.0,
69884,no_voluntary_discards,0.0,0.0,0.0,0.0,
69885,no_voluntary_discards,0.0,0.0,0.0,0.0,
72015,no_voluntary_discards,1456.9166666666667,8.0,1638.9305555555557,0.0,324
72025,no_voluntary_discards,0.05,0.0,0.035416666666666666,0.0,
72026,no_voluntary_discards,0.0,0.0,0.034027777777777775,0.0,
72027,no_voluntary_discards,0.08333333333333333,0.0,0.12013888888888889,0.0,
72028,no_voluntary_discards,0.05,0.0,0.04513888888888889,150.0,
72029,no_voluntary_discards,0.15,0.0,0.13229166666666667,150.0,
72016,no_voluntary_discards,0.4388888888888889,0.0,0.38784722222222223,150.0,
72017,no_voluntary_discards,0.11666666666666667,0.0,0.16041666666666665,150.0,347
72018,no_voluntary_discards,0.3,0.0,0.14027777777777778,150.0,
72037,no_voluntary_discards,0.0,0.0,0.002777777777777778,0.0,
72038,no_voluntary_discards,0.0,0.0,0.002777777777777778,0.0,
72020,no_voluntary_discards,0.14444444444444443,0.0,0.1125,300.0,353
72039,no_voluntary_discards,0.0,0.0,0.0,0.0,
72021,no_voluntary_discards,0.15,0.0,0.12083333333333333,300.0,356
72019,no_voluntary_discards,0.37777777777777777,0.0,0.2881944444444444,300.0,
72030,no_voluntary_discards,0.03888888888888889,0.0,0.1597222222222222,150.0,
72031,no_voluntary_discards,0.044444444444444446,0.0,0.08125,300.0,
72008,no_voluntary_discards,0.33055555555555555,0.0,0.15659722222222222,300.0,
72145,no_voluntary_discards,24758.044444444444,136.0,24712.620833333334,0.0,216
72146,no_voluntary_discards,23847.82222222222,131.0,24644.310416666667,0.0,216
72147,no_voluntary_discards,24393.955555555556,134.0,24393.977430555555,0.0,217
72040,no_voluntary_discards,0.0,0.0,0.004166666666666667,0.0,
72041,no_voluntary_discards,0.0,0.0,0.002777777777777778,0.0,
72042,no_voluntary_discards,0.0,0.0,0.002777777777777778,0.0,
72043,no_voluntary_discards,0.0,0.0,0.0,20.0,
72044,no_voluntary_discards,0.0,0.0,0.002777777777777778,0.0,
72006,no_voluntary_discards,182.06666666666666,1.0,68.46111111111111,150.0,349
72005,no_voluntary_discards,546.4166666666666,3.0,113.95694444444445,150.0,346
72157,no_voluntary_discards,0.0,0.0,0.0,0.0,
72045,no_voluntary_discards,0.0,0.0,0.002777777777777778,10.0,
72004,no_voluntary_discards,0.0,0.0,0.11944444444444444,150.0,351
72007,no_voluntary_discards,0.019444444444444445,0.0,0.11006944444444444,300.0,
72009,no_voluntary_discards,0.33055555555555555,0.0,0.2111111111111111,300.0,313
72158,no_voluntary_discards,0.0,0.0,0.0,0.0,
72159,no_voluntary_discards,0.0,0.0,0.0,0.0,
72032,no_voluntary_discards,0.022222222222222223,0.0,0.06388888888888888,300.0,
72033,no_voluntary_discards,0.07222222222222222,0.0,0.049305555555555554,300.0,
72169,no_voluntary_discards,0.0,0.0,0.0,0.0,
72170,no_voluntary_discards,0.0,0.0,0.0,0.0,
72171,no_voluntary_discards,0.0,0.0,0.0,0.0,
72172,no_voluntary_discards,0.0,0.0,0.0,20.0,
72161,no_voluntary_discards,0.0,0.0,0.0,120.0,
72162,no_voluntary_discards,0.0,0.0,0.0,0.0,
72160,no_voluntary_discards,0.0,0.0,0.0,0.0,
72163,no_voluntary_discards,0.0,0.0,0.0,0.0,
72164,no_voluntary_discards,0.0,0.0,0.0,290.0,
72181,no_voluntary_discards,0.0,0.0,0.0,0.0,
72182,no_voluntary_discards,0.0,0.0,0.0,0.0,
72183,no_voluntary_discards,0.0,0.0,0.0,0.0,
72165,no_voluntary_discards,0.0,0.0,0.0,0.0,
72173,no_voluntary_discards,0.0,0.0,0.0,0.0,
72184,no_voluntary_discards,0.0,0.0,0.0,0.0,
72185,no_voluntary_discards,0.0,0.0,0.0,0.0,
72148,no_voluntary_discards,0.0,0.0,0.0,140.0,
72149,no_voluntary_discards,0.0,0.0,0.0,100.0,
74305,no_voluntary_discards,32950.569444444445,181.0,32973.085069444445,0.0,171
74306,no_voluntary_discards,32950.21944444445,181.0,32631.532291666666,0.0,172
74307,no_voluntary_discards,32586.130555555555,179.0,32517.82013888889,0.0,174
72150,no_voluntary_discards,0.0,0.0,0.0,100.0,
74308,no_voluntary_discards,0.09444444444444444,0.0,0.3434027777777778,130.0,
74309,no_voluntary_discards,0.175,0.0,0.1545138888888889,140.0,
72174,no_voluntary_discards,0.0,0.0,0.0,0.0,
72186,no_voluntary_discards,0.0,0.0,0.0,0.0,
74310,no_voluntary_discards,0.6638888888888889,0.0,0.22013888888888888,140.0,
74311,no_voluntary_discards,0.0,0.0,0.2743055555555556,170.0,
74312,no_voluntary_discards,0.0,0.0,0.1482638888888889,170.0,
72175,no_voluntary_discards,0.0,0.0,0.009722222222222222,300.0,
74313,no_voluntary_discards,0.15,0.0,0.13020833333333331,170.0,
74317,no_voluntary_discards,1820.661111111111,10.0,1752.5041666666666,0.0,329
74318,no_voluntary_discards,1275.5722222222223,7.0,1957.6743055555555,0.0,323
72176,no_voluntary_discards,0.0,0.0,0.002777777777777778,250.0,
74319,no_voluntary_discards,1456.4722222222222,8.0,1297.2694444444444,0.0,331
74320,no_voluntary_discards,0.5388888888888889,0.0,0.14097222222222222,140.0,
74321,no_voluntary_discards,0.20555555555555555,0.0,0.5048611111111111,130.0,
74322,no_voluntary_discards,0.36666666666666664,0.0,0.2871527777777778,130.0,
74323,no_voluntary_discards,0.55,0.0,0.1284722222222222,140.0,
74324,no_voluntary_discards,0.12777777777777777,0.0,0.43506944444444445,130.0,
74325,no_voluntary_discards,0.4083333333333333,0.0,0.2604166666666667,150.0,
74330,no_voluntary_discards,0.07777777777777778,0.0,0.05381944444444445,0.0,
74329,no_voluntary_discards,0.12777777777777777,0.0,0.050694444444444445,0.0,
74332,no_voluntary_discards,0.12777777777777777,0.0,0.050694444444444445,0.0,
74331,no_voluntary_discards,0.0,0.0,0.01875,0.0,
74333,no_voluntary_discards,0.07777777777777778,0.0,0.05381944444444445,0.0,
74334,no_voluntary_discards,0.0,0.0,0.01875,0.0,
74335,no_voluntary_discards,0.12777777777777777,0.0,0.050694444444444445,0.0,
74336,no_voluntary_discards,0.07777777777777778,0.0,0.05381944444444445,0.0,
74337,no_voluntary_discards,0.0,0.0,0.01875,0.0,
74342,no_voluntary_discards,0.0,0.0,0.0,0.0,
74341,no_voluntary_discards,0.0,0.0,0.0,0.0,
72177,no_voluntary_discards,0.0,0.0,0.004861111111111111,260.0,
72152,no_voluntary_discards,0.0,0.0,0.0,210.0,
72151,no_voluntary_discards,0.0,0.0,0.0,200.0,
74343,no_voluntary_discards,0.0,0.0,0.0,0.0,
74449,no_voluntary_discards,24576.0,135.0,24257.487847222223,0.0,216
74344,no_voluntary_discards,0.0,0.0,0.0,0.0,
74345,no_voluntary_discards,0.0,0.0,0.0,0.0,
74346,no_voluntary_discards,0.0,0.0,0.0,0.0,
74348,no_voluntary_discards,0.0,0.0,0.0,0.0,
74347,no_voluntary_discards,0.0,0.0,0.0,0.0,
74450,no_voluntary_discards,23847.82222222222,131.0,24644.288541666665,0.0,216
74349,no_voluntary_discards,0.0,0.0,0.0,0.0,
74451,no_voluntary_discards,24576.0,135.0,24371.287500000002,0.0,216
72153,no_voluntary_discards,0.0,0.0,0.0,190.0,
74452,no_voluntary_discards,0.0,0.0,0.0,100.0,
74453,no_voluntary_discards,0.0,0.0,0.0,100.0,
74454,no_voluntary_discards,0.0,0.0,0.0,100.0,
74457,no_voluntary_discards,0.0,0.0,0.0,110.0,
74455,no_voluntary_discards,0.0,0.0,0.0,100.0,
74462,no_voluntary_discards,0.0,0.0,0.0,0.0,
74456,no_voluntary_discards,0.0,0.0,0.0,190.0,
74461,no_voluntary_discards,0.0,0.0,0.0,0.0,
74463,no_voluntary_discards,0.0,0.0,0.0,0.0,
72187,no_voluntary_discards,0.0,0.0,0.0,0.0,
74464,no_voluntary_discards,0.0,0.0,0.0,0.0,
74466,no_voluntary_discards,0.0,0.0,0.0,0.0,
74465,no_voluntary_discards,0.0,0.0,0.0,0.0,
74468,no_voluntary_discards,0.0,0.0,0.0,0.0,
74467,no_voluntary_discards,0.0,0.0,0.0,0.0,
74473,no_voluntary_discards,0.0,0.0,0.0,0.0,
74469,no_voluntary_discards,0.0,0.0,0.0,0.0,
74474,no_voluntary_discards,0.0,0.0,0.0,0.0,
74475,no_voluntary_discards,0.0,0.0,0.0,0.0,
74476,no_voluntary_discards,0.0,0.0,0.0,0.0,
74477,no_voluntary_discards,0.0,0.0,0.0,0.0,
74478,no_voluntary_discards,0.0,0.0,0.0,0.0,
72188,no_voluntary_discards,0.0,0.0,0.0,0.0,
74480,no_voluntary_discards,0.0,0.0,0.0,0.0,
74479,no_voluntary_discards,0.0,0.0,0.0,0.0,
74481,no_voluntary_discards,0.0,0.0,0.0,0.0,
74485,no_voluntary_discards,0.0,0.0,0.0,0.0,
74486,no_voluntary_discards,0.0,0.0,0.0,0.0,
74487,no_voluntary_discards,0.0,0.0,0.0,0.0,
74489,no_voluntary_discards,0.0,0.0,0.0,0.0,
74488,no_voluntary_discards,0.0,0.0,0.0,0.0,
3830,no_voluntary_discards,2.2217592592592594,0.0,,80.0,
3829,no_voluntary_discards,3.564351851851852,0.0,,80.0,
3831,no_voluntary_discards,2.6101851851851854,0.0,,80.0,
74490,no_voluntary_discards,0.0,0.0,0.0,0.0,
3833,no_voluntary_discards,2.2217592592592594,0.0,,80.0,
3832,no_voluntary_discards,3.564351851851852,0.0,,80.0,
3834,no_voluntary_discards,2.6101851851851854,0.0,,80.0,
3835,no_voluntary_discards,2.6486111111111112,0.0,,70.0,
3836,no_voluntary_discards,3.064814814814815,0.0,,70.0,
74491,no_voluntary_discards,0.0,0.0,0.0,0.0,
3837,no_voluntary_discards,3.7328703703703705,0.0,,70.0,
3838,no_voluntary_discards,2.6486111111111112,0.0,,70.0,
3839,no_voluntary_discards,3.064814814814815,0.0,,70.0,
3840,no_voluntary_discards,3.7328703703703705,0.0,,70.0,
74492,no_voluntary_discards,0.0,0.0,0.0,0.0,
3841,no_voluntary_discards,0.2962962962962963,0.0,,0.0,
3842,no_voluntary_discards,0.11157407407407408,0.0,,0.0,
74493,no_voluntary_discards,0.0,0.0,0.0,0.0,
3843,no_voluntary_discards,0.2916666666666667,0.0,,0.0,
3844,no_voluntary_discards,0.2962962962962963,0.0,,0.0,
3845,no_voluntary_discards,0.11157407407407408,0.0,,0.0,
3846,no_voluntary_discards,0.2916666666666667,0.0,,0.0,
3847,no_voluntary_discards,0.049074074074074076,0.0,,0.0,
3848,no_voluntary_discards,0.01111111111111111,0.0,,0.0,
3849,no_voluntary_discards,0.0,0.0,,0.0,
3851,no_voluntary_discards,0.01111111111111111,0.0,,0.0,
3850,no_voluntary_discards,0.049074074074074076,0.0,,0.0,
3852,no_voluntary_discards,0.0,0.0,,0.0,
3973,no_voluntary_discards,0.0625,0.0,,70.0,
3974,no_voluntary_discards,0.28935185185185186,0.0,,80.0,
3975,no_voluntary_discards,1.275462962962963,0.0,,70.0,
3976,no_voluntary_discards,0.0625,0.0,,70.0,
3977,no_voluntary_discards,0.28935185185185186,0.0,,80.0,
3978,no_voluntary_discards,1.275462962962963,0.0,,70.0,
3979,no_voluntary_discards,0.30694444444444446,0.0,,60.0,
3980,no_voluntary_discards,0.2796296296296297,0.0,,60.0,
3981,no_voluntary_discards,0.3162037037037037,0.0,,60.0,
3983,no_voluntary_discards,0.2796296296296297,0.0,,60.0,
3982,no_voluntary_discards,0.30694444444444446,0.0,,60.0,
3984,no_voluntary_discards,0.3162037037037037,0.0,,60.0,
72189,no_voluntary_discards,0.0,0.0,0.0,0.0,
3986,no_voluntary_discards,0.0,0.0,,0.0,
3985,no_voluntary_discards,0.0,0.0,,0.0,
3987,no_voluntary_discards,0.0,0.0,,0.0,
3988,no_voluntary_discards,0.0,0.0,,0.0,
3989,no_voluntary_discards,0.0,0.0,,0.0,
3990,no_voluntary_discards,0.0,0.0,,0.0,
3793,no_voluntary_discards,2.748611111111111,0.0,,50.0,
3794,no_voluntary_discards,1.742361111111111,0.0,,40.0,
3795,no_voluntary_discards,2.06875,0.0,,50.0,
3796,no_voluntary_discards,2.748611111111111,0.0,,50.0,
3991,no_voluntary_discards,0.0,0.0,,0.0,
3992,no_voluntary_discards,0.0,0.0,,0.0,
3797,no_voluntary_discards,1.742361111111111,0.0,,40.0,
3994,no_voluntary_discards,0.0,0.0,,0.0,
3993,no_voluntary_discards,0.0,0.0,,0.0,
3995,no_voluntary_discards,0.0,0.0,,0.0,
3798,no_voluntary_discards,2.06875,0.0,,50.0,
3996,no_voluntary_discards,0.0,0.0,,0.0,
3799,no_voluntary_discards,2.748611111111111,0.0,,50.0,
3801,no_voluntary_discards,2.06875,0.0,,50.0,
3800,no_voluntary_discards,1.742361111111111,0.0,,40.0,
3802,no_voluntary_discards,1.6701388888888888,0.0,,50.0,
3803,no_voluntary_discards,1.3888888888888888,0.0,,40.0,
3804,no_voluntary_discards,1.5958333333333332,0.0,,50.0,
3805,no_voluntary_discards,1.6701388888888888,0.0,,50.0,
3806,no_voluntary_discards,1.3888888888888888,0.0,,40.0,
3808,no_voluntary_discards,1.6701388888888888,0.0,,50.0,
3809,no_voluntary_discards,1.3888888888888888,0.0,,40.0,
3807,no_voluntary_discards,1.5958333333333332,0.0,,50.0,
3811,no_voluntary_discards,0.048611111111111105,0.0,,0.0,
3810,no_voluntary_discards,1.5958333333333332,0.0,,50.0,
3812,no_voluntary_discards,0.034027777777777775,0.0,,0.0,
3814,no_voluntary_discards,0.048611111111111105,0.0,,0.0,
3815,no_voluntary_discards,0.034027777777777775,0.0,,0.0,
3813,no_voluntary_discards,0.0375,0.0,,0.0,
3816,no_voluntary_discards,0.0375,0.0,,0.0,
3817,no_voluntary_discards,0.048611111111111105,0.0,,0.0,
3819,no_voluntary_discards,0.0375,0.0,,0.0,
3818,no_voluntary_discards,0.034027777777777775,0.0,,0.0,
3821,no_voluntary_discards,0.0,0.0,,0.0,
3822,no_voluntary_discards,0.0,0.0,,0.0,
3820,no_voluntary_discards,0.0,0.0,,0.0,
3823,no_voluntary_discards,0.0,0.0,,0.0,
3824,no_voluntary_discards,0.0,0.0,,0.0,
3825,no_voluntary_discards,0.0,0.0,,0.0,
3827,no_voluntary_discards,0.0,0.0,,0.0,
3826,no_voluntary_discards,0.0,0.0,,0.0,
3828,no_voluntary_discards,0.0,0.0,,0.0,
3937,no_voluntary_discards,0.09375,0.0,,40.0,
3938,no_voluntary_discards,0.0,0.0,,40.0,
3940,no_voluntary_discards,0.09375,0.0,,40.0,
3941,no_voluntary_discards,0.0,0.0,,40.0,
3939,no_voluntary_discards,0.8375,0.0,,50.0,
3943,no_voluntary_discards,0.09375,0.0,,40.0,
3944,no_voluntary_discards,0.0,0.0,,40.0,
3942,no_voluntary_discards,0.8375,0.0,,50.0,
3945,no_voluntary_discards,0.8375,0.0,,50.0,
3947,no_voluntary_discards,0.0,0.0,,0.0,
3946,no_voluntary_discards,0.0,0.0,,0.0,
3949,no_voluntary_discards,0.0,0.0,,0.0,
3948,no_voluntary_discards,0.0,0.0,,0.0,
3950,no_voluntary_discards,0.0,0.0,,0.0,
3953,no_voluntary_discards,0.0,0.0,,0.0,
3951,no_voluntary_discards,0.0,0.0,,0.0,
3952,no_voluntary_discards,0.0,0.0,,0.0,
3954,no_voluntary_discards,0.0,0.0,,0.0,
3956,no_voluntary_discards,0.0,0.0,,0.0,
3957,no_voluntary_discards,0.0,0.0,,0.0,
3955,no_voluntary_discards,0.0,0.0,,0.0,
3958,no_voluntary_discards,0.0,0.0,,0.0,
3960,no_voluntary_discards,0.0,0.0,,0.0,
3959,no_voluntary_discards,0.0,0.0,,0.0,
3961,no_voluntary_discards,0.0,0.0,,0.0,
3962,no_voluntary_discards,0.0,0.0,,0.0,
3963,no_voluntary_discards,0.0,0.0,,0.0,
3966,no_voluntary_discards,0.0,0.0,,0.0,
3964,no_voluntary_discards,0.0,0.0,,0.0,
3746,no_voluntary_discards,3644.331944444444,20.0,,0.0,316
3745,no_voluntary_discards,4553.522222222222,25.0,,0.0,301
3965,no_voluntary_discards,0.0,0.0,,0.0,
3967,no_voluntary_discards,0.0,0.0,,0.0,
3747,no_voluntary_discards,4918.3277777777785,27.0,,0.0,300
3969,no_voluntary_discards,0.0,0.0,,0.0,
3970,no_voluntary_discards,0.0,0.0,,0.0,
3968,no_voluntary_discards,0.0,0.0,,0.0,
3971,no_voluntary_discards,0.0,0.0,,0.0,
3748,no_voluntary_discards,1.3527777777777779,0.0,,20.0,
3752,no_voluntary_discards,0.8055555555555556,0.0,,20.0,
3749,no_voluntary_discards,0.8055555555555556,0.0,,20.0,
3750,no_voluntary_discards,1.9805555555555556,0.0,,20.0,
3751,no_voluntary_discards,1.3527777777777779,0.0,,20.0,
3753,no_voluntary_discards,1.9805555555555556,0.0,,20.0,
3757,no_voluntary_discards,0.011111111111111112,0.0,,0.0,
3972,no_voluntary_discards,0.0,0.0,,0.0,
3758,no_voluntary_discards,0.14444444444444443,0.0,,0.0,
3760,no_voluntary_discards,0.011111111111111112,0.0,,0.0,
3759,no_voluntary_discards,0.03888888888888889,0.0,,0.0,
3761,no_voluntary_discards,0.14444444444444443,0.0,,0.0,
3762,no_voluntary_discards,0.03888888888888889,0.0,,0.0,
3763,no_voluntary_discards,0.011111111111111112,0.0,,0.0,
3764,no_voluntary_discards,0.14444444444444443,0.0,,0.0,
3765,no_voluntary_discards,0.03888888888888889,0.0,,0.0,
3770,no_voluntary_discards,0.011111111111111112,0.0,,0.0,
3769,no_voluntary_discards,0.011111111111111112,0.0,,0.0,
3772,no_voluntary_discards,0.011111111111111112,0.0,,0.0,
3771,no_voluntary_discards,0.0,0.0,,0.0,
3773,no_voluntary_discards,0.011111111111111112,0.0,,0.0,
3774,no_voluntary_discards,0.0,0.0,,0.0,
3777,no_voluntary_discards,0.0,0.0,,0.0,
3775,no_voluntary_discards,0.011111111111111112,0.0,,0.0,
3776,no_voluntary_discards,0.011111111111111112,0.0,,0.0,
3781,no_voluntary_discards,0.0,0.0,,0.0,
3784,no_voluntary_discards,0.0,0.0,,0.0,
3782,no_voluntary_discards,0.0,0.0,,0.0,
3783,no_voluntary_discards,0.0,0.0,,0.0,
3785,no_voluntary_discards,0.0,0.0,,0.0,
3789,no_voluntary_discards,0.0,0.0,,0.0,
3788,no_voluntary_discards,0.0,0.0,,0.0,
3787,no_voluntary_discards,0.0,0.0,,0.0,
3786,no_voluntary_discards,0.0,0.0,,0.0,
3889,no_voluntary_discards,0.0,0.0,,0.0,
3890,no_voluntary_discards,0.0,0.0,,0.0,
3893,no_voluntary_discards,0.0,0.0,,0.0,
3892,no_voluntary_discards,0.0,0.0,,0.0,
3891,no_voluntary_discards,0.0,0.0,,0.0,
3894,no_voluntary_discards,0.0,0.0,,0.0,
3901,no_voluntary_discards,0.0,0.0,,0.0,
3896,no_voluntary_discards,0.0,0.0,,0.0,
3897,no_voluntary_discards,0.0,0.0,,0.0,
3895,no_voluntary_discards,0.0,0.0,,0.0,
3904,no_voluntary_discards,0.0,0.0,,0.0,
3902,no_voluntary_discards,0.0,0.0,,0.0,
3903,no_voluntary_discards,0.0,0.0,,0.0,
3905,no_voluntary_discards,0.0,0.0,,0.0,
3906,no_voluntary_discards,0.0,0.0,,0.0,
3908,no_voluntary_discards,0.0,0.0,,0.0,
3909,no_voluntary_discards,0.0,0.0,,0.0,
3907,no_voluntary_discards,0.0,0.0,,0.0,
3913,no_voluntary_discards,0.0,0.0,,0.0,
3916,no_voluntary_discards,0.0,0.0,,0.0,
3915,no_voluntary_discards,0.0,0.0,,0.0,
3914,no_voluntary_discards,0.0,0.0,,0.0,
3917,no_voluntary_discards,0.0,0.0,,0.0,
3918,no_voluntary_discards,0.0,0.0,,0.0,
3919,no_voluntary_discards,0.0,0.0,,0.0,
3920,no_voluntary_discards,0.0,0.0,,0.0,
3921,no_voluntary_discards,0.0,0.0,,0.0,
3926,no_voluntary_discards,0.0,0.0,,0.0,
3925,no_voluntary_discards,0.0,0.0,,0.0,
3927,no_voluntary_discards,0.0,0.0,,0.0,
3928,no_voluntary_discards,0.0,0.0,,0.0,
3929,no_voluntary_discards,0.0,0.0,,0.0,
3930,no_voluntary_discards,0.0,0.0,,0.0,
3931,no_voluntary_discards,0.0,0.0,,0.0,
3932,no_voluntary_discards,0.0,0.0,,0.0,
3933,no_voluntary_discards,0.0,0.0,,0.0,
72151,submitted,0.0,0.0,0.0,300.0,
